1,1,1532.13,444.34,28.51,79.19,1,1,1
1,2,1495.02,440.27,49.32,110.86,1,1,1
1,3,1431.46,474.16,102.81,191.01,1,1,1
1,6,966.53,461.02,44.49,127.12,1,1,1
1,7,980.51,460.59,34.75,106.36,1,1,1
1,8,931.11,458.67,21.78,54.67,1,1,1
1,9,946.88,451.73,14.55,55.20,1,1,1
1,10,1360.64,452.13,88.30,173.40,1,1,1
1,11,872.48,460.74,60.23,139.26,1,1,1
1,19,825.08,456.27,45.98,144.69,1,1,1
1,25,911.47,455.83,19.31,49.14,1,1,1
1,26,902.49,457.36,14.15,47.61,1,1,1
1,30,863.60,456.00,21.60,61.80,1,1,1
1,32,255.67,467.00,160.44,399.95,1,1,1
1,41,850.80,456.00,16.20,56.80,1,1,1
1,46,806.60,455.20,20.00,55.60,1,1,1
1,48,570.99,487.04,178.35,497.63,1,1,1
2,1,1540.98,444.39,26.34,81.46,1,1,1
2,2,1501.95,439.51,45.85,110.24,1,1,1
2,3,1431.71,473.17,113.17,188.78,1,1,1
2,6,971.35,459.46,47.03,128.65,1,1,1
2,7,984.86,460.00,35.68,102.16,1,1,1
2,8,936.90,458.29,22.46,54.01,1,1,1
2,9,950.70,451.25,14.21,55.43,1,1,1
2,10,1367.62,451.43,85.71,181.90,1,1,1
2,11,880.21,461.50,58.29,135.29,1,1,1
2,19,830.59,456.04,42.67,143.96,1,1,1
2,25,917.23,455.46,18.70,43.28,1,1,1
2,26,906.93,457.14,15.76,41.81,1,1,1
2,30,869.52,453.57,23.34,69.13,1,1,1
2,32,266.29,464.85,156.78,394.49,1,1,1
2,41,857.02,455.90,14.70,46.77,1,1,1
2,46,811.30,458.17,18.47,56.79,1,1,1
2,47,832.67,458.63,12.06,38.93,1,1,1
2,48,576.05,485.59,180.49,501.22,1,1,1
3,1,1549.33,443.96,24.50,78.19,1,1,1
3,2,1508.98,437.35,47.28,104.02,1,1,1
3,3,1439.91,470.40,110.76,190.13,1,1,1
3,6,977.56,458.27,45.28,129.53,1,1,1
3,7,993.31,459.45,32.66,112.79,1,1,1
3,8,940.64,458.29,25.67,53.48,1,1,1
3,9,953.36,451.68,15.77,54.70,1,1,1
3,10,1389.78,444.53,68.00,164.36,1,1,1
3,11,883.94,454.59,57.93,140.84,1,1,1
3,19,835.71,455.25,43.70,143.49,1,1,1
3,25,919.86,453.81,19.86,45.50,1,1,1
3,26,913.61,455.22,15.03,43.99,1,1,1
3,30,872.08,452.39,23.14,69.22,1,1,1
3,31,891.67,459.52,20.48,62.02,1,1,1
3,32,274.16,459.55,158.43,397.75,1,1,1
3,41,856.70,455.53,19.81,47.38,1,1,1
3,46,816.23,457.46,16.81,56.43,1,1,1
3,47,835.67,455.99,13.01,36.11,1,1,1
3,48,585.80,481.93,178.05,507.32,1,1,1
4,1,1555.70,442.95,25.84,84.23,1,1,1
4,2,1516.02,435.91,45.54,108.38,1,1,1
4,3,1448.57,469.52,110.48,189.52,1,1,1
4,6,981.82,457.39,44.89,130.68,1,1,1
4,7,998.93,457.65,31.29,98.65,1,1,1
4,8,946.34,457.56,23.90,53.66,1,1,1
4,9,960.04,450.10,13.77,54.49,1,1,1
4,10,1391.71,443.65,72.33,158.60,1,1,1
4,11,891.11,456.89,55.11,137.78,1,1,1
4,19,839.72,455.43,44.11,142.49,1,1,1
4,25,925.13,453.81,20.30,50.25,1,1,1
4,26,915.84,455.37,14.40,48.69,1,1,1
4,30,876.33,453.52,23.24,68.44,1,1,1
4,31,894.88,458.42,20.47,64.39,1,1,1
4,32,284.00,459.33,156.00,397.33,1,1,1
4,41,867.86,452.52,13.87,53.36,1,1,1
4,46,819.12,455.25,17.86,57.56,1,1,1
4,47,840.76,453.99,13.24,38.87,1,1,1
4,48,588.24,481.93,181.71,507.32,1,1,1
5,1,1560.86,441.28,27.22,83.49,1,1,1
5,2,1520.49,435.78,49.24,108.87,1,1,1
5,3,1458.82,468.63,107.19,190.85,1,1,1
5,6,985.50,456.11,47.33,131.68,1,1,1
5,7,1003.82,457.63,31.30,101.91,1,1,1
5,8,949.61,456.49,25.20,55.52,1,1,1
5,9,961.78,450.67,16.89,55.11,1,1,1
5,10,1393.22,435.59,75.47,163.40,1,1,1
5,11,894.33,455.47,56.28,138.87,1,1,1
5,19,845.68,455.43,43.73,143.18,1,1,1
5,25,929.22,453.39,19.83,49.39,1,1,1
5,26,920.03,455.10,15.84,47.91,1,1,1
5,30,879.81,453.37,22.12,70.19,1,1,1
5,31,899.04,460.82,16.59,62.74,1,1,1
5,32,294.56,455.89,154.93,395.66,1,1,1
5,41,870.74,456.36,14.38,46.12,1,1,1
5,46,822.67,457.22,19.07,55.22,1,1,1
5,47,841.50,453.75,17.00,48.08,1,1,1
5,48,594.34,477.05,184.15,514.63,1,1,1
6,1,1566.36,441.59,29.66,86.85,1,1,1
6,2,1526.61,435.47,49.54,112.23,1,1,1
6,3,1468.59,465.97,101.05,190.58,1,1,1
6,6,991.84,454.76,45.58,133.33,1,1,1
6,7,1004.42,455.78,34.67,107.39,1,1,1
6,8,955.08,454.01,22.46,57.75,1,1,1
6,9,963.42,450.34,17.79,55.70,1,1,1
6,11,897.06,452.35,56.47,142.35,1,1,1
6,19,849.61,454.81,45.45,141.82,1,1,1
6,25,931.17,452.60,21.43,49.13,1,1,1
6,26,920.73,454.27,15.66,48.58,1,1,1
6,30,884.00,451.65,20.35,69.39,1,1,1
6,31,903.32,459.04,18.82,61.25,1,1,1
6,32,303.19,453.19,153.19,389.36,1,1,1
6,41,872.91,456.36,16.42,52.67,1,1,1
6,46,826.10,455.89,18.50,55.74,1,1,1
6,47,847.34,455.20,13.94,41.66,1,1,1
6,48,600.44,478.27,182.93,518.29,1,1,1
7,1,1572.15,440.94,31.54,94.63,1,1,1
7,2,1531.88,434.90,48.66,114.43,1,1,1
7,3,1473.57,465.00,102.86,192.86,1,1,1
7,6,994.35,455.37,45.20,128.25,1,1,1
7,7,1007.25,456.04,35.75,102.90,1,1,1
7,8,958.06,454.19,22.58,56.77,1,1,1
7,9,968.81,449.24,16.21,53.82,1,1,1
7,11,901.29,451.61,58.71,143.87,1,1,1
7,19,853.14,454.61,53.87,140.96,1,1,1
7,25,931.59,453.16,26.36,50.11,1,1,1
7,30,887.10,452.18,22.62,69.44,1,1,1
7,31,906.94,459.13,20.83,62.70,1,1,1
7,32,305.67,448.94,156.20,395.12,1,1,1
7,41,878.24,455.38,18.02,55.82,1,1,1
7,46,830.77,457.36,19.34,54.95,1,1,1
7,47,852.75,458.02,12.75,40.88,1,1,1
7,48,606.54,478.27,187.79,521.73,1,1,1
8,1,1577.37,441.28,30.28,88.07,1,1,1
8,2,1535.17,434.25,48.01,102.75,1,1,1
8,3,1481.69,464.32,100.00,192.02,1,1,1
8,6,996.72,454.92,47.13,132.79,1,1,1
8,7,1012.39,455.77,33.65,111.74,1,1,1
8,8,957.49,455.87,25.91,55.47,1,1,1
8,9,970.85,447.77,15.79,56.28,1,1,1
8,11,903.23,451.61,56.77,142.58,1,1,1
8,19,855.08,452.94,50.27,140.64,1,1,1
8,25,934.18,452.42,23.09,48.04,1,1,1
8,30,891.69,451.96,19.63,66.74,1,1,1
8,31,907.16,455.89,19.86,65.59,1,1,1
8,32,311.46,451.04,157.65,394.49,1,1,1
8,41,880.52,453.76,18.78,59.15,1,1,1
8,46,831.69,456.57,17.61,55.40,1,1,1
8,47,853.29,457.04,16.20,44.37,1,1,1
8,48,606.54,477.05,187.80,525.61,1,1,1
9,1,1581.38,441.30,29.55,90.28,1,1,1
9,2,1536.70,434.25,48.62,107.03,1,1,1
9,3,1483.25,464.40,101.57,191.10,1,1,1
9,5,1243.98,452.36,25.13,91.62,1,1,1
9,6,1000.56,455.06,46.07,133.71,1,1,1
9,7,1015.62,456.64,30.85,100.16,1,1,1
9,8,961.24,457.36,25.58,55.04,1,1,1
9,9,969.23,450.61,18.62,51.01,1,1,1
9,11,906.09,451.30,55.38,142.84,1,1,1
9,19,856.04,455.70,47.99,139.93,1,1,1
9,25,936.55,453.30,22.84,59.64,1,1,1
9,30,891.48,452.87,21.22,65.22,1,1,1
9,31,907.48,461.57,18.26,56.70,1,1,1
9,32,315.04,451.88,160.15,395.49,1,1,1
9,41,880.68,454.77,16.38,44.99,1,1,1
9,46,833.50,458.19,17.11,53.30,1,1,1
9,47,855.01,456.97,13.20,41.81,1,1,1
9,48,611.41,479.49,187.80,531.71,1,1,1
10,1,1584.00,441.33,33.78,92.44,1,1,1
10,2,1541.61,433.89,44.63,107.72,1,1,1
10,3,1493.10,463.22,96.55,193.10,1,1,1
10,5,1246.55,450.00,31.61,104.02,1,1,1
10,6,1004.42,455.31,46.90,134.07,1,1,1
10,7,1016.77,456.71,33.84,104.27,1,1,1
10,8,962.44,456.10,25.85,53.17,1,1,1
10,9,971.59,450.42,17.27,52.65,1,1,1
10,11,907.65,455.29,57.65,138.82,1,1,1
10,19,857.56,453.87,47.60,141.70,1,1,1
10,25,940.55,453.15,20.59,59.03,1,1,1
10,30,891.78,451.24,19.31,69.98,1,1,1
10,31,909.18,460.61,23.14,60.99,1,1,1
10,32,318.60,451.12,161.63,397.67,1,1,1
10,46,835.27,458.91,18.00,52.91,1,1,1
10,47,858.00,456.36,12.18,39.64,1,1,1
10,48,616.29,480.71,189.02,534.15,1,1,1
11,1,1589.60,441.90,33.03,87.16,1,1,1
11,2,1545.18,434.52,46.19,111.42,1,1,1
11,3,1489.22,463.47,105.39,191.02,1,1,1
11,5,1250.00,447.65,30.59,111.18,1,1,1
11,6,1006.03,456.28,49.25,134.17,1,1,1
11,8,968.98,456.15,21.39,54.55,1,1,1
11,9,972.68,449.27,20.00,56.59,1,1,1
11,11,909.59,452.03,57.56,143.91,1,1,1
11,19,864.21,451.29,44.65,144.28,1,1,1
11,25,941.59,450.76,22.32,66.36,1,1,1
11,30,894.61,452.35,21.57,68.52,1,1,1
11,31,913.04,461.04,18.26,59.83,1,1,1
11,32,324.74,454.64,161.86,397.94,1,1,1
11,46,838.88,459.02,17.10,52.46,1,1,1
11,47,858.31,454.33,14.99,46.37,1,1,1
11,48,619.95,481.93,192.68,540.24,1,1,1
12,1,1593.17,442.93,34.63,94.15,1,1,1
12,2,1547.80,433.66,50.73,109.27,1,1,1
12,3,1504.51,462.41,92.48,193.23,1,1,1
12,5,1252.80,453.27,30.37,107.48,1,1,1
12,6,1010.71,457.94,47.22,131.35,1,1,1
12,8,969.50,456.03,21.28,56.03,1,1,1
12,9,975.84,450.76,16.82,56.88,1,1,1
12,11,913.17,453.17,55.61,142.44,1,1,1
12,19,867.28,455.05,46.18,141.28,1,1,1
12,25,944.92,452.54,21.32,55.84,1,1,1
12,30,899.21,452.23,16.10,61.65,1,1,1
12,31,914.14,459.82,18.85,53.80,1,1,1
12,32,333.71,453.93,160.67,403.37,1,1,1
12,46,839.02,459.70,18.55,54.16,1,1,1
12,47,861.41,452.67,13.65,56.72,1,1,1
12,48,624.83,481.93,192.68,545.12,1,1,1
13,1,1598.93,442.25,34.22,86.10,1,1,1
13,2,1552.40,434.32,45.02,107.75,1,1,1
13,3,1512.66,462.66,88.61,193.67,1,1,1
13,5,1256.14,457.02,35.00,97.41,1,1,1
13,6,1013.11,457.28,48.06,133.98,1,1,1
13,8,972.87,455.06,19.84,57.49,1,1,1
13,9,975.63,451.02,22.08,55.08,1,1,1
13,11,918.24,454.12,54.12,142.35,1,1,1
13,19,869.64,454.66,48.18,142.91,1,1,1
13,25,943.45,453.76,24.23,55.99,1,1,1
13,30,899.04,453.73,18.55,69.22,1,1,1
13,31,916.44,459.85,20.84,63.29,1,1,1
13,32,338.54,458.33,158.33,403.12,1,1,1
13,46,842.49,457.79,17.56,55.24,1,1,1
13,47,862.04,456.09,16.15,55.24,1,1,1
13,48,633.37,484.37,195.12,547.56,1,1,1
14,1,1600.37,440.96,39.11,90.77,1,1,1
14,2,1556.83,433.95,45.02,107.75,1,1,1
14,3,1522.96,462.76,83.16,193.37,1,1,1
14,5,1258.16,444.90,30.31,103.43,1,1,1
14,6,1017.11,458.55,48.03,134.21,1,1,1
14,8,973.76,457.45,21.28,54.61,1,1,1
14,9,976.44,450.67,20.44,57.78,1,1,1
14,11,916.59,456.59,58.54,140.98,1,1,1
14,19,874.16,456.04,41.61,142.62,1,1,1
14,25,946.19,454.06,23.60,57.61,1,1,1
14,30,897.74,453.39,23.48,71.13,1,1,1
14,31,920.17,456.52,20.35,63.83,1,1,1
14,32,345.74,459.57,158.51,401.06,1,1,1
14,46,843.50,460.17,15.82,53.39,1,1,1
14,47,866.10,455.08,15.25,56.49,1,1,1
14,48,636.70,486.80,195.12,551.22,1,1,1
15,1,1603.69,440.59,39.85,94.46,1,1,1
15,2,1559.41,436.16,45.76,105.17,1,1,1
15,3,1538.53,463.76,69.27,183.03,1,1,1
15,5,1262.39,453.21,27.52,89.91,1,1,1
15,6,1016.48,455.68,49.43,135.23,1,1,1
15,8,974.15,457.56,19.51,54.15,1,1,1
15,9,976.88,450.42,18.94,57.94,1,1,1
15,11,920.49,457.56,57.56,139.51,1,1,1
15,19,871.12,458.29,51.87,140.11,1,1,1
15,25,944.89,455.11,25.78,51.56,1,1,1
15,30,900.92,455.66,18.01,60.51,1,1,1
15,31,921.02,460.97,16.17,55.20,1,1,1
15,32,348.96,462.99,160.49,402.47,1,1,1
15,41,884.27,455.81,16.48,51.69,1,1,1
15,46,843.44,458.10,16.71,55.53,1,1,1
15,47,865.30,460.93,12.85,50.64,1,1,1
15,48,643.12,488.02,196.34,554.88,1,1,1
16,1,1608.10,441.70,39.68,92.31,1,1,1
16,2,1563.56,435.63,44.53,106.88,1,1,1
16,3,1544.72,463.98,68.32,181.99,1,1,1
16,5,1263.35,454.04,28.57,98.14,1,1,1
16,6,1021.18,457.76,46.60,132.84,1,1,1
16,8,974.47,453.19,21.28,60.28,1,1,1
16,9,977.16,450.00,21.07,60.41,1,1,1
16,11,923.08,459.92,50.08,137.06,1,1,1
16,19,880.75,458.82,44.08,142.62,1,1,1
16,25,946.31,456.71,22.82,55.70,1,1,1
16,30,903.00,457.97,19.86,60.74,1,1,1
16,31,922.74,461.01,18.05,55.05,1,1,1
16,32,358.26,464.35,155.65,397.39,1,1,1
16,41,882.44,455.81,18.41,52.97,1,1,1
16,46,843.63,454.39,17.00,58.07,1,1,1
16,47,864.02,457.79,17.28,54.67,1,1,1
16,48,651.66,486.80,193.90,559.76,1,1,1
17,1,1611.44,440.59,38.01,90.04,1,1,1
17,2,1565.31,434.69,47.60,105.90,1,1,1
17,3,1552.55,461.73,62.24,175.51,1,1,1
17,5,1264.71,453.53,30.00,87.65,1,1,1
17,6,1021.94,457.65,50.51,138.27,1,1,1
17,7,1026.02,457.14,38.27,104.08,1,1,1
17,8,974.47,460.28,21.99,53.90,1,1,1
17,9,976.76,450.46,22.94,57.19,1,1,1
17,11,922.94,455.88,55.29,141.18,1,1,1
17,19,880.75,455.61,44.92,141.71,1,1,1
17,25,948.66,454.36,22.48,57.72,1,1,1
17,30,902.69,455.70,19.30,66.30,1,1,1
17,31,923.10,458.70,17.72,60.76,1,1,1
17,32,360.47,461.58,158.14,397.67,1,1,1
17,41,885.71,457.36,16.04,58.46,1,1,1
17,46,842.15,452.56,20.50,59.50,1,1,1
17,47,865.12,449.92,16.69,60.99,1,1,1
17,48,652.88,485.59,201.22,564.63,1,1,1
18,1,1614.02,440.59,39.85,95.94,1,1,1
18,2,1565.68,433.58,47.97,107.01,1,1,1
18,3,1552.53,460.76,64.56,188.61,1,1,1
18,5,1266.73,453.65,33.06,88.23,1,1,1
18,6,1022.11,456.46,50.68,137.07,1,1,1
18,7,1031.29,456.12,34.01,100.34,1,1,1
18,8,975.48,460.65,21.29,52.90,1,1,1
18,9,976.04,450.42,23.68,55.99,1,1,1
18,11,925.10,453.04,57.09,144.53,1,1,1
18,19,882.55,457.05,45.97,140.60,1,1,1
18,25,948.99,454.03,23.83,58.05,1,1,1
18,30,905.57,453.74,15.30,53.74,1,1,1
18,31,922.26,456.35,15.48,51.13,1,1,1
18,32,370.93,461.58,153.49,393.02,1,1,1
18,41,884.00,454.91,20.73,52.91,1,1,1
18,46,843.64,454.55,19.82,56.18,1,1,1
18,47,865.64,448.55,16.00,62.55,1,1,1
18,48,660.20,481.93,200.00,569.51,1,1,1
19,1,1620.00,442.44,38.05,99.51,1,1,1
19,2,1566.34,433.17,55.12,126.83,1,1,1
19,3,1557.43,460.81,65.54,193.92,1,1,1
19,5,1268.22,453.27,32.71,88.32,1,1,1
19,6,1024.64,456.43,51.43,135.71,1,1,1
19,7,1033.57,455.36,32.86,100.00,1,1,1
19,8,977.30,457.45,20.57,55.32,1,1,1
19,9,977.98,449.85,22.02,55.05,1,1,1
19,11,928.75,452.91,54.13,141.28,1,1,1
19,19,882.94,452.94,48.82,141.76,1,1,1
19,25,952.65,455.99,21.89,59.14,1,1,1
19,31,923.14,455.07,16.83,51.05,1,1,1
19,32,376.04,456.25,154.28,396.01,1,1,1
19,41,887.35,453.50,18.09,61.87,1,1,1
19,46,844.16,453.11,20.62,59.14,1,1,1
19,47,866.34,448.44,17.70,62.84,1,1,1
19,48,667.10,477.42,202.85,576.46,1,1,1
20,1,1623.90,440.00,36.59,83.90,1,1,1
20,2,1565.85,433.17,53.17,128.78,1,1,1
20,3,1554.05,460.81,72.97,198.65,1,1,1
20,5,1270.56,452.34,32.71,90.19,1,1,1
20,6,1027.06,452.55,52.55,142.75,1,1,1
20,7,1036.47,454.51,30.83,88.72,1,1,1
20,8,976.44,454.67,22.22,56.00,1,1,1
20,9,977.66,448.22,22.34,54.31,1,1,1
20,11,927.56,451.11,56.00,140.44,1,1,1
20,19,885.37,451.71,48.29,143.41,1,1,1
20,25,952.94,453.15,21.64,51.26,1,1,1
20,31,928.48,457.91,20.41,69.30,1,1,1
20,32,381.06,453.11,153.09,401.23,1,1,1
20,41,885.95,447.81,23.54,59.26,1,1,1
20,46,843.41,453.05,22.51,58.36,1,1,1
20,47,867.52,448.39,13.83,61.09,1,1,1
20,48,674.83,475.83,203.66,580.49,1,1,1
21,1,1628.44,441.33,32.89,83.11,1,1,1
21,2,1572.44,429.78,48.00,114.22,1,1,1
21,3,1563.86,455.94,64.36,181.68,1,1,1
21,5,1272.14,453.25,33.44,90.09,1,1,1
21,6,1032.59,453.76,50.14,140.95,1,1,1
21,7,1037.77,454.49,32.51,92.57,1,1,1
21,8,980.49,455.12,21.46,56.10,1,1,1
21,9,978.27,447.91,22.84,61.84,1,1,1
21,11,929.87,449.33,55.37,143.29,1,1,1
21,19,888.77,450.80,46.52,141.71,1,1,1
21,25,955.35,451.68,19.27,62.69,1,1,1
21,31,928.15,457.35,18.91,60.50,1,1,1
21,32,386.29,449.19,155.65,394.35,1,1,1
21,41,884.32,450.79,24.04,55.80,1,1,1
21,46,847.27,455.82,19.09,56.18,1,1,1
21,47,866.91,446.00,15.09,61.64,1,1,1
21,48,680.93,472.17,207.32,585.37,1,1,1
22,1,1633.78,440.00,31.56,80.00,1,1,1
22,2,1576.89,435.56,50.22,108.44,1,1,1
22,3,1572.84,459.26,61.73,176.54,1,1,1
22,5,1275.27,452.65,32.51,92.93,1,1,1
22,6,1032.09,451.16,53.49,144.19,1,1,1
22,7,1037.18,453.85,32.69,95.19,1,1,1
22,8,977.30,452.48,26.24,60.28,1,1,1
22,9,977.18,447.99,23.83,60.74,1,1,1
22,11,931.00,447.97,56.09,144.65,1,1,1
22,19,892.89,449.33,42.22,142.67,1,1,1
22,25,956.84,451.58,19.81,52.48,1,1,1
22,31,928.96,456.65,23.26,58.86,1,1,1
22,32,392.54,445.52,153.73,388.06,1,1,1
22,41,885.02,451.75,23.79,55.24,1,1,1
22,46,850.23,456.28,15.58,52.04,1,1,1
22,47,868.23,446.90,15.58,61.42,1,1,1
22,48,688.24,468.51,208.54,591.46,1,1,1
23,1,1636.89,439.11,32.44,84.89,1,1,1
23,3,1574.75,468.81,62.38,165.35,1,1,1
23,5,1276.90,452.76,34.46,86.50,1,1,1
23,6,1035.06,451.52,54.55,141.56,1,1,1
23,7,1037.58,453.94,33.94,98.79,1,1,1
23,8,978.06,452.90,26.45,58.06,1,1,1
23,9,979.11,448.19,22.56,63.51,1,1,1
23,11,932.79,447.37,57.09,144.53,1,1,1
23,19,892.44,449.78,47.56,141.33,1,1,1
23,25,959.39,452.03,17.51,53.55,1,1,1
23,31,932.17,454.26,22.61,70.09,1,1,1
23,32,401.92,444.23,149.04,386.54,1,1,1
23,41,887.31,450.00,20.30,55.08,1,1,1
23,46,849.40,455.36,17.86,52.08,1,1,1
23,47,868.75,446.73,16.52,61.31,1,1,1
23,48,696.78,468.51,210.98,592.68,1,1,1
24,1,1639.56,440.00,36.00,79.56,1,1,1
24,3,1580.25,470.99,63.58,161.11,1,1,1
24,5,1279.86,451.94,33.22,85.51,1,1,1
24,6,1037.40,451.97,55.51,138.98,1,1,1
24,7,1040.06,454.13,35.17,99.69,1,1,1
24,8,977.42,452.90,28.39,59.35,1,1,1
24,9,977.86,447.60,26.20,64.94,1,1,1
24,11,937.64,446.86,53.87,144.28,1,1,1
24,15,1331.15,446.72,42.36,126.79,1,1,1
24,19,897.79,450.18,45.02,141.33,1,1,1
24,25,961.42,450.76,15.99,45.94,1,1,1
24,30,897.90,452.39,24.86,66.92,1,1,1
24,31,934.61,453.54,18.74,67.30,1,1,1
24,32,410.23,439.91,147.73,392.05,1,1,1
24,41,886.15,452.82,23.94,48.59,1,1,1
24,46,851.53,459.74,17.07,46.22,1,1,1
24,47,870.21,446.54,13.69,61.84,1,1,1
24,48,705.32,467.29,210.98,601.22,1,1,1
24,50,847.04,453.35,13.00,42.26,1,1,1
25,1,1638.06,441.94,43.23,92.90,1,1,1
25,3,1573.05,438.32,77.84,174.25,1,1,1
25,5,1283.23,452.26,33.88,93.79,1,1,1
25,6,1040.30,452.74,55.22,144.28,1,1,1
25,7,1041.81,455.40,39.02,105.57,1,1,1
25,8,985.43,452.63,21.46,58.30,1,1,1
25,9,980.00,448.00,21.57,62.96,1,1,1
25,11,938.75,446.86,56.83,144.28,1,1,1
25,15,1335.85,439.62,48.45,148.81,1,1,1
25,19,902.02,453.04,43.72,137.25,1,1,1
25,25,962.36,450.12,18.94,57.51,1,1,1
25,32,415.58,440.70,149.10,390.95,1,1,1
25,41,891.02,454.13,20.87,43.93,1,1,1
25,46,853.61,457.03,16.87,49.20,1,1,1
25,47,871.49,452.81,16.67,55.42,1,1,1
25,48,715.87,468.27,210.18,603.91,1,1,1
25,50,847.99,453.36,12.75,39.26,1,1,1
26,1,1645.78,439.11,41.33,99.56,1,1,1
26,3,1589.81,456.48,67.59,165.74,1,1,1
26,5,1285.79,451.25,32.72,79.72,1,1,1
26,6,1045.52,454.85,51.87,139.18,1,1,1
26,7,1044.19,453.49,37.47,101.03,1,1,1
26,8,983.41,453.17,25.85,56.10,1,1,1
26,9,981.78,447.37,21.46,60.32,1,1,1
26,11,941.46,447.32,45.85,143.90,1,1,1
26,15,1343.00,439.61,34.78,118.36,1,1,1
26,19,902.67,449.73,44.92,141.71,1,1,1
26,25,965.55,452.10,15.76,52.94,1,1,1
26,32,421.28,439.36,148.94,396.81,1,1,1
26,41,887.03,450.77,24.62,52.31,1,1,1
26,46,853.06,450.91,19.34,58.02,1,1,1
26,47,874.05,449.09,14.71,58.18,1,1,1
26,48,725.38,467.51,212.62,611.49,1,1,1
26,50,851.34,452.94,16.04,46.52,1,1,1
27,1,1653.33,437.33,32.89,94.22,1,1,1
27,5,1287.27,448.31,34.51,85.91,1,1,1
27,6,1041.98,451.15,61.83,143.51,1,1,1
27,7,1045.02,453.05,40.00,91.51,1,1,1
27,8,984.00,450.67,27.11,56.00,1,1,1
27,9,982.74,445.94,21.57,60.15,1,1,1
27,11,942.55,448.94,57.45,141.13,1,1,1
27,15,1340.43,429.08,47.48,151.16,1,1,1
27,19,905.57,445.61,46.66,143.86,1,1,1
27,25,967.80,452.09,14.01,47.91,1,1,1
27,32,427.27,439.39,150.78,395.73,1,1,1
27,41,891.99,448.43,21.96,52.10,1,1,1
27,46,854.61,454.26,18.61,50.26,1,1,1
27,47,873.30,444.24,16.17,61.57,1,1,1
27,48,730.23,466.67,217.77,612.33,1,1,1
27,50,849.45,448.34,12.18,36.16,1,1,1
28,1,1655.61,436.10,35.12,88.29,1,1,1
28,5,1289.30,445.57,35.47,82.87,1,1,1
28,6,1047.43,447.79,58.82,145.22,1,1,1
28,7,1049.58,448.45,35.77,105.63,1,1,1
28,8,987.70,447.06,25.13,57.22,1,1,1
28,9,983.22,440.94,16.78,48.66,1,1,1
28,11,947.56,448.89,54.22,138.67,1,1,1
28,15,1346.75,427.22,41.38,165.28,1,1,1
28,19,909.31,442.91,43.32,143.32,1,1,1
28,25,968.35,450.47,14.72,42.72,1,1,1
28,32,436.67,438.89,150.00,394.44,1,1,1
28,41,891.81,447.06,24.58,55.88,1,1,1
28,46,853.22,449.22,21.39,54.96,1,1,1
28,47,877.04,439.65,13.57,62.96,1,1,1
28,48,737.02,464.85,217.98,614.15,1,1,1
28,50,852.09,445.40,10.03,30.36,1,1,1
29,1,1658.67,428.44,37.78,106.22,1,1,1
29,5,1293.59,440.67,33.15,77.99,1,1,1
29,6,1051.28,449.23,57.44,139.49,1,1,1
29,7,1051.11,444.89,36.90,93.31,1,1,1
29,8,989.30,443.85,25.67,55.08,1,1,1
29,9,983.56,436.24,16.44,50.67,1,1,1
29,11,950.97,445.16,54.84,136.13,1,1,1
29,15,1346.75,418.83,51.95,172.08,1,1,1
29,19,906.95,438.50,49.73,143.32,1,1,1
29,25,970.21,444.57,14.09,48.96,1,1,1
29,32,442.80,436.90,153.23,393.58,1,1,1
29,41,893.69,439.81,22.57,62.14,1,1,1
29,46,858.25,442.23,20.39,57.28,1,1,1
29,47,878.40,434.71,15.05,63.59,1,1,1
29,48,746.78,462.41,216.22,616.59,1,1,1
29,50,853.48,439.55,13.37,40.67,1,1,1
30,5,1295.95,437.25,32.79,75.30,1,1,1
30,6,1051.55,438.51,58.39,142.86,1,1,1
30,7,1052.92,436.96,36.42,93.70,1,1,1
30,8,989.30,440.11,22.99,55.61,1,1,1
30,9,982.66,431.37,18.45,56.09,1,1,1
30,11,953.33,441.33,54.22,133.33,1,1,1
30,15,1346.70,415.38,58.24,170.88,1,1,1
30,19,910.16,436.90,47.59,143.85,1,1,1
30,32,446.39,436.08,155.67,395.88,1,1,1
30,41,893.32,437.28,26.99,54.50,1,1,1
30,46,856.27,442.06,20.43,56.39,1,1,1
30,47,879.03,432.43,14.17,54.56,1,1,1
30,48,752.88,459.98,224.12,619.02,1,1,1
30,50,854.32,436.21,10.58,33.15,1,1,1
31,5,1298.71,427.74,35.80,100.58,1,1,1
31,6,1054.01,434.22,60.96,147.06,1,1,1
31,7,1055.87,429.55,40.26,105.93,1,1,1
31,8,993.02,437.21,23.26,51.16,1,1,1
31,9,982.67,423.56,19.56,59.56,1,1,1
31,11,955.88,441.18,52.35,128.24,1,1,1
31,15,1350.62,403.75,53.75,175.00,1,1,1
31,19,920.86,430.48,41.71,142.78,1,1,1
31,20,998.66,423.49,13.42,50.00,1,1,1
31,32,460.00,433.33,147.78,393.33,1,1,1
31,41,896.31,427.52,25.17,58.39,1,1,1
31,46,859.64,436.29,20.81,68.53,1,1,1
31,47,878.43,427.16,17.77,59.14,1,1,1
31,48,765.07,452.66,219.93,626.34,1,1,1
31,50,856.46,429.89,11.81,39.48,1,1,1
32,5,1300.00,421.77,35.42,84.50,1,1,1
32,6,1065.31,427.04,52.55,146.94,1,1,1
32,7,1057.62,425.65,40.83,96.00,1,1,1
32,8,995.88,426.47,25.29,57.06,1,1,1
32,9,986.72,418.45,15.50,49.08,1,1,1
32,11,963.53,422.35,47.65,142.94,1,1,1
32,15,1354.94,395.06,50.74,174.44,1,1,1
32,19,917.11,420.86,47.59,141.18,1,1,1
32,20,1001.27,418.27,12.44,45.94,1,1,1
32,30,921.22,419.48,20.35,57.04,1,1,1
32,32,469.88,425.04,146.99,393.98,1,1,1
32,41,902.20,421.52,22.00,57.70,1,1,1
32,46,861.25,426.01,19.56,55.17,1,1,1
32,47,880.26,417.16,17.53,60.52,1,1,1
32,48,772.15,449.97,219.85,629.03,1,1,1
32,50,857.89,422.93,11.65,41.73,1,1,1
33,5,1307.06,413.53,33.53,84.12,1,1,1
33,6,1070.72,415.77,53.60,146.85,1,1,1
33,7,1061.92,416.41,35.29,104.33,1,1,1
33,8,1000.59,417.65,22.35,56.47,1,1,1
33,9,991.28,410.40,14.43,51.68,1,1,1
33,11,965.39,412.33,47.15,143.63,1,1,1
33,15,1360.96,389.04,53.89,166.90,1,1,1
33,19,925.88,413.53,45.29,142.35,1,1,1
33,20,1001.67,410.58,15.88,46.80,1,1,1
33,30,926.39,412.24,18.55,50.29,1,1,1
33,32,478.72,419.15,146.81,386.17,1,1,1
33,41,898.24,414.08,29.58,62.32,1,1,1
33,46,864.73,424.15,20.29,59.42,1,1,1
33,47,883.33,407.49,17.39,61.84,1,1,1
33,48,779.71,436.80,228.29,642.20,1,1,1
33,50,861.28,417.27,13.09,36.77,1,1,1
34,5,1308.78,410.73,30.73,79.02,1,1,1
34,6,1075.37,413.06,50.37,147.01,1,1,1
34,7,1063.92,414.20,38.35,99.72,1,1,1
34,8,998.82,415.88,22.94,54.12,1,1,1
34,9,987.08,408.12,19.19,50.92,1,1,1
34,11,966.41,410.34,52.41,141.71,1,1,1
34,15,1364.20,385.80,47.73,175.57,1,1,1
34,16,1406.30,388.98,40.16,151.97,1,1,1
34,19,920.59,410.00,50.00,142.94,1,1,1
34,20,1003.46,408.08,12.70,41.80,1,1,1
34,27,1179.51,409.54,21.20,68.55,1,1,1
34,30,928.99,409.57,16.22,46.81,1,1,1
34,32,489.42,416.35,140.38,389.42,1,1,1
34,41,899.01,413.04,28.66,64.03,1,1,1
34,46,867.00,418.18,17.19,50.00,1,1,1
34,47,884.19,407.51,16.40,51.58,1,1,1
34,48,785.80,431.93,228.20,647.07,1,1,1
34,50,861.54,414.17,15.38,40.89,1,1,1
35,5,1311.01,407.95,29.66,72.48,1,1,1
35,6,1075.85,408.16,52.38,147.96,1,1,1
35,7,1066.67,409.57,35.33,94.42,1,1,1
35,8,998.06,412.90,26.45,60.65,1,1,1
35,9,989.67,402.21,21.03,58.67,1,1,1
35,11,967.38,407.49,51.87,139.04,1,1,1
35,15,1366.91,382.35,50.00,175.74,1,1,1
35,16,1408.85,382.30,43.36,155.75,1,1,1
35,19,928.13,406.73,51.68,139.76,1,1,1
35,20,1004.57,402.79,16.50,50.76,1,1,1
35,25,967.51,409.90,15.74,45.43,1,1,1
35,27,1181.22,404.31,20.56,57.36,1,1,1
35,30,928.44,405.50,18.96,43.12,1,1,1
35,32,491.92,411.11,144.52,387.19,1,1,1
35,41,903.99,407.56,24.16,57.56,1,1,1
35,46,868.07,416.18,16.39,50.84,1,1,1
35,47,886.55,404.20,15.76,51.68,1,1,1
35,48,793.52,427.13,229.48,651.87,1,1,1
35,50,863.61,410.70,14.37,37.00,1,1,1
36,5,1314.44,405.35,28.88,78.07,1,1,1
36,6,1080.36,403.57,51.79,152.38,1,1,1
36,7,1070.56,405.61,32.94,95.35,1,1,1
36,8,1000.00,409.76,25.85,59.51,1,1,1
36,11,971.18,401.18,50.00,142.94,1,1,1
36,15,1369.75,383.95,46.91,167.90,1,1,1
36,16,1408.99,389.89,51.01,147.26,1,1,1
36,19,931.58,403.24,42.51,140.89,1,1,1
36,20,1006.88,400.19,10.90,44.17,1,1,1
36,25,971.60,407.85,13.48,43.19,1,1,1
36,27,1183.09,400.02,24.17,56.37,1,1,1
36,30,932.38,405.33,15.24,43.24,1,1,1
36,32,498.82,405.29,146.47,388.82,1,1,1
36,41,904.42,405.30,21.23,48.98,1,1,1
36,46,870.63,414.81,18.20,52.18,1,1,1
36,47,887.14,400.24,15.78,54.61,1,1,1
36,48,800.44,420.95,237.56,658.05,1,1,1
36,50,862.82,406.93,13.86,36.49,1,1,1
37,5,1314.17,400.00,29.96,85.83,1,1,1
37,6,1078.38,401.80,57.21,152.70,1,1,1
37,7,1072.47,403.48,34.49,96.20,1,1,1
37,8,1000.00,405.88,27.65,61.18,1,1,1
37,11,971.12,400.53,50.80,141.71,1,1,1
37,15,1374.47,379.43,46.10,166.67,1,1,1
37,16,1413.71,388.71,48.39,143.55,1,1,1
37,19,934.82,400.00,46.56,142.51,1,1,1
37,20,1005.57,397.21,12.81,51.25,1,1,1
37,25,971.70,402.29,16.83,52.01,1,1,1
37,27,1187.10,397.18,14.92,56.05,1,1,1
37,30,934.94,403.14,13.18,33.89,1,1,1
37,32,505.33,399.56,144.67,384.49,1,1,1
37,41,911.41,404.24,18.83,53.05,1,1,1
37,46,870.80,410.40,16.20,53.20,1,1,1
37,47,887.80,400.00,18.60,53.20,1,1,1
37,48,806.54,414.85,238.46,664.15,1,1,1
37,50,864.82,404.97,13.19,36.71,1,1,1
38,5,1313.17,398.05,31.22,97.56,1,1,1
38,6,1080.33,400.84,58.23,151.86,1,1,1
38,7,1073.72,401.92,33.33,98.72,1,1,1
38,8,1001.95,404.88,25.85,60.00,1,1,1
38,11,978.61,395.19,44.62,135.14,1,1,1
38,15,1378.20,378.95,44.68,152.16,1,1,1
38,16,1417.75,386.39,36.69,144.38,1,1,1
38,19,938.87,397.98,41.30,132.39,1,1,1
38,20,1007.36,396.45,14.47,45.18,1,1,1
38,25,973.04,404.70,14.26,45.91,1,1,1
38,27,1188.04,396.09,20.12,58.20,1,1,1
38,32,511.43,394.29,145.09,380.87,1,1,1
38,41,911.90,402.83,16.43,49.29,1,1,1
38,46,869.95,409.39,16.67,49.77,1,1,1
38,47,888.97,396.95,19.01,52.58,1,1,1
38,48,814.92,411.60,238.08,667.40,1,1,1
38,50,863.51,403.34,14.76,38.44,1,1,1
39,5,1313.66,396.10,32.68,92.68,1,1,1
39,6,1083.97,397.71,58.02,152.67,1,1,1
39,7,1073.67,399.11,34.91,103.85,1,1,1
39,8,1002.22,401.78,27.56,61.78,1,1,1
39,11,978.95,393.93,47.37,129.55,1,1,1
39,15,1380.74,375.56,46.31,155.59,1,1,1
39,16,1418.52,386.42,34.57,143.21,1,1,1
39,19,936.90,394.12,56.15,129.41,1,1,1
39,20,1006.47,395.38,15.24,49.65,1,1,1
39,25,975.95,402.85,15.82,41.61,1,1,1
39,27,1185.95,395.04,15.70,48.76,1,1,1
39,32,520.21,389.36,144.68,385.11,1,1,1
39,41,908.57,400.22,22.52,48.82,1,1,1
39,46,870.82,406.63,15.92,51.72,1,1,1
39,47,890.72,404.24,11.67,45.62,1,1,1
39,48,820.83,407.64,244.17,671.36,1,1,1
39,50,864.72,400.76,15.23,40.36,1,1,1
40,5,1315.60,395.04,31.91,92.91,1,1,1
40,6,1087.00,397.50,57.00,155.00,1,1,1
40,7,1076.64,400.31,40.50,106.23,1,1,1
40,8,1010.00,398.24,20.00,61.76,1,1,1
40,11,982.89,393.05,45.99,142.25,1,1,1
40,15,1381.56,373.76,50.35,167.38,1,1,1
40,16,1417.65,385.29,43.53,145.88,1,1,1
40,19,942.11,393.93,49.80,141.30,1,1,1
40,20,1008.40,394.96,13.87,48.95,1,1,1
40,25,978.56,403.17,13.09,36.98,1,1,1
40,27,1183.91,394.25,19.54,48.28,1,1,1
40,32,525.51,386.44,141.98,387.65,1,1,1
40,41,914.99,399.06,16.63,46.37,1,1,1
40,46,872.97,403.89,15.90,52.47,1,1,1
40,47,889.29,399.81,22.32,56.32,1,1,1
40,48,829.96,406.07,243.04,672.93,1,1,1
40,50,866.57,400.28,13.09,39.55,1,1,1
41,5,1322.27,392.31,26.72,87.85,1,1,1
41,6,1087.45,397.17,60.32,152.63,1,1,1
41,7,1077.41,398.22,36.80,113.20,1,1,1
41,8,1003.74,397.33,26.74,58.29,1,1,1
41,11,981.94,390.97,47.10,155.48,1,1,1
41,15,1387.67,373.97,47.26,173.29,1,1,1
41,16,1417.12,384.25,44.52,143.84,1,1,1
41,19,939.11,392.62,54.61,153.87,1,1,1
41,20,1007.59,394.37,16.10,49.48,1,1,1
41,25,977.50,398.80,14.30,40.20,1,1,1
41,27,1182.82,395.09,22.09,47.85,1,1,1
41,32,529.27,384.88,148.07,389.12,1,1,1
41,41,910.15,398.22,23.60,51.02,1,1,1
41,46,869.33,399.37,21.85,56.51,1,1,1
41,47,891.39,393.07,17.65,62.18,1,1,1
41,48,835.80,402.66,250.20,676.34,1,1,1
41,50,866.05,399.31,12.24,40.42,1,1,1
42,5,1317.07,392.68,33.17,89.76,1,1,1
42,6,1093.66,397.07,57.56,150.24,1,1,1
42,7,1079.88,398.45,37.77,111.46,1,1,1
42,8,1008.24,397.06,24.71,64.71,1,1,1
42,11,981.18,391.18,50.00,142.94,1,1,1
42,15,1390.41,371.92,46.09,166.58,1,1,1
42,16,1422.50,383.00,44.50,141.50,1,1,1
42,19,939.76,392.35,52.60,141.90,1,1,1
42,25,981.55,397.79,13.28,48.71,1,1,1
42,27,1183.03,392.99,22.51,50.92,1,1,1
42,30,936.55,395.38,19.12,61.34,1,1,1
42,32,531.91,383.69,149.65,393.62,1,1,1
42,41,912.82,397.48,19.33,51.68,1,1,1
42,46,869.96,398.32,20.38,55.04,1,1,1
42,47,891.01,396.37,19.70,59.10,1,1,1
42,48,845.56,401.44,250.44,677.56,1,1,1
42,50,865.44,398.99,12.42,40.60,1,1,1
43,5,1327.52,395.30,24.83,77.18,1,1,1
43,6,1097.01,398.51,57.46,150.00,1,1,1
43,7,1081.03,395.64,35.38,105.13,1,1,1
43,8,1010.59,398.24,24.71,66.47,1,1,1
43,11,982.94,392.35,51.18,122.35,1,1,1
43,15,1393.75,371.25,46.88,172.50,1,1,1
43,16,1423.70,383.70,45.19,130.37,1,1,1
43,19,945.02,391.51,56.46,122.88,1,1,1
43,25,987.30,401.62,15.01,45.50,1,1,1
43,27,1182.44,390.73,24.39,53.17,1,1,1
43,30,936.04,395.69,19.04,59.39,1,1,1
43,32,541.94,386.02,145.16,396.77,1,1,1
43,41,913.60,398.64,22.66,49.85,1,1,1
43,46,869.37,395.19,22.25,59.75,1,1,1
43,47,895.33,394.64,16.07,61.54,1,1,1
43,48,855.32,405.10,252.68,673.90,1,1,1
43,50,866.57,399.44,11.98,41.23,1,1,1
44,5,1326.72,395.14,27.95,81.03,1,1,1
44,6,1097.98,396.76,59.51,155.47,1,1,1
44,7,1083.28,397.83,37.15,100.31,1,1,1
44,8,1010.67,398.22,28.00,65.78,1,1,1
44,11,988.79,391.59,46.73,127.57,1,1,1
44,15,1396.74,371.19,48.50,168.26,1,1,1
44,16,1429.34,382.04,41.92,129.94,1,1,1
44,19,947.60,392.62,45.76,126.57,1,1,1
44,25,981.38,397.57,16.60,54.25,1,1,1
44,27,1189.88,392.71,16.19,51.82,1,1,1
44,30,935.71,394.54,20.17,60.92,1,1,1
44,32,544.55,387.13,154.46,398.02,1,1,1
44,41,913.71,397.44,21.94,59.23,1,1,1
44,46,873.31,399.45,18.46,55.94,1,1,1
44,47,894.52,392.32,17.92,63.07,1,1,1
44,48,864.52,407.62,254.31,672.38,1,1,1
44,50,866.75,401.02,12.69,38.58,1,1,1
45,5,1324.71,387.06,32.35,100.59,1,1,1
45,6,1100.00,396.92,62.56,157.44,1,1,1
45,7,1084.24,398.48,38.48,101.21,1,1,1
45,8,1009.27,398.05,30.73,66.83,1,1,1
45,11,991.71,392.68,46.83,115.12,1,1,1
45,15,1400.55,370.88,47.80,174.18,1,1,1
45,16,1434.62,382.97,40.11,118.13,1,1,1
45,19,951.94,392.25,44.57,115.50,1,1,1
45,25,986.96,398.09,16.00,50.09,1,1,1
45,30,936.19,395.60,22.74,65.04,1,1,1
45,32,550.44,390.27,152.21,395.58,1,1,1
45,41,916.18,399.64,20.36,57.27,1,1,1
45,46,874.73,400.00,16.73,54.73,1,1,1
45,47,894.44,396.09,19.37,60.82,1,1,1
45,48,873.61,408.76,258.39,670.24,1,1,1
45,50,867.02,398.95,12.82,41.60,1,1,1
46,6,1105.63,397.89,60.21,152.11,1,1,1
46,7,1086.69,397.93,36.39,104.73,1,1,1
46,8,1014.22,400.44,22.22,61.78,1,1,1
46,11,992.99,392.62,40.59,96.68,1,1,1
46,15,1405.39,371.26,48.50,172.46,1,1,1
46,16,1432.93,383.23,44.31,134.13,1,1,1
46,19,955.61,393.66,38.05,97.07,1,1,1
46,25,989.34,399.49,19.80,58.38,1,1,1
46,30,938.43,394.96,21.22,65.91,1,1,1
46,32,557.69,392.31,149.04,399.04,1,1,1
46,41,917.00,398.85,19.88,55.91,1,1,1
46,46,878.70,405.00,14.78,48.26,1,1,1
46,47,898.26,393.70,14.78,63.26,1,1,1
46,48,884.56,414.77,263.44,664.23,1,1,1
46,50,869.04,398.98,12.18,40.36,1,1,1
47,6,1115.56,397.33,55.11,152.89,1,1,1
47,7,1093.97,397.99,34.17,105.53,1,1,1
47,11,999.11,392.89,38.22,105.78,1,1,1
47,15,1414.12,371.18,49.41,171.76,1,1,1
47,16,1434.71,381.76,46.47,135.88,1,1,1
47,19,958.29,398.93,40.64,98.40,1,1,1
47,25,988.86,389.69,20.89,67.69,1,1,1
47,30,940.87,394.96,22.61,66.09,1,1,1
47,32,567.31,396.15,148.08,394.23,1,1,1
47,41,921.33,398.85,22.77,57.93,1,1,1
47,46,878.91,406.09,18.70,47.17,1,1,1
47,47,899.13,395.65,16.52,60.43,1,1,1
47,48,898.00,409.98,265.00,669.02,1,1,1
47,49,1503.39,377.97,62.71,150.00,1,1,1
47,50,874.37,400.51,10.91,39.09,1,1,1
48,6,1112.96,395.06,62.96,149.38,1,1,1
48,7,1098.45,398.06,37.60,101.55,1,1,1
48,11,1007.06,395.29,45.29,114.71,1,1,1
48,15,1421.28,370.92,48.94,163.83,1,1,1
48,16,1446.81,381.56,40.43,134.04,1,1,1
48,19,963.87,397.42,41.94,114.19,1,1,1
48,25,998.73,398.52,18.45,61.62,1,1,1
48,30,945.43,398.22,22.84,61.42,1,1,1
48,32,582.98,396.81,144.29,396.09,1,1,1
48,41,929.71,401.44,16.94,51.04,1,1,1
48,46,886.55,407.45,14.16,42.66,1,1,1
48,47,907.45,398.36,14.73,57.09,1,1,1
48,48,916.29,414.85,263.71,664.15,1,1,1
48,49,1507.41,382.41,69.44,153.70,1,1,1
48,50,880.14,401.85,12.47,36.26,1,1,1
49,6,1123.33,393.33,63.33,156.67,1,1,1
49,7,1107.32,397.56,36.59,106.83,1,1,1
49,11,1010.08,394.57,44.63,138.96,1,1,1
49,15,1428.93,366.12,58.68,178.51,1,1,1
49,16,1459.07,380.31,41.97,130.57,1,1,1
49,19,975.88,397.06,44.12,135.88,1,1,1
49,30,950.52,395.62,25.77,62.63,1,1,1
49,32,594.21,398.35,141.59,393.34,1,1,1
49,34,1520.29,378.26,48.55,152.17,1,1,1
49,41,933.05,398.31,19.27,50.66,1,1,1
49,46,891.15,407.08,17.88,46.02,1,1,1
49,47,912.57,397.52,16.11,56.64,1,1,1
49,48,932.15,409.98,269.85,669.02,1,1,1
49,49,1528.70,377.78,68.52,153.70,1,1,1
49,50,886.55,400.25,11.42,38.32,1,1,1
50,6,1134.88,393.02,66.67,162.02,1,1,1
50,7,1118.54,396.10,42.93,113.17,1,1,1
50,11,1019.25,393.58,55.61,141.71,1,1,1
50,15,1440.74,367.59,50.00,172.22,1,1,1
50,16,1476.59,378.05,32.68,129.76,1,1,1
50,19,984.88,393.17,37.07,142.44,1,1,1
50,30,962.22,396.44,20.89,62.22,1,1,1
50,32,607.77,392.44,141.90,392.99,1,1,1
50,34,1534.78,370.43,51.30,138.26,1,1,1
50,41,940.98,396.91,22.94,54.12,1,1,1
50,46,899.81,405.25,18.87,51.75,1,1,1
50,47,922.96,400.00,14.98,54.67,1,1,1
50,48,954.97,415.23,270.71,663.11,1,1,1
50,49,1540.43,371.63,60.28,135.46,1,1,1
50,50,892.84,404.39,11.09,32.33,1,1,1
51,6,1153.33,391.11,62.22,155.56,1,1,1
51,7,1125.16,394.84,48.39,116.77,1,1,1
51,11,1027.91,389.15,58.91,148.84,1,1,1
51,15,1453.17,365.08,51.59,173.81,1,1,1
51,16,1484.07,377.47,37.91,134.07,1,1,1
51,19,992.89,393.33,61.33,144.44,1,1,1
51,30,971.30,393.74,23.48,69.74,1,1,1
51,32,622.89,390.10,143.21,397.19,1,1,1
51,34,1546.34,371.71,44.88,137.56,1,1,1
51,41,951.43,396.94,20.84,57.36,1,1,1
51,46,910.13,404.11,17.41,50.32,1,1,1
51,47,931.49,396.99,16.14,59.65,1,1,1
51,48,972.39,401.44,277.61,677.56,1,1,1
51,49,1556.77,372.26,38.06,128.39,1,1,1
51,50,901.85,403.46,12.70,36.03,1,1,1
52,6,1167.38,390.07,63.12,148.94,1,1,1
52,7,1141.70,393.93,42.11,105.67,1,1,1
52,10,1585.59,372.88,59.54,172.25,1,1,1
52,11,1047.65,390.00,48.24,144.12,1,1,1
52,15,1470.00,363.33,56.67,181.11,1,1,1
52,16,1494.65,374.87,43.32,130.48,1,1,1
52,19,1010.16,388.77,48.66,144.92,1,1,1
52,30,984.90,393.96,23.15,70.47,1,1,1
52,32,643.57,387.14,138.25,396.28,1,1,1
52,34,1560.59,367.66,49.44,141.64,1,1,1
52,41,964.33,397.47,19.66,55.06,1,1,1
52,46,918.54,401.97,18.54,52.53,1,1,1
52,47,943.45,397.00,17.51,56.65,1,1,1
52,48,1000.44,394.12,276.56,684.88,1,1,1
52,49,1572.39,373.39,52.44,129.27,1,1,1
52,50,914.08,403.36,10.92,33.61,1,1,1
53,6,1186.44,390.68,61.86,158.47,1,1,1
53,10,1604.65,368.99,84.50,172.09,1,1,1
53,11,1063.10,390.91,56.68,142.78,1,1,1
53,15,1484.80,362.40,56.00,174.40,1,1,1
53,16,1516.57,375.69,37.02,140.88,1,1,1
53,19,1025.67,394.12,46.52,139.57,1,1,1
53,30,997.49,396.10,21.45,62.95,1,1,1
53,32,661.79,382.93,135.77,395.12,1,1,1
53,34,1577.33,370.67,49.33,145.33,1,1,1
53,41,976.55,398.29,23.24,55.70,1,1,1
53,46,936.61,404.94,14.63,48.02,1,1,1
53,47,956.93,392.44,17.48,63.00,1,1,1
53,48,1024.83,389.24,283.17,688.76,1,1,1
53,49,1595.56,374.61,54.88,137.80,1,1,1
53,50,926.39,402.68,12.43,34.03,1,1,1
54,6,1200.85,387.29,61.02,160.17,1,1,1
54,10,1617.73,368.09,77.30,175.18,1,1,1
54,11,1073.66,387.80,51.71,146.34,1,1,1
54,15,1502.70,362.16,54.73,176.35,1,1,1
54,16,1528.38,372.30,42.57,150.68,1,1,1
54,19,1037.06,388.24,53.53,145.88,1,1,1
54,30,1009.73,394.63,21.81,69.80,1,1,1
54,32,677.78,378.89,142.17,387.18,1,1,1
54,34,1595.74,363.83,53.19,146.10,1,1,1
54,41,989.38,396.54,21.25,57.74,1,1,1
54,46,947.58,403.93,14.78,52.42,1,1,1
54,47,969.05,392.15,16.86,64.43,1,1,1
54,48,1046.78,380.71,292.22,698.29,1,1,1
54,49,1609.03,367.10,45.97,142.90,1,1,1
54,50,936.90,402.29,12.62,34.42,1,1,1
55,6,1231.25,388.39,47.32,138.39,1,1,1
55,10,1634.19,364.52,75.48,177.42,1,1,1
55,11,1088.66,386.64,52.23,143.32,1,1,1
55,15,1515.79,360.00,56.84,181.58,1,1,1
55,16,1548.95,373.68,38.95,140.00,1,1,1
55,19,1048.00,388.00,47.56,148.00,1,1,1
55,30,1022.10,392.57,23.58,73.92,1,1,1
55,31,1048.22,397.72,23.86,63.96,1,1,1
55,32,691.11,374.81,144.44,385.93,1,1,1
55,34,1614.36,362.05,45.13,141.03,1,1,1
55,41,1000.72,397.18,20.04,58.15,1,1,1
55,46,957.48,402.01,18.43,53.28,1,1,1
55,47,979.56,392.15,15.51,63.14,1,1,1
55,48,1071.17,375.83,296.83,703.17,1,1,1
55,49,1652.26,363.87,47.74,138.71,1,1,1
55,50,945.43,399.75,15.48,42.89,1,1,1
56,10,1643.22,362.71,83.90,173.73,1,1,1
56,11,1102.44,389.76,51.71,151.71,1,1,1
56,15,1529.31,359.48,55.17,179.31,1,1,1
56,16,1559.28,372.46,42.51,140.12,1,1,1
56,19,1056.68,390.37,54.01,143.85,1,1,1
56,30,1032.49,394.67,23.10,68.02,1,1,1
56,31,1059.90,400.00,19.80,63.20,1,1,1
56,32,705.33,374.00,145.33,389.33,1,1,1
56,34,1626.96,362.61,38.26,145.22,1,1,1
56,41,1011.05,397.45,21.81,57.22,1,1,1
56,46,969.65,399.22,15.56,55.06,1,1,1
56,47,990.27,395.53,17.51,60.70,1,1,1
56,48,1094.34,374.61,300.66,704.39,1,1,1
56,49,1665.85,366.83,42.93,139.02,1,1,1
56,50,955.99,404.74,15.32,37.05,1,1,1
57,10,1655.93,363.56,74.58,178.81,1,1,1
57,11,1113.90,386.63,62.03,144.39,1,1,1
57,15,1536.84,360.15,57.89,180.45,1,1,1
57,16,1566.17,370.68,47.37,133.08,1,1,1
57,19,1073.17,387.80,44.88,144.88,1,1,1
57,30,1043.54,393.73,21.03,71.59,1,1,1
57,31,1069.37,398.89,17.71,66.42,1,1,1
57,32,722.16,368.86,143.78,392.68,1,1,1
57,34,1641.44,365.77,39.64,136.94,1,1,1
57,41,1020.65,395.16,23.55,58.39,1,1,1
57,46,980.94,404.40,12.61,40.18,1,1,1
57,47,999.41,401.17,17.89,53.37,1,1,1
57,48,1117.51,369.73,306.49,708.27,1,1,1
57,49,1673.66,366.83,55.12,150.24,1,1,1
57,50,968.25,403.34,10.86,33.43,1,1,1
58,10,1672.88,361.86,72.03,183.05,1,1,1
58,11,1119.79,384.49,68.45,147.06,1,1,1
58,15,1556.74,358.16,51.77,180.14,1,1,1
58,16,1582.95,370.54,42.64,144.96,1,1,1
58,19,1081.76,385.88,46.47,149.41,1,1,1
58,30,1052.40,392.25,23.25,66.42,1,1,1
58,31,1081.55,398.15,17.71,58.67,1,1,1
58,32,736.26,369.23,143.96,393.41,1,1,1
58,34,1648.96,361.75,49.38,144.44,1,1,1
58,41,1029.94,394.07,20.62,56.21,1,1,1
58,46,990.87,403.50,12.62,48.54,1,1,1
58,47,1008.35,404.08,14.56,47.77,1,1,1
58,48,1139.46,366.07,314.54,712.93,1,1,1
58,49,1709.22,364.54,48.94,161.70,1,1,1
58,50,978.55,401.39,9.75,34.26,1,1,1
59,7,1219.86,388.65,52.48,111.35,1,1,1
59,10,1684.52,360.65,74.19,180.65,1,1,1
59,11,1132.44,384.00,63.11,147.11,1,1,1
59,15,1556.04,354.95,61.54,176.37,1,1,1
59,16,1594.93,371.01,44.20,137.68,1,1,1
59,19,1094.33,387.23,50.35,145.39,1,1,1
59,30,1060.24,392.66,21.71,67.28,1,1,1
59,31,1085.02,395.72,19.57,55.35,1,1,1
59,32,749.00,370.25,144.07,395.10,1,1,1
59,34,1664.15,364.15,44.34,149.06,1,1,1
59,41,1037.89,392.55,19.88,59.94,1,1,1
59,46,997.42,399.53,15.93,53.63,1,1,1
59,47,1018.50,403.51,15.46,49.41,1,1,1
59,48,1161.41,366.07,319.59,712.93,1,1,1
59,49,1722.58,370.32,50.32,150.32,1,1,1
59,50,982.74,400.76,15.74,36.04,1,1,1
60,7,1229.20,386.73,48.67,104.42,1,1,1
60,10,1694.19,359.35,74.19,182.58,1,1,1
60,11,1138.22,384.00,65.33,144.00,1,1,1
60,15,1567.01,354.64,64.95,180.41,1,1,1
60,16,1610.93,368.31,36.07,126.78,1,1,1
60,19,1101.55,384.50,47.29,145.74,1,1,1
60,30,1066.51,388.91,24.25,71.59,1,1,1
60,31,1093.53,399.31,18.48,59.82,1,1,1
60,32,757.14,371.43,146.22,393.28,1,1,1
60,34,1673.87,359.46,48.65,147.75,1,1,1
60,41,1045.75,391.20,22.87,59.24,1,1,1
60,46,1000.66,395.36,19.43,57.17,1,1,1
60,47,1021.25,394.05,18.96,57.50,1,1,1
60,48,1180.93,363.63,321.07,715.37,1,1,1
60,49,1714.84,362.58,43.87,145.16,1,1,1
60,50,990.10,400.51,12.44,33.76,1,1,1
61,7,1237.16,385.81,40.54,102.03,1,1,1
61,10,1701.69,356.78,77.97,177.97,1,1,1
61,11,1147.80,380.98,64.39,145.37,1,1,1
61,15,1576.85,351.85,62.96,182.41,1,1,1
61,16,1615.51,366.84,42.25,136.36,1,1,1
61,19,1110.22,382.67,45.33,146.22,1,1,1
61,20,1147.65,387.25,10.07,35.57,1,1,1
61,30,1071.82,385.91,26.10,73.90,1,1,1
61,31,1099.54,396.07,19.40,59.35,1,1,1
61,32,770.00,367.06,143.95,394.52,1,1,1
61,34,1681.44,357.73,50.52,149.48,1,1,1
61,41,1048.76,390.37,22.98,58.39,1,1,1
61,46,1007.26,392.51,19.91,57.38,1,1,1
61,47,1030.21,395.08,16.16,56.91,1,1,1
61,48,1202.88,362.41,323.12,716.59,1,1,1
61,49,1715.29,365.29,51.76,141.76,1,1,1
61,50,994.46,395.84,14.78,36.72,1,1,1
62,7,1240.14,380.27,48.30,112.24,1,1,1
62,10,1711.18,355.29,76.47,176.47,1,1,1
62,11,1155.56,375.56,64.89,147.56,1,1,1
62,15,1591.90,348.10,54.29,182.38,1,1,1
62,16,1620.95,360.48,44.29,138.57,1,1,1
62,17,1285.66,380.07,44.76,92.31,1,1,1
62,19,1115.88,377.06,49.41,148.82,1,1,1
62,20,1154.82,380.96,9.64,38.32,1,1,1
62,30,1076.60,382.45,28.46,68.62,1,1,1
62,31,1106.41,387.47,19.13,64.66,1,1,1
62,32,781.03,368.97,142.24,390.52,1,1,1
62,34,1690.65,352.52,47.48,138.13,1,1,1
62,41,1057.14,384.31,22.48,55.74,1,1,1
62,46,1014.05,389.23,17.80,53.16,1,1,1
62,47,1031.85,386.65,22.25,59.48,1,1,1
62,48,1219.95,357.54,329.05,721.46,1,1,1
62,49,1704.89,351.56,43.56,139.11,1,1,1
62,50,1000.92,391.74,11.93,37.31,1,1,1
63,6,1307.98,368.51,60.98,173.17,1,1,1
63,7,1243.32,379.14,49.73,107.49,1,1,1
63,10,1716.77,352.90,75.48,172.90,1,1,1
63,11,1159.51,373.68,68.83,146.96,1,1,1
63,15,1598.09,345.93,60.29,173.68,1,1,1
63,16,1635.41,357.89,36.36,134.93,1,1,1
63,17,1289.97,376.32,45.40,100.84,1,1,1
63,19,1122.35,374.71,48.24,150.00,1,1,1
63,20,1159.33,377.99,11.98,43.73,1,1,1
63,30,1080.88,378.59,27.34,71.70,1,1,1
63,31,1109.56,386.62,20.84,65.39,1,1,1
63,32,789.23,366.92,143.08,390.00,1,1,1
63,34,1694.12,347.06,42.33,142.66,1,1,1
63,41,1059.45,381.93,23.32,54.83,1,1,1
63,46,1018.49,385.29,17.86,53.36,1,1,1
63,47,1038.03,383.40,19.33,59.66,1,1,1
63,48,1238.24,357.54,330.49,720.73,1,1,1
63,49,1708.29,355.61,30.24,133.66,1,1,1
63,50,1006.47,390.30,12.01,32.79,1,1,1
64,6,1306.20,366.67,58.91,197.67,1,1,1
64,7,1248.89,376.00,47.56,110.67,1,1,1
64,10,1719.86,347.52,79.43,182.27,1,1,1
64,11,1165.18,369.64,64.78,146.96,1,1,1
64,15,1600.55,342.62,59.80,180.65,1,1,1
64,16,1636.07,354.10,40.44,122.95,1,1,1
64,17,1291.26,369.67,36.76,101.80,1,1,1
64,19,1124.88,370.73,45.37,147.80,1,1,1
64,20,1160.40,374.16,10.40,35.57,1,1,1
64,30,1085.60,374.84,27.06,71.20,1,1,1
64,31,1112.34,384.34,21.52,63.77,1,1,1
64,32,795.74,363.83,143.26,390.07,1,1,1
64,34,1700.00,343.97,44.68,140.43,1,1,1
64,41,1061.34,379.83,23.11,57.56,1,1,1
64,46,1019.75,382.98,19.12,54.20,1,1,1
64,47,1040.34,378.78,19.33,61.34,1,1,1
64,48,1249.00,352.28,336.00,726.72,1,1,1
64,49,1715.56,350.22,33.33,134.22,1,1,1
64,50,1005.74,384.35,14.96,36.17,1,1,1
65,6,1308.15,363.70,66.67,204.44,1,1,1
65,7,1251.16,371.71,47.67,109.69,1,1,1
65,10,1722.58,343.87,78.71,185.16,1,1,1
65,11,1168.42,365.99,63.97,148.18,1,1,1
65,12,1596.45,366.67,20.57,52.48,1,1,1
65,15,1607.33,336.67,58.67,188.67,1,1,1
65,16,1631.21,353.19,50.35,143.97,1,1,1
65,17,1291.95,372.82,33.89,94.97,1,1,1
65,19,1128.37,368.37,44.19,146.51,1,1,1
65,20,1161.94,370.85,11.74,41.30,1,1,1
65,30,1087.76,371.51,26.96,73.42,1,1,1
65,31,1115.30,377.82,19.31,65.77,1,1,1
65,32,803.81,360.95,141.90,391.43,1,1,1
65,34,1702.86,341.90,51.43,151.43,1,1,1
65,41,1063.01,377.52,21.59,57.35,1,1,1
65,46,1022.12,381.42,17.52,53.81,1,1,1
65,47,1043.01,376.11,16.81,58.94,1,1,1
65,48,1263.93,352.71,334.07,726.29,1,1,1
65,49,1718.82,347.06,41.18,147.06,1,1,1
65,50,1008.17,379.57,13.42,37.55,1,1,1
66,6,1312.06,360.99,71.63,193.62,1,1,1
66,7,1251.56,367.56,50.22,110.22,1,1,1
66,10,1726.71,339.04,79.45,185.62,1,1,1
66,11,1171.48,362.89,62.50,146.88,1,1,1
66,12,1600.61,361.96,18.40,57.06,1,1,1
66,15,1607.89,333.55,53.95,185.53,1,1,1
66,16,1642.33,346.01,44.79,138.65,1,1,1
66,17,1296.21,366.76,39.36,100.58,1,1,1
66,19,1128.82,364.12,49.41,146.47,1,1,1
66,20,1165.13,366.97,9.70,46.42,1,1,1
66,30,1092.09,367.25,21.99,74.05,1,1,1
66,31,1116.30,372.63,21.52,68.35,1,1,1
66,32,809.52,356.35,143.65,392.06,1,1,1
66,34,1710.31,338.14,50.52,143.30,1,1,1
66,41,1060.98,377.61,26.44,54.16,1,1,1
66,46,1020.68,376.33,22.60,55.86,1,1,1
66,47,1043.28,371.43,18.12,59.91,1,1,1
66,48,1277.27,345.34,343.73,733.66,1,1,1
66,49,1721.29,340.00,41.94,141.94,1,1,1
66,50,1008.08,375.52,16.17,39.72,1,1,1
67,6,1321.99,358.16,63.12,191.49,1,1,1
67,7,1259.11,363.97,45.75,108.50,1,1,1
67,10,1728.81,333.05,83.05,186.44,1,1,1
67,11,1176.47,360.43,62.57,147.06,1,1,1
67,12,1602.45,358.90,20.25,57.67,1,1,1
67,15,1614.16,330.97,54.87,186.73,1,1,1
67,16,1650.31,342.33,39.88,121.47,1,1,1
67,17,1301.06,363.48,37.59,98.94,1,1,1
67,19,1132.68,361.95,48.29,146.34,1,1,1
67,30,1094.65,365.01,25.62,75.14,1,1,1
67,31,1121.03,370.75,19.50,67.11,1,1,1
67,32,815.38,352.99,145.30,393.16,1,1,1
67,34,1717.09,336.75,43.59,129.91,1,1,1
67,41,1068.92,371.25,21.78,55.18,1,1,1
67,46,1021.35,367.65,23.47,63.21,1,1,1
67,47,1048.41,369.34,20.51,58.56,1,1,1
67,48,1296.77,338.62,342.23,740.38,1,1,1
67,49,1724.71,339.41,31.76,105.88,1,1,1
67,50,1011.89,372.69,14.10,40.31,1,1,1
68,6,1326.34,353.17,63.41,195.61,1,1,1
68,7,1261.00,359.61,49.03,112.53,1,1,1
68,10,1734.26,330.56,83.33,188.89,1,1,1
68,11,1180.57,355.06,62.35,150.20,1,1,1
68,12,1604.61,356.58,20.39,77.63,1,1,1
68,15,1620.14,327.34,50.36,178.42,1,1,1
68,16,1651.32,339.47,41.45,140.13,1,1,1
68,17,1305.12,356.66,38.57,97.95,1,1,1
68,19,1136.36,358.82,47.59,149.20,1,1,1
68,30,1097.92,368.13,23.09,59.82,1,1,1
68,31,1120.79,371.36,24.94,60.97,1,1,1
68,32,821.50,346.73,147.66,392.52,1,1,1
68,34,1719.19,331.31,48.48,149.49,1,1,1
68,41,1069.41,368.64,23.90,55.07,1,1,1
68,46,1027.53,370.36,18.16,58.32,1,1,1
68,47,1051.43,364.24,18.93,63.48,1,1,1
68,48,1309.08,332.46,355.92,746.54,1,1,1
68,49,1724.52,330.97,57.42,118.71,1,1,1
68,50,1016.08,371.70,11.58,38.26,1,1,1
69,6,1332.62,351.77,63.83,187.94,1,1,1
69,7,1264.89,360.44,49.78,110.22,1,1,1
69,10,1739.35,329.68,81.29,177.42,1,1,1
69,11,1183.40,354.25,62.35,147.77,1,1,1
69,12,1610.07,348.20,17.99,79.14,1,1,1
69,15,1623.74,324.46,54.68,185.61,1,1,1
69,16,1660.43,338.85,40.29,125.90,1,1,1
69,17,1306.14,355.29,40.61,102.39,1,1,1
69,19,1140.11,355.61,45.99,148.13,1,1,1
69,30,1098.61,359.33,26.46,72.70,1,1,1
69,31,1122.84,367.69,23.12,62.95,1,1,1
69,32,832.32,343.43,145.45,388.89,1,1,1
69,34,1726.73,332.67,39.60,147.52,1,1,1
69,41,1071.66,365.06,24.07,57.36,1,1,1
69,46,1031.09,370.15,18.98,55.98,1,1,1
69,47,1054.47,361.49,16.09,61.76,1,1,1
69,48,1326.00,324.77,360.00,754.23,1,1,1
69,49,1734.84,330.97,54.84,149.03,1,1,1
69,50,1016.49,369.41,13.30,37.50,1,1,1
70,6,1336.10,352.20,64.39,181.46,1,1,1
70,7,1273.99,357.28,44.58,108.67,1,1,1
70,10,1741.84,324.82,82.98,195.74,1,1,1
70,11,1189.07,349.80,57.89,151.42,1,1,1
70,12,1609.29,348.09,26.78,59.02,1,1,1
70,15,1629.51,320.22,54.64,165.57,1,1,1
70,16,1668.31,336.07,35.52,121.31,1,1,1
70,17,1305.24,352.43,41.57,101.50,1,1,1
70,19,1142.25,354.01,52.94,146.52,1,1,1
70,30,1100.76,359.14,27.92,71.57,1,1,1
70,31,1129.19,367.01,22.84,64.47,1,1,1
70,32,834.26,338.89,146.30,381.48,1,1,1
70,34,1728.71,332.67,44.55,149.50,1,1,1
70,41,1072.63,362.91,26.05,56.95,1,1,1
70,46,1033.55,369.54,13.47,50.33,1,1,1
70,47,1055.85,363.36,17.00,58.72,1,1,1
70,48,1347.54,318.62,358.46,760.38,1,1,1
70,49,1731.61,331.61,66.45,151.61,1,1,1
70,50,1020.48,369.15,13.03,35.11,1,1,1
71,6,1338.27,350.62,73.46,181.48,1,1,1
71,7,1276.74,355.04,43.41,110.08,1,1,1
71,10,1737.96,325.93,88.89,198.15,1,1,1
71,11,1192.62,349.82,58.30,149.82,1,1,1
71,12,1607.97,345.65,25.36,76.81,1,1,1
71,15,1634.78,321.74,51.45,173.19,1,1,1
71,16,1665.22,333.33,50.00,127.54,1,1,1
71,17,1311.65,355.64,36.09,94.74,1,1,1
71,19,1146.34,353.17,47.80,143.90,1,1,1
71,30,1106.13,359.33,23.12,69.64,1,1,1
71,31,1130.64,368.25,20.61,64.07,1,1,1
71,32,837.37,336.36,148.48,385.86,1,1,1
71,34,1732.61,329.35,45.65,159.78,1,1,1
71,41,1074.50,362.45,25.50,55.42,1,1,1
71,46,1032.98,367.93,16.04,51.59,1,1,1
71,47,1059.46,362.33,14.52,57.64,1,1,1
71,48,1357.62,316.07,377.38,762.93,1,1,1
71,49,1736.77,326.45,54.84,161.29,1,1,1
71,50,1022.84,368.02,13.20,35.28,1,1,1
72,6,1344.68,348.23,67.38,190.07,1,1,1
72,7,1281.56,356.74,44.68,109.93,1,1,1
72,8,1185.98,359.04,19.56,67.90,1,1,1
72,10,1740.59,324.12,91.18,195.29,1,1,1
72,11,1196.68,349.08,57.56,148.34,1,1,1
72,12,1617.61,346.59,23.30,82.95,1,1,1
72,15,1634.09,319.32,60.80,177.27,1,1,1
72,16,1675.57,333.52,42.05,127.27,1,1,1
72,17,1309.38,352.34,41.41,103.91,1,1,1
72,19,1147.77,351.82,48.58,146.96,1,1,1
72,30,1108.12,357.20,21.03,71.22,1,1,1
72,31,1130.63,366.79,24.35,65.31,1,1,1
72,32,846.15,334.07,147.25,389.01,1,1,1
72,34,1732.91,329.65,49.38,169.14,1,1,1
72,41,1077.86,360.19,25.44,56.70,1,1,1
72,46,1036.50,366.80,15.92,53.20,1,1,1
72,47,1059.42,362.52,15.53,58.06,1,1,1
72,48,1378.31,312.62,382.69,766.38,1,1,1
72,49,1741.94,328.23,57.26,167.74,1,1,1
72,50,1023.79,368.59,12.47,34.87,1,1,1
73,6,1354.03,350.00,66.94,184.68,1,1,1
73,7,1280.93,353.95,42.33,113.95,1,1,1
73,8,1188.07,359.63,18.04,61.47,1,1,1
73,10,1755.04,322.48,86.05,180.62,1,1,1
73,11,1197.78,348.00,56.89,149.33,1,1,1
73,15,1638.83,319.42,58.25,185.44,1,1,1
73,16,1681.63,332.14,37.24,130.61,1,1,1
73,17,1311.62,351.06,43.66,105.99,1,1,1
73,19,1151.87,350.80,49.20,148.13,1,1,1
73,30,1107.47,356.11,26.70,72.85,1,1,1
73,31,1131.90,366.74,22.85,64.03,1,1,1
73,32,850.82,330.33,149.18,392.62,1,1,1
73,34,1745.83,326.04,40.62,159.38,1,1,1
73,41,1078.87,361.34,25.26,60.31,1,1,1
73,46,1035.41,366.73,18.68,55.06,1,1,1
73,47,1061.87,362.65,17.90,57.78,1,1,1
73,48,1393.69,315.54,393.31,763.46,1,1,1
73,49,1744.96,324.03,48.84,158.14,1,1,1
73,50,1022.28,365.13,16.46,43.10,1,1,1
74,6,1357.07,346.83,69.27,186.83,1,1,1
74,7,1283.18,355.66,44.04,111.01,1,1,1
74,8,1189.93,359.06,18.79,62.08,1,1,1
74,10,1754.63,321.30,89.81,197.22,1,1,1
74,11,1204.12,345.88,52.35,149.41,1,1,1
74,15,1647.47,317.17,49.49,196.97,1,1,1
74,16,1679.80,331.31,42.42,163.64,1,1,1
74,17,1318.22,351.01,36.03,109.72,1,1,1
74,19,1152.40,349.45,46.86,150.18,1,1,1
74,30,1106.85,356.60,23.10,71.32,1,1,1
74,31,1132.23,363.96,23.10,64.72,1,1,1
74,32,852.58,330.93,152.58,394.85,1,1,1
74,34,1751.46,323.30,43.69,181.55,1,1,1
74,41,1081.64,361.45,23.64,59.09,1,1,1
74,46,1036.18,365.09,19.27,52.91,1,1,1
74,47,1061.82,360.36,19.64,59.82,1,1,1
74,48,1412.15,314.00,405.85,765.00,1,1,1
74,49,1749.15,321.19,56.78,183.90,1,1,1
74,50,1024.85,362.87,14.04,41.52,1,1,1
75,6,1362.05,348.19,69.88,187.35,1,1,1
75,7,1293.98,354.82,37.95,112.05,1,1,1
75,8,1191.36,358.22,19.50,61.28,1,1,1
75,10,1762.04,322.22,86.11,191.67,1,1,1
75,11,1201.95,345.37,58.54,152.68,1,1,1
75,15,1653.54,316.16,52.53,186.87,1,1,1
75,16,1687.88,332.32,36.36,128.28,1,1,1
75,17,1313.09,350.34,41.95,105.37,1,1,1
75,19,1154.66,348.58,45.75,149.80,1,1,1
75,30,1110.26,356.00,27.65,69.57,1,1,1
75,31,1138.61,366.09,20.52,61.04,1,1,1
75,32,861.29,333.33,148.39,395.70,1,1,1
75,34,1757.76,324.61,43.90,173.17,1,1,1
75,41,1084.06,361.20,23.33,56.81,1,1,1
75,46,1037.88,363.74,19.40,54.50,1,1,1
75,47,1063.97,361.43,20.09,55.89,1,1,1
75,48,1432.06,315.61,411.94,763.39,1,1,1
75,49,1761.87,319.42,46.04,176.98,1,1,1
75,50,1026.55,362.43,14.97,42.66,1,1,1
76,6,1370.34,347.46,68.64,188.14,1,1,1
76,7,1289.41,353.53,46.47,114.12,1,1,1
76,8,1195.94,357.11,16.50,61.17,1,1,1
76,10,1766.29,320.95,86.59,206.10,1,1,1
76,11,1210.97,345.81,49.68,152.26,1,1,1
76,17,1320.34,351.27,36.86,99.58,1,1,1
76,19,1158.72,348.99,48.99,149.66,1,1,1
76,25,1163.71,356.09,16.75,63.20,1,1,1
76,30,1115.13,356.00,23.30,72.00,1,1,1
76,31,1139.30,363.65,23.65,63.13,1,1,1
76,32,866.38,334.48,154.31,399.14,1,1,1
76,34,1761.90,326.57,59.52,184.52,1,1,1
76,41,1084.71,359.71,24.51,58.25,1,1,1
76,46,1042.23,364.53,15.17,53.75,1,1,1
76,47,1066.91,358.68,18.83,60.33,1,1,1
76,48,1458.45,322.58,418.55,755.42,1,1,1
76,49,1750.44,320.95,58.54,200.00,1,1,1
76,50,1027.93,362.44,15.49,41.31,1,1,1
77,6,1373.66,346.34,72.20,190.24,1,1,1
77,7,1296.10,354.15,42.44,112.20,1,1,1
77,8,1196.30,357.51,20.55,68.13,1,1,1
77,10,1773.61,318.51,82.93,193.90,1,1,1
77,11,1214.71,348.82,52.35,149.41,1,1,1
77,15,1667.62,317.14,47.62,177.14,1,1,1
77,17,1318.15,351.03,40.41,105.82,1,1,1
77,19,1165.44,349.33,42.28,149.33,1,1,1
77,25,1168.78,358.71,15.11,68.63,1,1,1
77,30,1117.10,355.74,26.19,72.84,1,1,1
77,31,1142.64,365.58,24.35,62.23,1,1,1
77,32,875.26,339.18,150.52,398.97,1,1,1
77,41,1087.95,359.27,23.71,56.60,1,1,1
77,46,1043.98,364.24,16.83,53.92,1,1,1
77,47,1070.17,359.85,17.59,59.66,1,1,1
77,48,1480.46,325.18,430.54,753.82,1,1,1
77,49,1782.15,317.29,79.27,193.90,1,1,1
77,50,1029.52,361.89,14.54,46.04,1,1,1
78,6,1380.14,346.81,72.34,191.49,1,1,1
78,7,1297.33,352.89,44.44,113.78,1,1,1
78,8,1202.51,358.22,17.27,59.61,1,1,1
78,10,1776.05,317.29,86.59,209.76,1,1,1
78,11,1218.24,347.65,51.18,150.00,1,1,1
78,15,1670.48,317.14,47.62,192.38,1,1,1
78,17,1327.40,349.66,37.33,105.48,1,1,1
78,19,1167.61,350.20,46.56,150.20,1,1,1
78,25,1171.30,357.04,21.91,69.04,1,1,1
78,26,1157.22,358.09,15.65,67.13,1,1,1
78,30,1118.59,355.24,26.05,69.11,1,1,1
78,31,1143.85,364.27,24.74,64.01,1,1,1
78,32,879.80,343.43,151.52,395.96,1,1,1
78,41,1089.76,358.03,25.30,60.24,1,1,1
78,46,1045.98,364.86,17.67,57.63,1,1,1
78,47,1070.68,360.64,17.87,57.43,1,1,1
78,48,1505.00,328.09,413.00,750.91,1,1,1
78,49,1782.15,316.07,81.71,209.76,1,1,1
78,50,1031.83,363.40,14.85,42.71,1,1,1
79,6,1384.49,344.39,74.33,196.26,1,1,1
79,7,1301.07,351.34,43.32,114.97,1,1,1
79,8,1205.67,360.32,17.00,56.68,1,1,1
79,10,1780.93,318.51,84.15,202.44,1,1,1
79,11,1223.53,348.66,49.20,149.20,1,1,1
79,15,1664.58,316.67,56.25,179.17,1,1,1
79,17,1327.05,347.95,32.53,105.48,1,1,1
79,19,1170.04,351.42,45.75,150.20,1,1,1
79,25,1173.42,355.64,18.36,58.51,1,1,1
79,26,1158.51,355.45,16.44,53.92,1,1,1
79,30,1120.58,354.96,26.62,73.67,1,1,1
79,31,1148.35,361.87,22.01,67.34,1,1,1
79,32,884.92,346.83,150.00,393.65,1,1,1
79,41,1092.25,359.15,21.83,58.92,1,1,1
79,46,1047.89,365.02,17.84,56.81,1,1,1
79,47,1072.54,359.62,17.61,57.98,1,1,1
79,48,1528.64,339.00,390.36,737.00,1,1,1
79,49,1798.67,319.33,66.67,190.67,1,1,1
79,50,1034.29,364.74,15.71,41.67,1,1,1
80,6,1388.77,344.92,74.87,196.26,1,1,1
80,7,1303.74,351.34,40.64,113.90,1,1,1
80,8,1205.17,359.04,18.45,64.21,1,1,1
80,10,1790.55,318.11,77.17,200.79,1,1,1
80,11,1223.08,349.32,52.49,147.51,1,1,1
80,15,1668.59,314.34,63.29,164.56,1,1,1
80,16,1706.80,328.16,35.92,150.49,1,1,1
80,17,1323.08,349.04,36.22,107.05,1,1,1
80,19,1169.23,350.61,46.96,150.20,1,1,1
80,25,1172.98,354.04,17.27,57.94,1,1,1
80,26,1159.05,354.04,15.04,58.50,1,1,1
80,30,1119.96,354.41,25.21,76.26,1,1,1
80,31,1148.95,361.76,21.64,65.76,1,1,1
80,32,891.43,347.62,148.57,398.10,1,1,1
80,41,1093.43,360.33,22.30,55.16,1,1,1
80,46,1050.23,366.90,16.90,54.23,1,1,1
80,47,1074.41,359.62,19.95,59.15,1,1,1
80,48,1549.69,338.77,369.31,736.23,1,1,1
80,49,1791.30,321.49,51.35,182.43,1,1,1
80,50,1034.19,363.24,15.68,40.62,1,1,1
81,6,1391.71,342.44,75.61,198.54,1,1,1
81,7,1306.34,352.20,39.51,114.63,1,1,1
81,8,1202.67,356.44,22.22,68.44,1,1,1
81,11,1226.61,348.32,51.68,149.85,1,1,1
81,15,1672.15,314.36,58.90,186.30,1,1,1
81,16,1710.60,325.83,37.75,149.67,1,1,1
81,17,1312.77,347.04,49.22,108.41,1,1,1
81,19,1173.66,348.78,43.90,153.17,1,1,1
81,25,1173.21,353.35,18.94,62.82,1,1,1
81,26,1162.36,356.81,14.09,59.12,1,1,1
81,30,1120.70,353.87,27.43,72.32,1,1,1
81,31,1151.12,361.10,21.70,63.09,1,1,1
81,32,896.63,348.31,142.70,393.26,1,1,1
81,41,1094.72,359.01,22.05,58.70,1,1,1
81,46,1051.60,366.31,16.20,52.03,1,1,1
81,47,1076.33,359.49,16.63,58.21,1,1,1
81,48,1574.86,331.59,343.14,747.41,1,1,1
81,49,1803.41,315.24,45.59,164.71,1,1,1
81,50,1035.91,363.42,13.76,41.28,1,1,1
82,6,1397.04,341.48,79.26,196.30,1,1,1
82,7,1309.79,351.06,42.13,114.89,1,1,1
82,8,1209.06,355.03,19.80,64.77,1,1,1
82,11,1229.49,344.87,50.85,151.71,1,1,1
82,15,1674.67,308.67,56.00,189.33,1,1,1
82,16,1720.93,323.26,37.98,162.79,1,1,1
82,17,1319.80,344.97,43.62,107.05,1,1,1
82,19,1175.94,347.06,44.92,150.80,1,1,1
82,25,1175.06,351.73,18.24,62.36,1,1,1
82,26,1160.05,355.20,15.94,59.35,1,1,1
82,30,1120.70,351.48,30.09,74.78,1,1,1
82,31,1150.43,357.04,24.52,66.61,1,1,1
82,32,898.75,345.00,149.38,392.50,1,1,1
82,41,1097.33,357.02,21.38,59.47,1,1,1
82,46,1051.22,363.03,19.38,53.90,1,1,1
82,47,1075.50,355.68,19.82,60.13,1,1,1
82,48,1599.69,323.38,319.31,754.62,1,1,1
82,49,1801.36,309.91,45.45,178.18,1,1,1
82,50,1035.60,360.66,13.82,43.79,1,1,1
83,6,1401.85,339.11,78.97,199.26,1,1,1
83,7,1314.02,348.71,38.01,112.55,1,1,1
83,8,1203.36,351.34,24.50,67.79,1,1,1
83,10,1775.00,312.18,71.15,199.36,1,1,1
83,11,1231.07,344.17,50.49,151.46,1,1,1
83,15,1679.55,308.09,55.68,188.64,1,1,1
83,16,1713.91,323.18,54.97,156.29,1,1,1
83,17,1323.99,343.61,39.56,109.97,1,1,1
83,19,1181.76,345.88,38.82,149.41,1,1,1
83,25,1180.22,350.70,15.88,59.33,1,1,1
83,26,1161.00,351.53,17.27,58.77,1,1,1
83,30,1120.55,351.50,27.48,73.21,1,1,1
83,31,1150.84,359.66,23.74,61.34,1,1,1
83,32,905.71,340.95,146.67,393.33,1,1,1
83,41,1094.55,355.25,23.93,57.78,1,1,1
83,46,1051.75,361.28,19.46,53.11,1,1,1
83,47,1076.46,351.95,18.29,63.42,1,1,1
83,48,1624.86,309.17,293.14,769.83,1,1,1
83,49,1809.30,312.74,56.98,191.86,1,1,1
83,50,1037.82,360.41,13.45,40.61,1,1,1
84,6,1404.12,335.88,79.41,196.47,1,1,1
84,7,1314.71,344.12,41.18,114.71,1,1,1
84,8,1208.02,351.34,20.86,64.71,1,1,1
84,10,1790.37,309.09,82.89,198.93,1,1,1
84,11,1232.47,341.70,52.77,151.29,1,1,1
84,15,1680.18,305.41,59.46,198.20,1,1,1
84,16,1717.12,319.82,51.35,163.96,1,1,1
84,17,1323.08,341.45,42.31,102.14,1,1,1
84,19,1180.49,343.41,42.44,150.24,1,1,1
84,25,1177.60,347.81,18.71,61.20,1,1,1
84,26,1161.66,349.65,15.01,59.35,1,1,1
84,30,1120.70,347.30,28.87,74.43,1,1,1
84,31,1149.91,357.39,24.87,64.52,1,1,1
84,32,906.90,332.76,148.28,400.00,1,1,1
84,41,1092.55,353.42,28.88,58.07,1,1,1
84,46,1051.60,364.59,19.40,50.18,1,1,1
84,47,1075.09,351.96,19.75,60.50,1,1,1
84,48,1653.69,295.54,264.31,783.46,1,1,1
84,49,1812.20,309.76,35.77,130.08,1,1,1
84,50,1035.67,357.11,15.63,41.48,1,1,1
85,6,1407.80,335.12,79.66,199.74,1,1,1
85,7,1313.52,344.26,42.21,115.16,1,1,1
85,10,1791.50,307.19,77.12,197.39,1,1,1
85,11,1229.28,339.64,54.95,150.00,1,1,1
85,15,1683.90,302.54,56.78,192.37,1,1,1
85,16,1715.65,318.26,53.04,160.87,1,1,1
85,17,1324.81,339.10,37.97,106.77,1,1,1
85,19,1180.59,340.59,47.06,151.18,1,1,1
85,25,1176.47,346.85,18.70,60.71,1,1,1
85,26,1160.08,351.26,17.44,56.09,1,1,1
85,30,1121.91,345.74,29.57,74.96,1,1,1
85,31,1151.13,352.00,22.09,67.13,1,1,1
85,32,909.30,331.01,151.94,398.45,1,1,1
85,41,1093.48,351.69,24.40,60.87,1,1,1
85,43,1074.18,356.00,11.64,36.73,1,1,1
85,46,1050.55,359.27,15.45,54.73,1,1,1
85,47,1078.36,347.09,16.18,65.09,1,1,1
85,48,1681.69,290.81,237.31,785.19,1,1,1
85,49,1814.13,307.61,33.70,104.35,1,1,1
85,50,1032.93,355.02,16.87,41.77,1,1,1
86,6,1408.56,333.69,79.14,196.79,1,1,1
86,7,1310.74,340.27,42.95,116.11,1,1,1
86,10,1790.68,306.78,93.22,194.92,1,1,1
86,11,1226.94,337.64,54.61,150.55,1,1,1
86,15,1681.45,300.81,59.68,196.77,1,1,1
86,16,1720.25,314.72,42.33,163.19,1,1,1
86,17,1322.02,337.40,37.67,105.84,1,1,1
86,19,1179.68,339.04,47.06,149.73,1,1,1
86,20,1191.92,343.73,12.53,51.25,1,1,1
86,25,1171.94,344.75,19.28,58.71,1,1,1
86,26,1157.27,349.35,17.55,55.83,1,1,1
86,30,1119.68,344.78,26.31,74.90,1,1,1
86,31,1146.33,351.03,25.22,68.33,1,1,1
86,32,910.57,326.02,149.59,397.56,1,1,1
86,41,1092.29,349.73,22.87,58.78,1,1,1
86,43,1070.34,354.31,13.43,43.89,1,1,1
86,46,1047.26,357.12,17.88,55.84,1,1,1
86,47,1074.09,348.91,17.70,61.68,1,1,1
86,48,1714.52,297.10,203.48,781.90,1,1,1
86,49,1807.41,306.48,37.96,119.44,1,1,1
86,50,1028.87,353.92,16.44,41.11,1,1,1
87,6,1408.29,329.27,79.51,203.90,1,1,1
87,7,1304.88,340.49,46.83,114.63,1,1,1
87,10,1783.90,300.85,83.05,200.00,1,1,1
87,11,1221.78,334.22,59.56,150.22,1,1,1
87,15,1680.85,298.58,55.32,196.45,1,1,1
87,16,1717.24,312.07,42.24,149.14,1,1,1
87,17,1312.73,336.33,40.82,104.87,1,1,1
87,19,1174.87,336.36,45.99,149.20,1,1,1
87,20,1187.06,341.37,11.17,45.43,1,1,1
87,25,1168.87,342.96,19.48,55.65,1,1,1
87,26,1153.57,347.83,15.65,56.35,1,1,1
87,30,1114.53,342.16,27.19,74.53,1,1,1
87,31,1141.58,347.77,24.03,68.49,1,1,1
87,32,911.50,320.35,146.90,392.04,1,1,1
87,41,1086.74,346.95,25.73,59.42,1,1,1
87,43,1065.40,349.40,12.60,46.00,1,1,1
87,46,1042.60,354.40,16.00,54.40,1,1,1
87,47,1069.40,342.60,17.20,66.20,1,1,1
87,48,1747.28,322.97,170.72,756.03,1,1,1
87,49,1802.22,302.22,43.33,96.67,1,1,1
87,50,1023.60,351.78,17.77,42.89,1,1,1
88,6,1406.95,328.34,79.68,202.67,1,1,1
88,7,1301.85,334.69,43.54,117.71,1,1,1
88,10,1778.29,299.22,82.95,202.33,1,1,1
88,11,1217.41,332.39,59.92,150.61,1,1,1
88,15,1673.79,296.12,58.25,199.03,1,1,1
88,16,1710.34,311.21,43.10,159.48,1,1,1
88,17,1293.50,333.05,54.24,108.19,1,1,1
88,19,1172.19,333.16,46.52,148.66,1,1,1
88,20,1181.47,339.59,11.42,46.95,1,1,1
88,25,1161.04,340.00,20.52,57.04,1,1,1
88,26,1145.57,344.17,15.30,55.65,1,1,1
88,30,1110.26,340.00,25.91,75.48,1,1,1
88,31,1135.83,343.13,25.39,68.17,1,1,1
88,32,910.38,316.04,149.06,397.17,1,1,1
88,41,1080.60,346.48,24.31,59.06,1,1,1
88,43,1058.21,348.61,13.43,44.78,1,1,1
88,46,1037.31,351.81,14.71,54.16,1,1,1
88,47,1062.26,341.58,18.34,63.75,1,1,1
88,48,1776.77,344.77,142.23,732.23,1,1,1
88,49,1804.46,301.79,36.61,125.89,1,1,1
88,50,1016.06,349.09,18.61,43.25,1,1,1
89,6,1403.41,323.41,78.54,206.34,1,1,1
89,7,1294.63,332.20,44.88,121.46,1,1,1
89,10,1772.09,296.12,85.27,202.33,1,1,1
89,11,1211.56,329.33,61.78,152.00,1,1,1
89,15,1667.52,293.16,60.68,200.85,1,1,1
89,16,1704.35,308.70,43.48,167.83,1,1,1
89,17,1286.47,331.20,52.26,108.65,1,1,1
89,19,1166.47,330.59,44.12,150.59,1,1,1
89,20,1171.25,336.70,14.68,52.60,1,1,1
89,25,1154.68,338.62,22.56,57.74,1,1,1
89,26,1139.96,343.79,15.30,53.73,1,1,1
89,30,1103.31,340.00,26.47,75.25,1,1,1
89,31,1129.06,343.88,23.31,66.91,1,1,1
89,32,907.05,310.26,149.36,400.00,1,1,1
89,41,1076.09,344.60,22.07,58.85,1,1,1
89,46,1027.59,350.34,16.09,46.90,1,1,1
89,47,1056.78,340.00,16.32,61.38,1,1,1
89,48,1806.58,391.75,112.42,686.25,1,1,1
89,49,1799.06,298.11,37.74,123.58,1,1,1
89,50,1011.80,345.96,13.35,44.72,1,1,1
90,6,1397.65,318.24,79.41,208.24,1,1,1
90,7,1291.76,329.41,42.35,120.00,1,1,1
90,10,1766.95,298.31,78.81,197.46,1,1,1
90,11,1206.48,327.94,63.56,151.01,1,1,1
90,15,1653.77,290.57,64.15,200.00,1,1,1
90,16,1698.10,306.67,40.31,141.88,1,1,1
90,17,1281.85,329.11,53.08,106.51,1,1,1
90,19,1161.95,328.78,40.49,149.76,1,1,1
90,25,1149.58,337.60,18.94,55.15,1,1,1
90,30,1092.37,338.96,21.29,67.87,1,1,1
90,31,1120.88,347.39,21.69,56.63,1,1,1
90,32,906.67,310.48,146.67,400.00,1,1,1
90,41,1065.44,339.66,20.96,53.26,1,1,1
90,43,1035.98,347.03,16.15,43.06,1,1,1
90,46,1016.15,349.58,15.86,48.16,1,1,1
90,47,1049.58,341.08,13.88,55.52,1,1,1
90,48,1841.56,454.11,76.44,624.89,1,1,1
90,49,1787.78,295.56,42.22,135.56,1,1,1
90,50,1003.70,344.11,13.63,46.19,1,1,1
91,6,1391.88,316.24,78.21,208.55,1,1,1
91,7,1282.91,326.50,40.60,118.38,1,1,1
91,10,1753.42,294.41,80.75,196.89,1,1,1
91,11,1197.01,323.08,63.25,150.85,1,1,1
91,15,1639.13,289.13,76.09,202.17,1,1,1
91,16,1689.55,305.22,42.54,153.73,1,1,1
91,17,1268.79,326.24,54.26,108.16,1,1,1
91,19,1152.41,324.60,46.52,150.80,1,1,1
91,25,1136.29,333.25,24.62,51.52,1,1,1
91,30,1083.86,334.34,27.37,73.10,1,1,1
91,31,1109.49,341.14,25.47,64.56,1,1,1
91,32,900.00,305.31,151.33,403.54,1,1,1
91,41,1057.37,337.50,21.15,58.01,1,1,1
91,43,1029.17,341.03,17.31,49.68,1,1,1
91,46,1011.67,341.38,17.51,54.38,1,1,1
91,47,1039.52,337.93,17.51,59.95,1,1,1
91,48,1867.00,473.38,52.00,604.62,1,1,1
91,49,1782.02,291.01,53.93,150.56,1,1,1
91,50,995.13,339.33,15.36,54.68,1,1,1
92,5,1477.07,328.78,16.59,76.10,1,1,1
92,6,1386.42,313.58,77.16,208.02,1,1,1
92,7,1271.60,326.54,41.36,116.05,1,1,1
92,10,1739.46,290.46,82.93,198.78,1,1,1
92,11,1187.08,319.93,66.42,152.40,1,1,1
92,15,1642.34,285.59,55.86,200.90,1,1,1
92,16,1680.18,300.90,41.44,168.47,1,1,1
92,17,1259.40,322.22,52.14,108.12,1,1,1
92,19,1142.55,320.57,46.10,153.90,1,1,1
92,20,1143.42,327.71,12.93,54.04,1,1,1
92,25,1127.30,329.91,21.57,57.39,1,1,1
92,26,1112.00,333.22,18.78,53.74,1,1,1
92,30,1075.13,332.46,24.61,70.42,1,1,1
92,31,1101.83,341.75,24.35,61.13,1,1,1
92,32,896.75,304.88,150.41,406.50,1,1,1
92,41,1047.87,334.04,22.07,59.31,1,1,1
92,43,1018.88,337.77,18.09,46.28,1,1,1
92,46,1001.00,337.88,19.64,53.51,1,1,1
92,47,1029.06,333.47,15.83,61.92,1,1,1
92,48,1895.55,410.90,22.45,668.10,1,1,1
92,49,1771.72,286.87,58.59,140.40,1,1,1
92,50,982.91,336.72,12.93,41.11,1,1,1
93,5,1464.90,317.22,21.85,86.75,1,1,1
93,6,1378.81,309.93,74.83,213.25,1,1,1
93,7,1260.53,323.31,43.61,116.17,1,1,1
93,10,1731.01,283.72,82.17,203.88,1,1,1
93,11,1176.11,316.60,66.40,153.44,1,1,1
93,15,1634.92,284.13,57.94,195.24,1,1,1
93,16,1666.67,296.83,44.44,170.63,1,1,1
93,17,1248.50,319.55,52.26,107.14,1,1,1
93,19,1133.69,318.72,45.45,150.80,1,1,1
93,20,1132.59,324.79,14.21,55.43,1,1,1
93,25,1115.76,326.68,23.11,57.98,1,1,1
93,26,1099.16,331.93,18.49,53.78,1,1,1
93,30,1063.61,329.11,25.63,70.89,1,1,1
93,31,1090.98,336.55,23.73,63.77,1,1,1
93,32,892.22,306.67,148.89,405.56,1,1,1
93,41,1035.37,332.31,23.71,55.07,1,1,1
93,43,1004.97,335.76,14.53,51.43,1,1,1
93,46,988.53,338.62,18.93,52.39,1,1,1
93,47,1015.30,332.31,20.27,61.38,1,1,1
93,49,1762.04,282.41,56.48,128.70,1,1,1
93,50,976.76,339.14,10.70,47.71,1,1,1
94,5,1453.49,317.83,23.26,86.05,1,1,1
94,6,1371.71,304.39,76.59,214.15,1,1,1
94,7,1250.73,318.54,43.90,117.07,1,1,1
94,10,1720.00,280.00,82.94,203.53,1,1,1
94,11,1166.80,312.15,66.80,153.04,1,1,1
94,15,1622.48,278.29,62.02,197.67,1,1,1
94,16,1661.24,293.02,41.09,161.24,1,1,1
94,17,1236.90,315.13,55.35,110.70,1,1,1
94,19,1125.09,314.76,45.39,152.77,1,1,1
94,20,1122.18,321.22,14.15,52.01,1,1,1
94,25,1106.69,322.56,21.22,56.98,1,1,1
94,26,1089.67,324.67,17.97,55.26,1,1,1
94,30,1052.95,326.91,27.34,70.65,1,1,1
94,31,1082.30,330.36,22.73,66.19,1,1,1
94,32,884.92,303.97,150.79,407.14,1,1,1
94,41,1025.76,327.17,21.55,61.83,1,1,1
94,43,996.25,331.15,13.58,53.63,1,1,1
94,46,983.39,334.45,16.61,48.76,1,1,1
94,47,1006.36,325.80,20.32,63.25,1,1,1
94,49,1757.45,281.56,44.68,148.94,1,1,1
95,5,1442.78,310.70,21.93,89.84,1,1,1
95,6,1365.33,302.67,76.00,210.67,1,1,1
95,7,1240.00,314.67,45.78,116.00,1,1,1
95,10,1709.41,275.88,78.24,202.94,1,1,1
95,11,1155.87,308.91,68.42,152.23,1,1,1
95,15,1613.10,274.19,60.71,198.81,1,1,1
95,16,1648.91,289.13,41.30,165.22,1,1,1
95,17,1228.64,310.92,54.13,104.37,1,1,1
95,19,1116.58,311.23,44.39,152.41,1,1,1
95,20,1111.70,316.71,15.32,53.20,1,1,1
95,25,1097.48,319.12,22.90,56.51,1,1,1
95,26,1079.41,320.80,18.91,54.62,1,1,1
95,30,1042.65,320.80,27.73,69.54,1,1,1
95,31,1071.22,328.99,23.11,59.87,1,1,1
95,32,879.76,302.76,148.81,403.57,1,1,1
95,41,1015.96,322.34,23.05,59.22,1,1,1
95,43,979.79,321.63,19.86,59.93,1,1,1
95,46,968.80,330.13,16.53,50.93,1,1,1
95,47,996.53,319.20,19.73,61.60,1,1,1
95,49,1745.37,278.70,55.56,163.89,1,1,1
96,2,1883.00,263.33,36.00,157.67,1,1,1
96,5,1429.51,304.10,27.05,89.34,1,1,1
96,6,1359.02,300.82,72.95,210.66,1,1,1
96,7,1227.32,311.34,45.88,115.46,1,1,1
96,10,1694.92,276.27,83.05,201.69,1,1,1
96,11,1145.75,306.07,68.83,152.23,1,1,1
96,15,1598.11,271.70,61.32,200.00,1,1,1
96,16,1636.69,285.61,45.32,162.59,1,1,1
96,17,1216.95,307.06,54.80,110.17,1,1,1
96,19,1103.87,307.10,47.10,151.61,1,1,1
96,20,1100.00,312.31,12.74,46.07,1,1,1
96,25,1083.71,314.44,25.96,58.15,1,1,1
96,26,1067.81,318.41,23.97,54.97,1,1,1
96,30,1028.87,315.63,30.99,71.13,1,1,1
96,31,1060.79,327.02,23.44,60.13,1,1,1
96,32,871.90,300.65,149.02,405.88,1,1,1
96,41,1004.10,319.74,21.54,57.44,1,1,1
96,43,971.28,320.26,18.21,57.18,1,1,1
96,46,957.14,326.64,16.80,51.35,1,1,1
96,47,987.26,315.64,19.50,61.97,1,1,1
96,49,1732.62,275.89,59.57,142.55,1,1,1
97,2,1886.22,258.19,32.78,178.81,1,1,1
97,3,1885.23,277.23,33.77,129.77,1,1,1
97,5,1414.15,299.06,34.91,92.45,1,1,1
97,6,1349.64,294.96,73.38,215.83,1,1,1
97,7,1219.00,309.05,44.34,115.38,1,1,1
97,10,1680.97,270.85,81.38,203.64,1,1,1
97,11,1135.57,302.35,66.78,153.36,1,1,1
97,15,1589.66,268.97,60.34,194.83,1,1,1
97,16,1622.73,283.64,44.55,154.55,1,1,1
97,17,1203.83,304.42,53.69,112.09,1,1,1
97,19,1091.44,302.67,47.06,153.48,1,1,1
97,20,1090.53,309.75,11.42,49.58,1,1,1
97,25,1071.51,311.85,23.14,57.55,1,1,1
97,26,1055.64,315.30,20.27,54.49,1,1,1
97,30,1021.41,313.58,26.39,72.08,1,1,1
97,31,1046.65,321.22,27.53,63.10,1,1,1
97,32,868.46,298.46,146.15,407.69,1,1,1
97,41,991.16,315.79,22.11,58.53,1,1,1
97,43,960.42,317.26,15.79,57.26,1,1,1
97,47,974.96,311.29,17.46,63.32,1,1,1
97,49,1721.28,271.63,57.45,149.65,1,1,1
98,2,1873.89,256.82,45.11,169.18,1,1,1
98,3,1876.32,266.06,42.68,149.94,1,1,1
98,5,1402.88,294.24,30.94,91.37,1,1,1
98,6,1341.18,292.76,76.47,215.38,1,1,1
98,7,1206.78,304.52,43.79,116.10,1,1,1
98,10,1667.91,266.84,82.35,203.21,1,1,1
98,11,1125.38,299.75,67.01,152.79,1,1,1
98,15,1584.82,265.18,53.57,191.96,1,1,1
98,16,1611.65,280.58,45.63,160.19,1,1,1
98,17,1192.40,300.80,50.20,114.00,1,1,1
98,19,1084.88,301.95,46.34,150.73,1,1,1
98,20,1077.66,306.09,9.39,47.97,1,1,1
98,25,1061.22,308.17,21.39,57.57,1,1,1
98,26,1045.91,312.35,16.52,54.96,1,1,1
98,30,1004.91,308.67,31.79,71.39,1,1,1
98,31,1034.10,314.16,26.59,67.05,1,1,1
98,32,858.33,298.00,150.00,400.00,1,1,1
98,41,982.13,313.87,19.73,58.67,1,1,1
98,43,949.07,311.47,16.00,61.60,1,1,1
98,47,961.87,308.53,20.00,64.27,1,1,1
98,49,1706.38,268.79,60.99,134.75,1,1,1
99,2,1863.57,253.49,41.86,144.96,1,1,1
99,3,1862.08,265.45,52.11,143.66,1,1,1
99,5,1392.91,292.20,31.91,92.20,1,1,1
99,6,1333.20,291.90,76.11,214.57,1,1,1
99,7,1195.14,302.43,45.34,118.62,1,1,1
99,10,1657.75,264.71,81.82,203.74,1,1,1
99,11,1114.44,297.33,68.45,151.87,1,1,1
99,15,1569.05,261.31,55.36,195.24,1,1,1
99,16,1604.76,276.79,43.45,158.93,1,1,1
99,17,1182.60,298.59,51.85,116.34,1,1,1
99,19,1073.17,300.00,46.34,152.20,1,1,1
99,20,1067.02,303.36,11.76,49.58,1,1,1
99,25,1049.93,305.61,20.86,57.55,1,1,1
99,26,1034.53,309.21,18.42,50.94,1,1,1
99,30,997.77,306.81,26.57,69.90,1,1,1
99,31,1023.17,311.52,27.23,68.85,1,1,1
99,32,855.45,290.91,148.18,409.09,1,1,1
99,41,970.11,311.25,21.77,61.25,1,1,1
99,43,932.47,313.47,20.30,57.93,1,1,1
99,47,951.48,307.20,19.56,65.31,1,1,1
99,49,1712.90,265.81,40.00,132.26,1,1,1
100,2,1854.32,247.78,45.12,176.83,1,1,1
100,3,1839.08,263.77,69.23,165.38,1,1,1
100,5,1380.58,289.93,30.94,91.37,1,1,1
100,6,1328.51,286.88,76.47,217.65,1,1,1
100,7,1181.00,295.93,51.58,122.62,1,1,1
100,10,1647.52,261.70,80.14,202.84,1,1,1
100,11,1104.28,295.19,69.52,151.87,1,1,1
100,15,1559.77,259.67,58.62,194.25,1,1,1
100,16,1596.72,271.31,40.16,168.03,1,1,1
100,17,1173.54,296.89,46.69,105.84,1,1,1
100,19,1062.44,298.05,46.83,151.22,1,1,1
100,30,988.15,304.02,25.62,68.64,1,1,1
100,31,1011.85,310.71,28.68,58.13,1,1,1
100,32,851.03,285.52,146.90,413.79,1,1,1
100,41,959.51,310.22,23.72,60.74,1,1,1
100,47,942.54,304.70,19.02,66.26,1,1,1
100,49,1702.58,261.29,44.52,134.84,1,1,1
101,1,1886.54,252.46,32.46,142.54,1,1,1
101,2,1838.85,247.85,55.38,156.92,1,1,1
101,3,1828.28,259.82,69.01,156.34,1,1,1
101,5,1368.39,288.39,34.19,103.23,1,1,1
101,6,1321.03,288.19,73.80,217.34,1,1,1
101,7,1181.92,295.20,43.54,122.51,1,1,1
101,10,1637.42,260.00,80.00,205.16,1,1,1
101,11,1097.98,297.17,65.99,148.18,1,1,1
101,15,1548.28,258.62,61.21,189.66,1,1,1
101,16,1587.27,277.27,40.00,154.55,1,1,1
101,17,1164.08,293.85,40.78,105.50,1,1,1
101,19,1055.47,296.76,46.56,153.04,1,1,1
101,30,978.98,302.08,27.25,72.98,1,1,1
101,31,1007.39,309.24,23.56,58.20,1,1,1
101,32,844.86,285.98,147.66,405.61,1,1,1
101,41,948.46,310.19,24.07,61.11,1,1,1
101,47,936.73,305.25,19.44,66.67,1,1,1
101,49,1693.55,261.94,42.58,140.65,1,1,1
101,50,881.21,317.45,14.43,44.63,1,1,1
102,1,1877.42,254.84,39.78,131.18,1,1,1
102,2,1832.53,250.34,50.60,142.17,1,1,1
102,3,1819.28,261.18,70.48,153.91,1,1,1
102,5,1366.91,289.71,31.62,95.59,1,1,1
102,6,1315.68,288.98,77.54,217.80,1,1,1
102,7,1173.31,298.73,40.68,115.68,1,1,1
102,10,1625.42,261.02,83.05,203.39,1,1,1
102,11,1089.76,295.12,63.90,151.71,1,1,1
102,15,1558.29,260.43,37.43,184.49,1,1,1
102,16,1584.66,273.86,38.07,142.61,1,1,1
102,17,1153.39,295.87,37.46,106.78,1,1,1
102,19,1045.45,296.26,46.52,151.87,1,1,1
102,20,1037.60,299.44,13.09,46.52,1,1,1
102,25,1020.17,301.68,22.27,53.36,1,1,1
102,26,1007.77,304.62,18.70,50.84,1,1,1
102,30,975.72,300.19,20.46,72.85,1,1,1
102,31,993.69,308.99,26.77,64.44,1,1,1
102,32,841.49,279.79,150.00,407.45,1,1,1
102,41,938.78,306.41,25.66,62.39,1,1,1
102,47,933.60,306.60,17.80,62.00,1,1,1
102,49,1687.23,260.99,36.88,121.99,1,1,1
102,50,875.53,311.66,13.38,36.33,1,1,1
103,1,1871.15,258.62,47.85,141.38,1,1,1
103,2,1826.54,252.46,49.23,156.92,1,1,1
103,3,1808.26,265.15,101.28,148.72,1,1,1
103,5,1360.98,294.31,29.27,95.12,1,1,1
103,6,1306.54,289.25,80.37,219.16,1,1,1
103,7,1165.89,297.66,40.65,119.16,1,1,1
103,8,1040.60,304.03,26.17,69.13,1,1,1
103,10,1616.78,264.43,81.88,197.32,1,1,1
103,11,1082.49,293.65,65.48,154.57,1,1,1
103,15,1534.53,258.27,62.59,199.28,1,1,1
103,16,1574.82,278.42,43.17,146.76,1,1,1
103,17,1147.94,298.88,35.96,108.61,1,1,1
103,19,1041.18,295.19,47.06,149.73,1,1,1
103,20,1027.86,301.11,13.93,45.40,1,1,1
103,25,1011.32,303.23,23.79,52.42,1,1,1
103,26,1001.62,306.93,17.78,50.12,1,1,1
103,30,964.11,303.11,24.40,71.29,1,1,1
103,31,988.28,308.61,25.36,66.75,1,1,1
103,32,837.50,280.77,150.96,399.04,1,1,1
103,41,931.94,305.90,22.92,64.93,1,1,1
103,49,1682.58,263.23,38.06,125.16,1,1,1
103,50,868.46,310.40,14.43,38.59,1,1,1
104,1,1859.20,258.76,58.54,137.80,1,1,1
104,2,1818.95,253.88,42.68,131.71,1,1,1
104,3,1802.66,266.41,100.00,157.53,1,1,1
104,5,1348.80,295.18,34.34,97.59,1,1,1
104,6,1301.00,288.50,83.00,223.00,1,1,1
104,7,1157.00,300.00,45.00,117.00,1,1,1
104,8,1032.94,306.47,25.88,68.24,1,1,1
104,10,1610.00,269.41,81.18,198.24,1,1,1
104,11,1076.52,296.36,61.94,152.63,1,1,1
104,15,1517.92,262.26,70.75,203.77,1,1,1
104,16,1572.64,279.25,45.28,168.87,1,1,1
104,17,1137.01,299.44,38.98,105.37,1,1,1
104,19,1033.16,297.33,47.06,153.48,1,1,1
104,20,1020.05,302.79,13.71,48.48,1,1,1
104,25,1006.78,304.70,19.48,50.09,1,1,1
104,26,992.17,309.22,21.22,48.52,1,1,1
104,30,955.30,305.22,27.13,70.61,1,1,1
104,31,980.87,313.04,23.48,64.70,1,1,1
104,32,832.50,280.00,151.88,398.12,1,1,1
104,41,926.21,308.41,22.98,59.22,1,1,1
104,46,871.05,315.59,15.14,41.20,1,1,1
104,49,1674.84,264.52,41.29,129.68,1,1,1
104,50,858.66,311.55,15.47,42.03,1,1,1
105,1,1853.10,261.20,48.78,139.02,1,1,1
105,2,1811.63,258.76,47.56,131.71,1,1,1
105,3,1791.70,277.37,98.63,142.47,1,1,1
105,6,1302.50,294.50,80.50,220.50,1,1,1
105,7,1151.00,303.00,41.00,120.00,1,1,1
105,10,1600.40,267.61,81.78,202.43,1,1,1
105,11,1067.61,299.19,61.94,152.63,1,1,1
105,15,1518.55,266.13,64.52,204.84,1,1,1
105,16,1566.26,283.44,38.65,160.12,1,1,1
105,17,1129.45,303.52,35.38,98.46,1,1,1
105,19,1022.99,302.14,48.66,149.20,1,1,1
105,20,1012.26,305.29,12.53,48.19,1,1,1
105,25,997.13,306.50,20.46,54.68,1,1,1
105,26,988.72,309.37,16.63,52.01,1,1,1
105,30,948.87,308.87,23.65,61.74,1,1,1
105,31,971.30,316.35,26.26,62.96,1,1,1
105,32,827.91,281.40,155.81,401.55,1,1,1
105,41,918.72,310.70,20.86,67.38,1,1,1
105,46,865.13,320.32,12.47,37.64,1,1,1
105,49,1672.26,264.52,34.84,120.00,1,1,1
105,50,849.82,315.50,16.61,44.28,1,1,1
106,1,1842.12,266.07,46.34,130.49,1,1,1
106,2,1804.32,258.76,46.34,131.71,1,1,1
106,3,1788.08,280.15,90.77,149.23,1,1,1
106,6,1296.92,297.95,82.56,220.00,1,1,1
106,7,1144.10,306.67,45.13,117.95,1,1,1
106,10,1592.28,273.15,79.19,201.01,1,1,1
106,11,1063.42,303.69,61.07,151.34,1,1,1
106,15,1496.06,275.59,73.23,196.06,1,1,1
106,16,1559.84,285.04,38.58,171.65,1,1,1
106,17,1121.59,306.17,32.13,100.51,1,1,1
106,19,1014.97,305.88,47.06,150.27,1,1,1
106,20,1003.62,308.08,14.48,48.75,1,1,1
106,25,988.53,310.13,16.83,54.30,1,1,1
106,26,977.44,314.34,17.59,50.86,1,1,1
106,30,939.96,313.58,26.58,65.58,1,1,1
106,31,962.52,319.69,26.77,66.35,1,1,1
106,32,825.71,285.71,153.33,403.81,1,1,1
106,41,909.09,315.29,23.55,63.22,1,1,1
106,46,851.24,321.07,19.83,47.52,1,1,1
106,49,1665.25,270.92,36.17,130.50,1,1,1
106,50,843.43,318.04,13.76,44.65,1,1,1
107,1,1836.02,273.39,53.66,150.00,1,1,1
107,2,1795.78,259.98,47.56,134.15,1,1,1
107,3,1779.37,278.74,93.15,152.05,1,1,1
107,6,1293.65,298.41,84.13,224.60,1,1,1
107,7,1138.89,311.90,41.27,116.67,1,1,1
107,10,1586.63,275.25,78.22,201.49,1,1,1
107,11,1057.43,305.94,59.41,151.98,1,1,1
107,15,1493.38,275.00,69.12,202.94,1,1,1
107,16,1555.15,280.88,41.18,179.41,1,1,1
107,17,1114.08,310.56,34.15,104.58,1,1,1
107,19,1011.76,309.09,44.39,151.34,1,1,1
107,20,996.94,313.93,15.04,48.19,1,1,1
107,30,932.12,318.36,28.68,65.58,1,1,1
107,31,959.85,321.99,21.03,67.69,1,1,1
107,32,822.34,290.43,155.32,405.32,1,1,1
107,41,907.37,321.79,20.51,57.05,1,1,1
107,46,849.03,325.60,13.53,41.30,1,1,1
107,49,1660.00,274.84,39.35,139.35,1,1,1
107,50,835.79,325.13,15.23,40.36,1,1,1
108,1,1834.80,274.61,46.34,134.15,1,1,1
108,2,1788.89,265.56,41.11,118.89,1,1,1
108,3,1769.94,282.28,93.06,145.83,1,1,1
108,5,1314.72,305.52,30.67,76.69,1,1,1
108,6,1295.37,297.30,82.24,230.89,1,1,1
108,7,1132.43,313.51,43.24,119.31,1,1,1
108,10,1577.73,278.14,82.59,201.62,1,1,1
108,11,1051.82,308.91,58.30,146.96,1,1,1
108,15,1490.37,282.96,65.93,188.89,1,1,1
108,16,1551.85,290.37,40.74,169.63,1,1,1
108,17,1105.85,311.44,39.36,107.71,1,1,1
108,19,1005.85,310.24,45.85,151.71,1,1,1
108,20,992.89,314.97,11.68,50.51,1,1,1
108,25,976.90,315.35,23.89,54.91,1,1,1
108,26,965.98,321.84,17.72,48.73,1,1,1
108,30,929.59,318.99,24.53,73.58,1,1,1
108,31,951.90,325.47,26.90,66.93,1,1,1
108,32,820.38,293.63,155.41,413.38,1,1,1
108,43,866.67,324.81,10.78,42.86,1,1,1
108,46,844.36,326.82,17.79,43.86,1,1,1
108,49,1656.47,276.47,32.35,122.94,1,1,1
108,50,829.53,322.84,18.66,44.85,1,1,1
109,1,1822.61,272.17,43.90,136.59,1,1,1
109,2,1783.59,267.29,45.12,125.61,1,1,1
109,3,1765.67,286.96,91.78,147.95,1,1,1
109,5,1309.64,306.63,24.70,80.12,1,1,1
109,6,1292.17,302.41,85.54,230.72,1,1,1
109,7,1130.00,316.82,40.45,119.09,1,1,1
109,10,1573.80,281.28,78.61,202.14,1,1,1
109,11,1049.20,311.23,55.61,153.48,1,1,1
109,15,1492.81,283.45,61.15,200.00,1,1,1
109,16,1548.92,292.09,45.32,165.47,1,1,1
109,17,1099.69,313.98,42.55,99.07,1,1,1
109,19,1003.56,315.11,45.33,152.44,1,1,1
109,20,987.82,316.81,15.55,49.79,1,1,1
109,25,973.09,317.99,21.44,56.12,1,1,1
109,26,963.17,321.29,17.41,53.96,1,1,1
109,30,925.61,321.25,23.98,74.39,1,1,1
109,31,946.32,327.52,28.07,68.12,1,1,1
109,32,818.25,300.00,157.94,410.32,1,1,1
109,43,861.36,327.73,10.45,42.73,1,1,1
109,46,842.96,331.22,13.15,42.49,1,1,1
109,49,1654.84,279.35,31.61,121.94,1,1,1
109,50,824.87,328.00,17.04,40.35,1,1,1
110,1,1825.05,275.83,46.34,129.27,1,1,1
110,2,1777.49,270.95,52.44,137.80,1,1,1
110,3,1760.19,286.96,89.04,147.95,1,1,1
110,5,1305.96,308.61,29.80,87.42,1,1,1
110,6,1292.05,305.30,86.09,235.10,1,1,1
110,7,1126.49,320.53,43.71,116.56,1,1,1
110,10,1572.34,285.11,77.30,199.29,1,1,1
110,11,1046.10,314.18,55.32,150.35,1,1,1
110,15,1489.69,279.38,64.95,202.06,1,1,1
110,16,1546.39,292.78,43.30,182.47,1,1,1
110,17,1095.95,316.20,41.15,108.32,1,1,1
110,19,998.99,317.45,45.97,149.33,1,1,1
110,20,984.99,319.63,12.70,48.73,1,1,1
110,25,969.52,320.32,21.71,56.81,1,1,1
110,26,958.89,326.10,17.55,50.81,1,1,1
110,30,917.55,323.79,27.25,71.59,1,1,1
110,31,943.42,329.10,25.64,66.28,1,1,1
110,32,817.12,303.60,157.66,412.61,1,1,1
110,43,857.04,329.85,9.22,43.20,1,1,1
110,46,839.56,333.74,16.26,45.87,1,1,1
110,49,1654.19,284.52,32.26,127.74,1,1,1
110,50,820.80,329.62,16.60,42.23,1,1,1
111,1,1820.17,278.27,45.12,132.93,1,1,1
111,2,1772.61,268.51,53.66,141.46,1,1,1
111,3,1756.08,286.96,87.67,141.10,1,1,1
111,5,1304.35,310.87,26.81,69.57,1,1,1
111,6,1294.50,307.50,85.50,234.00,1,1,1
111,7,1123.63,321.92,42.81,117.12,1,1,1
111,10,1570.37,284.44,76.30,203.70,1,1,1
111,11,1044.44,316.30,54.81,152.59,1,1,1
111,15,1477.40,284.25,73.29,200.00,1,1,1
111,16,1544.52,296.58,46.58,165.75,1,1,1
111,17,1090.59,317.47,45.97,108.33,1,1,1
111,19,996.64,318.46,46.64,152.01,1,1,1
111,20,980.17,321.74,15.13,48.35,1,1,1
111,25,966.55,324.17,20.48,53.93,1,1,1
111,26,955.00,327.86,18.21,54.40,1,1,1
111,30,911.89,325.00,29.27,69.97,1,1,1
111,31,939.63,331.10,29.42,63.57,1,1,1
111,32,817.09,308.55,157.26,413.68,1,1,1
111,42,862.32,331.64,11.92,42.13,1,1,1
111,43,852.20,331.53,11.86,45.08,1,1,1
111,46,836.98,335.81,21.16,51.86,1,1,1
111,49,1645.88,289.41,38.82,116.47,1,1,1
111,50,817.02,333.19,17.44,41.81,1,1,1
112,1,1814.44,278.89,53.33,123.33,1,1,1
112,2,1770.00,271.11,50.00,122.22,1,1,1
112,3,1751.67,286.44,88.89,158.02,1,1,1
112,5,1300.60,310.84,31.93,79.52,1,1,1
112,6,1294.58,310.24,87.95,235.54,1,1,1
112,7,1122.29,322.29,43.37,119.28,1,1,1
112,10,1567.80,284.88,76.10,206.34,1,1,1
112,11,1041.46,317.56,52.68,152.20,1,1,1
112,15,1466.34,279.02,82.93,210.73,1,1,1
112,16,1550.24,296.10,36.59,166.83,1,1,1
112,17,1088.45,319.40,46.42,110.39,1,1,1
112,19,993.62,320.13,47.65,151.34,1,1,1
112,20,977.82,323.71,15.11,46.46,1,1,1
112,25,963.60,326.33,23.88,57.55,1,1,1
112,26,953.96,329.21,15.97,54.82,1,1,1
112,30,912.81,327.34,24.60,70.36,1,1,1
112,31,936.26,332.23,28.63,65.47,1,1,1
112,32,816.67,313.49,160.32,413.49,1,1,1
112,42,856.81,331.63,16.40,56.37,1,1,1
112,43,847.86,330.35,11.67,56.81,1,1,1
112,46,831.77,337.04,24.89,55.93,1,1,1
112,49,1650.85,288.14,47.46,122.88,1,1,1
112,50,813.19,334.80,17.78,43.40,1,1,1
113,1,1806.76,279.49,63.41,129.27,1,1,1
113,2,1768.95,270.95,53.66,151.22,1,1,1
113,3,1749.44,286.80,89.02,152.44,1,1,1
113,5,1298.06,314.84,30.32,76.13,1,1,1
113,6,1295.48,312.90,87.74,234.19,1,1,1
113,7,1119.03,323.08,43.72,119.03,1,1,1
113,10,1565.45,283.64,79.39,209.09,1,1,1
113,11,1039.39,319.39,53.94,152.12,1,1,1
113,15,1468.57,289.52,82.86,210.48,1,1,1
113,16,1548.57,293.33,37.14,167.62,1,1,1
113,17,1080.74,320.04,47.47,98.64,1,1,1
113,19,990.61,321.57,47.97,151.52,1,1,1
113,20,974.96,323.83,14.78,48.70,1,1,1
113,25,962.30,326.57,22.12,56.28,1,1,1
113,26,949.87,328.93,17.67,54.19,1,1,1
113,30,913.20,330.46,22.34,69.80,1,1,1
113,31,933.25,332.74,27.92,66.75,1,1,1
113,32,817.36,319.83,161.16,408.26,1,1,1
113,42,853.51,334.50,14.39,50.74,1,1,1
113,43,844.83,333.76,11.99,51.66,1,1,1
113,46,828.97,335.79,24.54,59.96,1,1,1
113,47,866.24,330.07,23.80,71.59,1,1,1
113,49,1655.29,287.06,33.53,104.12,1,1,1
113,50,810.71,336.14,15.87,42.83,1,1,1
114,1,1804.32,277.05,68.29,136.59,1,1,1
114,2,1770.17,272.17,48.78,154.88,1,1,1
114,3,1743.34,289.24,93.90,147.56,1,1,1
114,5,1295.12,313.66,30.24,71.22,1,1,1
114,6,1295.61,315.12,89.27,236.10,1,1,1
114,7,1117.07,324.39,43.41,119.02,1,1,1
114,10,1562.91,282.12,75.50,211.26,1,1,1
114,11,1037.75,318.54,50.99,152.32,1,1,1
114,15,1479.14,288.49,71.22,205.04,1,1,1
114,16,1548.50,294.61,38.32,153.89,1,1,1
114,17,1078.81,320.34,48.59,107.34,1,1,1
114,19,986.85,321.71,48.62,151.68,1,1,1
114,20,973.26,324.05,13.77,49.53,1,1,1
114,25,958.54,326.27,24.21,58.54,1,1,1
114,26,947.94,329.11,16.14,56.01,1,1,1
114,30,910.70,330.77,21.40,67.56,1,1,1
114,31,930.77,333.78,26.09,64.88,1,1,1
114,32,819.80,318.81,157.43,408.91,1,1,1
114,42,851.19,333.46,13.71,51.37,1,1,1
114,43,839.47,332.27,13.33,52.53,1,1,1
114,46,825.78,338.21,24.68,59.60,1,1,1
114,47,859.96,333.09,24.31,68.19,1,1,1
114,49,1656.59,279.07,42.64,148.06,1,1,1
114,50,807.28,336.39,15.82,43.20,1,1,1
115,1,1806.76,277.05,53.66,126.83,1,1,1
115,2,1765.29,269.73,54.88,156.10,1,1,1
115,3,1743.34,285.59,92.68,152.44,1,1,1
115,5,1293.58,313.37,29.41,75.94,1,1,1
115,6,1298.40,311.23,88.24,241.71,1,1,1
115,7,1116.58,322.46,43.32,121.39,1,1,1
115,10,1561.54,282.31,76.92,210.00,1,1,1
115,11,1036.15,319.23,53.85,154.62,1,1,1
115,16,1548.80,292.77,42.77,170.48,1,1,1
115,17,1076.03,320.10,49.48,104.90,1,1,1
115,19,985.61,320.30,50.55,153.51,1,1,1
115,20,970.26,324.35,12.87,48.87,1,1,1
115,25,957.04,326.09,23.30,58.26,1,1,1
115,26,945.91,329.91,15.48,57.57,1,1,1
115,30,907.91,329.43,22.15,68.04,1,1,1
115,31,928.01,331.96,25.79,65.35,1,1,1
115,32,819.80,320.79,157.43,403.96,1,1,1
115,42,849.92,332.98,16.49,53.25,1,1,1
115,43,839.00,332.84,11.14,51.32,1,1,1
115,46,822.09,339.18,22.39,58.40,1,1,1
115,47,858.55,331.47,17.40,53.40,1,1,1
115,49,1656.13,287.74,30.74,109.23,1,1,1
115,50,804.59,336.23,15.51,43.20,1,1,1
116,1,1806.76,275.83,54.88,124.39,1,1,1
116,2,1764.07,273.39,60.98,156.10,1,1,1
116,3,1742.12,284.37,92.68,147.56,1,1,1
116,5,1290.32,313.55,30.97,86.45,1,1,1
116,6,1300.65,311.61,89.68,239.35,1,1,1
116,7,1115.13,322.51,45.39,119.19,1,1,1
116,10,1562.03,284.49,77.01,206.42,1,1,1
116,11,1034.76,319.25,54.01,151.34,1,1,1
116,16,1548.34,294.46,43.17,153.87,1,1,1
116,17,1076.32,321.17,44.01,104.74,1,1,1
116,19,983.39,321.40,50.55,152.40,1,1,1
116,20,969.60,324.28,12.62,49.33,1,1,1
116,25,954.39,326.76,24.60,57.12,1,1,1
116,26,942.59,329.78,18.85,52.81,1,1,1
116,30,904.32,331.80,21.15,57.99,1,1,1
116,31,928.35,332.81,23.60,57.12,1,1,1
116,32,826.19,320.63,153.97,405.56,1,1,1
116,42,848.05,332.30,15.95,53.31,1,1,1
116,43,836.08,332.99,11.34,52.06,1,1,1
116,46,821.98,339.11,17.90,55.25,1,1,1
116,47,856.61,329.18,20.43,66.34,1,1,1
116,49,1656.47,279.41,34.21,107.39,1,1,1
116,50,801.95,336.77,18.38,42.06,1,1,1
117,1,1809.20,275.83,51.22,120.73,1,1,1
117,2,1766.51,269.73,56.10,145.12,1,1,1
117,3,1737.24,286.80,100.00,136.59,1,1,1
117,5,1287.80,313.66,31.22,89.27,1,1,1
117,6,1303.41,309.27,88.78,242.44,1,1,1
117,7,1115.12,322.44,42.93,120.00,1,1,1
117,10,1560.54,282.16,75.68,210.27,1,1,1
117,11,1035.15,319.39,52.73,150.91,1,1,1
117,16,1544.10,286.34,45.96,173.29,1,1,1
117,17,1078.40,320.27,46.93,103.73,1,1,1
117,19,981.65,321.41,51.68,152.29,1,1,1
117,20,965.74,324.35,14.09,46.96,1,1,1
117,25,952.23,325.92,25.00,57.20,1,1,1
117,26,939.92,329.97,17.15,53.01,1,1,1
117,30,903.40,331.15,20.55,66.23,1,1,1
117,31,924.08,332.33,25.79,64.66,1,1,1
117,32,827.27,310.91,153.64,414.55,1,1,1
117,42,844.69,332.96,14.47,46.14,1,1,1
117,43,833.54,336.02,13.35,45.96,1,1,1
117,46,818.01,338.91,20.26,54.18,1,1,1
117,47,851.61,330.87,23.31,60.45,1,1,1
117,49,1658.71,280.00,36.77,114.19,1,1,1
117,50,799.66,336.58,18.12,42.62,1,1,1
118,1,1810.41,275.83,47.56,120.73,1,1,1
118,2,1762.85,269.73,65.85,158.54,1,1,1
118,3,1737.24,288.02,97.56,139.02,1,1,1
118,5,1285.85,313.17,30.24,93.17,1,1,1
118,6,1307.32,308.78,89.27,244.39,1,1,1
118,7,1113.66,322.93,42.44,121.95,1,1,1
118,10,1558.24,282.35,78.82,210.00,1,1,1
118,11,1032.62,318.72,54.01,150.80,1,1,1
118,16,1549.33,284.67,43.33,168.00,1,1,1
118,17,1074.57,321.30,39.78,103.48,1,1,1
118,19,979.70,321.03,50.18,150.92,1,1,1
118,20,964.21,322.59,13.71,50.25,1,1,1
118,25,953.57,325.63,21.22,56.72,1,1,1
118,26,939.29,328.99,14.92,51.89,1,1,1
118,30,900.42,330.04,23.32,57.98,1,1,1
118,31,926.68,332.14,20.59,55.88,1,1,1
118,32,829.91,308.55,154.70,415.38,1,1,1
118,42,846.09,336.58,9.30,31.08,1,1,1
118,43,829.63,336.73,12.96,45.06,1,1,1
118,46,818.39,338.27,20.30,57.93,1,1,1
118,47,852.64,333.83,16.70,54.33,1,1,1
118,49,1660.65,283.23,36.13,125.16,1,1,1
118,50,796.18,337.86,16.63,40.92,1,1,1
119,1,1804.32,275.83,53.66,125.61,1,1,1
119,2,1762.85,267.29,65.85,168.29,1,1,1
119,3,1732.37,284.37,101.22,142.68,1,1,1
119,5,1282.98,314.18,31.21,91.49,1,1,1
119,6,1310.67,307.56,88.89,246.67,1,1,1
119,7,1114.22,321.78,41.78,120.00,1,1,1
119,10,1558.75,281.88,76.88,212.50,1,1,1
119,11,1031.25,320.62,55.00,148.75,1,1,1
119,16,1550.62,286.25,42.50,180.00,1,1,1
119,17,1070.21,322.12,45.13,106.19,1,1,1
119,19,978.52,321.48,52.35,152.35,1,1,1
119,20,962.12,324.94,13.39,45.96,1,1,1
119,25,951.05,326.20,20.46,56.79,1,1,1
119,26,936.90,329.64,15.68,53.73,1,1,1
119,30,905.16,326.77,22.37,57.74,1,1,1
119,31,926.39,333.08,19.31,51.43,1,1,1
119,32,829.06,303.42,157.26,417.95,1,1,1
119,41,873.60,330.06,17.42,64.04,1,1,1
119,42,842.97,337.34,8.18,28.39,1,1,1
119,43,826.60,334.53,13.30,45.78,1,1,1
119,46,819.44,338.36,18.93,58.31,1,1,1
119,47,846.80,331.97,20.72,64.45,1,1,1
119,49,1659.35,282.58,38.06,125.16,1,1,1
119,50,794.07,337.67,17.21,41.30,1,1,1
120,1,1805.54,277.05,50.00,120.73,1,1,1
120,2,1762.85,268.51,63.41,185.37,1,1,1
120,3,1731.15,285.59,101.22,137.80,1,1,1
120,5,1280.50,315.04,31.75,89.14,1,1,1
120,6,1312.82,304.70,88.89,249.57,1,1,1
120,7,1111.11,323.50,43.16,119.23,1,1,1
120,10,1556.35,283.33,80.16,208.73,1,1,1
120,11,1028.57,320.63,56.35,150.79,1,1,1
120,16,1551.61,285.16,40.00,173.55,1,1,1
120,17,1071.48,322.15,40.60,106.38,1,1,1
120,19,976.38,320.66,52.03,152.40,1,1,1
120,20,960.15,323.86,13.71,50.51,1,1,1
120,25,949.04,326.26,21.74,62.09,1,1,1
120,26,934.26,329.91,16.35,58.26,1,1,1
120,30,902.43,329.57,22.78,60.52,1,1,1
120,31,924.87,332.52,19.83,57.57,1,1,1
120,32,829.46,302.68,159.82,412.50,1,1,1
120,41,867.55,331.38,16.49,55.05,1,1,1
120,42,839.87,336.78,11.45,31.72,1,1,1
120,43,829.30,337.44,9.47,36.34,1,1,1
120,46,817.84,336.56,20.48,57.93,1,1,1
120,47,846.70,329.52,18.94,56.39,1,1,1
120,50,791.92,336.77,16.16,42.90,1,1,1
121,1,1802.02,276.77,53.54,131.31,1,1,1
121,2,1774.75,268.69,53.54,141.41,1,1,1
121,3,1733.33,288.89,91.92,133.33,1,1,1
121,5,1280.97,314.57,29.15,87.04,1,1,1
121,6,1314.53,305.03,88.27,251.96,1,1,1
121,7,1112.29,321.23,45.25,121.79,1,1,1
121,10,1555.81,284.84,79.07,210.47,1,1,1
121,11,1028.86,320.81,53.02,150.34,1,1,1
121,16,1549.04,288.46,50.00,167.31,1,1,1
121,17,1064.44,322.18,49.37,106.28,1,1,1
121,19,975.65,321.03,49.82,152.03,1,1,1
121,25,949.49,327.16,20.05,64.21,1,1,1
121,26,930.96,329.70,19.54,61.68,1,1,1
121,31,923.86,339.34,20.56,65.99,1,1,1
121,32,832.99,300.00,158.76,410.31,1,1,1
121,41,863.67,334.83,23.60,56.55,1,1,1
121,42,837.48,337.28,10.87,29.51,1,1,1
121,46,816.50,343.69,15.53,38.06,1,1,1
121,47,849.32,334.17,9.90,47.18,1,1,1
121,50,790.61,342.89,13.96,37.06,1,1,1
122,1,1805.54,277.05,52.44,129.27,1,1,1
122,2,1776.27,268.51,48.78,153.66,1,1,1
122,3,1733.59,289.24,84.15,147.56,1,1,1
122,5,1277.01,314.44,32.62,90.91,1,1,1
122,6,1314.44,304.81,91.44,255.08,1,1,1
122,7,1111.23,320.32,42.78,124.06,1,1,1
122,10,1556.29,286.09,70.86,209.93,1,1,1
122,11,1027.50,323.00,58.50,147.50,1,1,1
122,17,1067.76,322.40,31.69,93.99,1,1,1
122,19,976.44,321.78,45.78,148.00,1,1,1
122,25,948.01,325.08,23.55,56.57,1,1,1
122,26,931.80,330.28,16.21,51.07,1,1,1
122,32,833.33,301.01,153.54,410.10,1,1,1
122,41,862.42,332.89,20.81,54.03,1,1,1
122,42,837.92,338.59,10.40,30.87,1,1,1
122,46,813.76,341.95,13.76,37.25,1,1,1
122,47,842.28,334.56,16.44,43.96,1,1,1
122,50,788.91,344.34,14.55,34.87,1,1,1
123,1,1799.44,275.83,51.22,135.37,1,1,1
123,2,1766.51,269.73,58.54,148.78,1,1,1
123,3,1726.27,289.24,92.68,158.54,1,1,1
123,5,1269.52,316.04,35.83,93.05,1,1,1
123,6,1319.35,304.52,87.74,253.55,1,1,1
123,7,1111.61,323.23,41.29,123.23,1,1,1
123,10,1548.84,289.15,79.84,206.98,1,1,1
123,11,1021.93,322.46,61.50,149.20,1,1,1
123,17,1062.35,322.27,37.25,104.45,1,1,1
123,19,966.79,322.14,56.83,152.40,1,1,1
123,25,943.73,326.46,18.11,57.38,1,1,1
123,26,928.13,330.64,17.55,53.20,1,1,1
123,32,833.33,301.63,157.72,413.82,1,1,1
123,41,859.08,331.96,19.37,57.87,1,1,1
123,42,828.83,335.95,11.86,32.66,1,1,1
123,46,810.22,343.80,15.51,50.36,1,1,1
123,47,837.41,335.95,19.89,55.29,1,1,1
123,50,782.26,338.23,17.13,44.95,1,1,1
124,1,1793.34,277.05,56.10,129.27,1,1,1
124,2,1760.41,270.95,62.20,158.54,1,1,1
124,3,1721.39,291.68,92.68,158.54,1,1,1
124,5,1264.37,316.60,34.01,93.12,1,1,1
124,6,1315.79,305.26,89.47,255.64,1,1,1
124,7,1104.51,323.31,42.86,124.06,1,1,1
124,10,1538.14,288.14,83.05,209.32,1,1,1
124,11,1016.47,322.35,61.76,152.35,1,1,1
124,17,1056.88,323.75,38.12,108.12,1,1,1
124,19,963.97,323.48,52.23,152.63,1,1,1
124,25,935.93,327.30,23.40,58.50,1,1,1
124,26,917.55,332.31,17.83,53.48,1,1,1
124,32,829.20,303.65,159.85,416.06,1,1,1
124,41,853.46,333.65,20.76,54.65,1,1,1
124,42,824.34,335.80,12.41,32.46,1,1,1
124,46,804.53,338.90,18.85,59.43,1,1,1
124,47,831.98,333.17,20.29,57.76,1,1,1
124,50,776.40,338.07,16.50,47.21,1,1,1
125,1,1782.37,281.93,57.32,126.83,1,1,1
125,2,1764.07,270.95,51.22,159.76,1,1,1
125,3,1714.07,294.12,90.24,156.10,1,1,1
125,5,1257.06,316.47,34.12,90.59,1,1,1
125,6,1314.02,308.49,92.62,258.67,1,1,1
125,7,1094.83,324.35,44.28,121.77,1,1,1
125,8,956.71,331.54,24.83,71.14,1,1,1
125,10,1521.24,292.04,88.50,208.85,1,1,1
125,11,1007.26,323.39,64.52,150.81,1,1,1
125,16,1545.25,291.62,51.96,159.22,1,1,1
125,17,1050.19,323.17,37.07,108.49,1,1,1
125,19,956.89,323.56,54.67,152.00,1,1,1
125,25,928.86,327.85,20.10,60.83,1,1,1
125,26,917.32,333.95,14.09,54.73,1,1,1
125,32,826.35,306.76,156.08,418.24,1,1,1
125,41,846.98,333.89,22.15,61.74,1,1,1
125,42,819.83,336.70,9.57,33.91,1,1,1
125,46,797.22,338.26,19.48,58.43,1,1,1
125,47,825.22,330.61,20.70,66.96,1,1,1
125,50,769.64,338.44,18.11,49.30,1,1,1
126,1,1773.83,279.49,62.20,134.15,1,1,1
126,2,1750.66,272.17,54.88,154.88,1,1,1
126,3,1715.29,292.90,79.27,164.63,1,1,1
126,5,1251.34,314.97,29.95,90.37,1,1,1
126,6,1309.60,309.60,91.20,261.60,1,1,1
126,7,1093.60,324.80,44.00,121.60,1,1,1
126,8,952.37,332.87,24.23,67.69,1,1,1
126,10,1478.05,278.05,126.83,221.14,1,1,1
126,11,1004.88,325.20,63.41,149.59,1,1,1
126,16,1538.89,293.21,48.15,185.19,1,1,1
126,17,1046.62,325.72,31.83,103.86,1,1,1
126,19,951.76,324.12,49.41,150.59,1,1,1
126,32,822.92,309.38,153.12,417.71,1,1,1
126,41,840.23,334.59,21.05,54.89,1,1,1
126,42,808.75,341.44,10.51,28.99,1,1,1
126,46,791.25,342.22,15.18,47.47,1,1,1
126,47,817.32,336.58,20.04,53.50,1,1,1
126,50,765.48,341.37,15.48,44.16,1,1,1
127,1,1784.80,275.83,45.12,128.05,1,1,1
127,2,1743.34,268.51,60.98,154.88,1,1,1
127,3,1709.20,297.78,64.63,151.22,1,1,1
127,5,1242.22,315.11,28.44,90.67,1,1,1
127,6,1303.53,311.76,98.82,259.41,1,1,1
127,7,1090.59,325.29,38.24,121.18,1,1,1
127,10,1456.70,288.66,127.84,212.37,1,1,1
127,11,997.94,324.74,59.79,148.45,1,1,1
127,16,1503.09,296.91,67.01,187.63,1,1,1
127,17,1040.30,325.87,26.87,101.99,1,1,1
127,19,946.45,323.23,45.16,150.32,1,1,1
127,32,819.42,310.68,152.43,421.36,1,1,1
127,41,833.45,334.86,22.89,51.06,1,1,1
127,42,800.00,342.51,8.70,24.88,1,1,1
127,46,783.09,340.34,16.91,41.55,1,1,1
127,47,805.56,336.23,17.39,43.48,1,1,1
127,50,758.41,338.23,18.35,40.67,1,1,1
128,1,1765.29,279.49,51.22,130.49,1,1,1
128,2,1740.90,274.61,48.78,146.34,1,1,1
128,3,1692.12,294.12,73.17,152.44,1,1,1
128,5,1230.00,314.71,31.18,87.65,1,1,1
128,6,1302.73,310.91,93.64,264.55,1,1,1
128,7,1071.82,323.64,52.73,123.64,1,1,1
128,10,1479.65,288.50,97.88,209.10,1,1,1
128,11,986.51,320.63,67.46,153.17,1,1,1
128,17,1024.02,326.26,34.08,99.44,1,1,1
128,19,935.88,325.29,44.71,147.06,1,1,1
128,30,851.34,328.86,22.48,58.39,1,1,1
128,32,808.73,313.49,154.76,420.63,1,1,1
128,41,819.18,331.85,23.29,54.79,1,1,1
128,42,793.56,335.82,11.34,32.22,1,1,1
128,46,770.62,338.40,16.49,43.04,1,1,1
128,47,800.00,330.67,15.72,48.20,1,1,1
128,50,743.43,336.39,19.27,44.65,1,1,1
129,1,1755.54,279.49,42.68,115.85,1,1,1
129,2,1722.61,273.39,53.66,158.54,1,1,1
129,3,1676.27,292.90,78.05,145.12,1,1,1
129,5,1217.11,316.58,30.48,97.33,1,1,1
129,6,1291.44,313.90,97.33,263.64,1,1,1
129,7,1060.43,324.60,47.06,121.93,1,1,1
129,8,923.56,329.33,24.44,68.89,1,1,1
129,10,1460.98,292.58,103.91,211.42,1,1,1
129,11,972.87,321.46,68.42,151.01,1,1,1
129,16,1508.96,295.52,38.81,155.97,1,1,1
129,17,1008.95,323.74,40.08,106.23,1,1,1
129,19,914.44,322.99,57.22,152.41,1,1,1
129,30,832.47,327.31,25.46,70.85,1,1,1
129,32,800.00,315.69,155.88,422.55,1,1,1
129,41,807.89,329.53,24.27,62.87,1,1,1
129,42,783.77,338.28,8.62,30.86,1,1,1
129,46,759.52,335.67,20.44,55.91,1,1,1
129,47,787.78,330.46,20.64,64.53,1,1,1
129,50,728.68,338.58,19.54,43.15,1,1,1
130,1,1739.68,283.15,42.68,118.29,1,1,1
130,2,1710.41,274.61,52.44,148.78,1,1,1
130,3,1661.63,288.02,79.27,157.32,1,1,1
130,5,1204.96,316.31,32.62,95.04,1,1,1
130,6,1284.40,316.31,97.87,263.83,1,1,1
130,7,1047.52,325.53,51.77,121.28,1,1,1
130,8,911.07,329.89,23.62,61.99,1,1,1
130,10,1444.28,295.20,108.49,209.23,1,1,1
130,11,961.02,321.19,68.64,153.39,1,1,1
130,16,1498.82,296.47,48.82,155.88,1,1,1
130,17,1000.00,324.09,36.82,101.36,1,1,1
130,19,904.06,322.14,60.15,152.77,1,1,1
130,30,820.81,328.43,25.13,65.99,1,1,1
130,32,791.33,317.33,158.67,423.33,1,1,1
130,41,799.01,333.00,22.13,60.08,1,1,1
130,42,769.72,335.68,12.93,35.19,1,1,1
130,46,748.28,335.02,19.15,59.41,1,1,1
130,47,773.98,329.13,20.13,63.34,1,1,1
130,50,718.13,336.40,18.13,44.89,1,1,1
131,1,1728.71,283.15,41.46,114.63,1,1,1
131,2,1698.22,275.83,48.78,154.88,1,1,1
131,3,1650.66,292.90,75.61,159.76,1,1,1
131,5,1193.17,316.59,32.68,92.20,1,1,1
131,6,1275.61,314.15,100.00,267.80,1,1,1
131,7,1039.14,325.08,46.18,123.55,1,1,1
131,8,898.05,330.92,18.94,62.12,1,1,1
131,10,1422.75,284.66,115.87,221.16,1,1,1
131,11,949.65,320.57,68.79,154.61,1,1,1
131,16,1491.06,295.53,36.87,175.42,1,1,1
131,17,987.46,322.74,36.15,102.04,1,1,1
131,19,888.26,321.86,65.59,154.25,1,1,1
131,30,810.77,327.95,27.18,64.87,1,1,1
131,32,779.83,316.81,160.50,421.01,1,1,1
131,41,785.45,333.03,24.55,60.91,1,1,1
131,42,759.04,336.66,11.70,33.39,1,1,1
131,46,735.28,335.28,21.17,56.97,1,1,1
131,47,763.86,332.36,22.38,62.13,1,1,1
131,50,705.67,336.55,19.33,45.17,1,1,1
132,1,1713.18,283.72,44.96,118.60,1,1,1
132,2,1690.70,275.97,53.49,134.88,1,1,1
132,3,1634.11,294.57,75.19,154.26,1,1,1
132,5,1180.44,319.11,31.56,85.78,1,1,1
132,6,1267.96,314.92,98.90,268.51,1,1,1
132,7,1024.31,324.31,48.62,122.65,1,1,1
132,8,886.22,329.78,24.00,65.78,1,1,1
132,10,1409.57,279.79,113.83,223.40,1,1,1
132,11,937.90,320.16,70.97,154.03,1,1,1
132,16,1475.46,295.71,42.94,177.91,1,1,1
132,17,969.77,325.58,40.93,106.51,1,1,1
132,19,875.65,323.99,61.99,151.66,1,1,1
132,30,798.89,328.78,25.83,63.84,1,1,1
132,32,772.42,314.84,158.02,422.22,1,1,1
132,41,771.75,332.49,24.86,57.91,1,1,1
132,42,746.99,334.37,10.10,35.92,1,1,1
132,46,723.11,335.92,19.03,49.13,1,1,1
132,47,749.32,327.77,23.69,60.19,1,1,1
132,50,692.15,336.72,17.55,45.03,1,1,1
132,52,720.09,334.97,14.24,48.42,1,1,1
133,1,1698.31,283.05,42.37,114.41,1,1,1
133,2,1675.42,277.12,55.93,141.53,1,1,1
133,3,1616.95,294.07,75.42,152.54,1,1,1
133,5,1167.80,318.54,30.24,84.88,1,1,1
133,6,1256.52,315.76,104.35,270.11,1,1,1
133,7,1011.96,325.00,46.20,125.54,1,1,1
133,8,873.80,329.41,20.32,65.24,1,1,1
133,10,1415.13,292.76,96.08,213.27,1,1,1
133,11,921.71,321.71,75.00,151.97,1,1,1
133,16,1464.47,295.39,42.76,167.11,1,1,1
133,17,954.68,325.47,40.82,107.49,1,1,1
133,19,864.37,323.89,59.51,157.49,1,1,1
133,30,785.24,330.92,25.07,60.45,1,1,1
133,32,761.82,316.36,159.09,420.91,1,1,1
133,41,756.96,333.01,25.89,59.22,1,1,1
133,42,732.72,337.42,13.26,33.39,1,1,1
133,46,710.09,337.22,17.43,47.68,1,1,1
133,47,738.59,332.72,20.30,63.09,1,1,1
133,50,677.73,336.97,17.65,44.12,1,1,1
133,52,705.22,337.22,15.83,45.74,1,1,1
134,1,1687.56,286.67,35.11,97.33,1,1,1
134,2,1664.00,279.11,55.56,130.67,1,1,1
134,3,1602.22,295.56,81.78,156.00,1,1,1
134,5,1154.71,318.82,28.24,88.24,1,1,1
134,6,1246.47,314.12,105.29,274.12,1,1,1
134,7,997.06,327.06,51.18,122.94,1,1,1
134,8,859.92,331.17,19.03,61.13,1,1,1
134,10,1393.80,281.40,102.33,228.68,1,1,1
134,11,911.76,321.93,70.05,155.61,1,1,1
134,12,1257.99,313.82,21.41,75.61,1,1,1
134,16,1451.55,296.39,41.75,168.04,1,1,1
134,17,945.04,326.24,36.88,105.67,1,1,1
134,19,858.70,325.10,53.04,154.66,1,1,1
134,30,771.56,330.28,25.69,66.97,1,1,1
134,31,800.31,336.09,18.96,61.77,1,1,1
134,32,751.82,313.87,159.85,424.82,1,1,1
134,41,744.62,333.60,24.15,61.68,1,1,1
134,42,719.78,340.83,8.81,29.14,1,1,1
134,46,693.17,340.11,19.78,58.63,1,1,1
134,47,720.14,330.04,24.64,69.60,1,1,1
134,50,664.56,337.97,18.20,44.15,1,1,1
135,1,1671.66,288.77,33.16,104.81,1,1,1
135,2,1649.73,280.21,55.08,138.50,1,1,1
135,3,1587.17,294.65,80.75,167.38,1,1,1
135,5,1139.83,321.75,29.10,87.29,1,1,1
135,6,1235.93,313.17,107.19,277.25,1,1,1
135,7,982.04,327.54,50.30,122.75,1,1,1
135,8,847.91,332.59,16.16,61.56,1,1,1
135,10,1382.87,285.08,97.79,223.76,1,1,1
135,11,896.33,324.31,69.72,153.21,1,1,1
135,12,1244.30,320.25,18.67,68.04,1,1,1
135,16,1439.32,299.51,46.12,167.96,1,1,1
135,17,929.84,327.82,35.89,105.65,1,1,1
135,19,839.68,326.32,57.49,153.44,1,1,1
135,30,756.55,331.75,28.69,66.85,1,1,1
135,31,781.06,336.77,22.28,61.84,1,1,1
135,32,743.09,311.38,157.72,427.64,1,1,1
135,41,728.85,334.36,24.23,60.35,1,1,1
135,42,703.65,337.04,8.47,34.22,1,1,1
135,46,680.23,339.37,17.77,59.63,1,1,1
135,47,706.81,332.72,24.25,63.29,1,1,1
135,50,649.84,338.45,17.25,46.84,1,1,1
135,52,675.47,340.03,17.41,47.78,1,1,1
136,1,1653.53,291.76,34.12,102.94,1,1,1
136,2,1634.71,282.35,53.53,139.41,1,1,1
136,3,1569.41,300.59,80.00,167.65,1,1,1
136,5,1125.10,324.70,28.34,89.07,1,1,1
136,6,1225.14,311.73,109.50,277.65,1,1,1
136,7,968.16,329.05,49.16,127.37,1,1,1
136,10,1344.00,292.00,123.00,218.00,1,1,1
136,11,882.55,326.89,71.23,152.36,1,1,1
136,12,1230.10,318.45,21.68,71.20,1,1,1
136,16,1424.27,299.68,41.10,151.78,1,1,1
136,17,916.87,329.34,33.99,102.69,1,1,1
136,19,830.63,329.15,52.03,150.92,1,1,1
136,30,741.88,332.74,29.19,68.02,1,1,1
136,31,765.48,339.34,23.60,61.68,1,1,1
136,32,730.00,311.33,160.00,426.00,1,1,1
136,41,714.99,337.46,24.78,61.38,1,1,1
136,42,688.24,343.75,8.33,30.95,1,1,1
136,46,661.01,342.41,22.02,59.08,1,1,1
136,47,691.07,334.08,22.92,66.22,1,1,1
136,50,633.49,341.11,19.17,46.42,1,1,1
136,52,659.58,342.26,18.24,47.81,1,1,1
137,1,1638.67,294.22,28.89,101.78,1,1,1
137,2,1619.11,286.67,55.11,124.89,1,1,1
137,3,1554.22,305.33,76.89,154.22,1,1,1
137,5,1109.43,327.46,29.10,89.75,1,1,1
137,6,1211.86,314.12,111.30,280.23,1,1,1
137,7,955.37,331.64,50.28,125.99,1,1,1
137,10,1335.76,295.36,110.60,216.56,1,1,1
137,11,868.22,329.60,71.03,154.21,1,1,1
137,12,1214.10,319.66,20.94,68.80,1,1,1
137,16,1414.96,302.99,36.32,158.55,1,1,1
137,17,900.65,332.26,33.55,108.39,1,1,1
137,19,812.94,332.35,51.76,152.94,1,1,1
137,30,728.34,336.44,24.29,71.26,1,1,1
137,31,753.04,340.49,19.43,66.40,1,1,1
137,32,718.28,311.83,158.06,420.43,1,1,1
137,41,697.75,340.51,25.08,59.16,1,1,1
137,42,671.60,342.30,11.63,33.53,1,1,1
137,47,649.53,346.68,16.49,46.83,1,1,1
137,50,618.04,344.30,17.56,45.57,1,1,1
137,52,644.62,346.68,18.04,45.09,1,1,1
138,1,1619.25,298.93,36.36,108.02,1,1,1
138,2,1604.28,288.77,52.41,143.85,1,1,1
138,3,1539.57,312.83,67.91,162.57,1,1,1
138,5,1083.97,325.00,35.90,100.00,1,1,1
138,6,1199.36,317.31,110.90,283.33,1,1,1
138,7,944.23,337.18,48.08,121.15,1,1,1
138,10,1345.39,309.93,83.10,208.58,1,1,1
138,11,853.53,333.53,73.53,152.94,1,1,1
138,12,1196.47,327.65,29.41,67.65,1,1,1
138,16,1392.91,312.77,43.26,170.21,1,1,1
138,17,881.38,336.44,34.01,103.64,1,1,1
138,19,789.30,337.43,57.75,152.94,1,1,1
138,30,713.28,338.75,23.25,65.31,1,1,1
138,31,733.58,346.13,20.30,57.20,1,1,1
138,32,710.99,313.19,152.75,419.78,1,1,1
138,40,677.74,344.86,13.70,43.84,1,1,1
138,41,681.16,346.23,23.29,51.71,1,1,1
138,42,657.00,350.19,11.09,26.26,1,1,1
138,46,632.49,352.14,19.46,43.58,1,1,1
138,47,660.70,345.14,21.40,39.49,1,1,1
138,50,605.85,350.97,13.37,41.23,1,1,1
138,52,628.41,353.20,15.04,37.88,1,1,1
139,1,1604.45,301.21,30.77,104.05,1,1,1
139,2,1589.88,294.74,53.44,119.43,1,1,1
139,3,1523.89,314.17,69.64,156.68,1,1,1
139,5,1078.65,332.02,28.65,78.65,1,1,1
139,6,1191.01,319.66,116.29,287.08,1,1,1
139,7,931.73,336.54,44.23,125.96,1,1,1
139,10,1318.82,290.00,97.65,229.41,1,1,1
139,11,838.24,334.12,71.76,155.88,1,1,1
139,12,1185.83,328.74,21.86,65.99,1,1,1
139,16,1382.12,310.06,42.46,183.80,1,1,1
139,17,868.73,337.07,35.52,109.65,1,1,1
139,19,781.46,338.05,55.12,150.24,1,1,1
139,30,698.78,340.98,26.30,73.39,1,1,1
139,31,722.32,349.54,24.16,62.39,1,1,1
139,32,695.96,313.13,160.61,423.23,1,1,1
139,40,663.23,348.19,15.88,44.85,1,1,1
139,41,669.92,347.08,25.35,61.84,1,1,1
139,42,642.02,349.87,12.70,32.59,1,1,1
139,46,615.71,349.87,19.90,58.38,1,1,1
139,47,647.77,343.85,20.94,65.18,1,1,1
139,50,586.91,348.75,16.43,45.13,1,1,1
139,52,613.00,348.37,18.36,51.63,1,1,1
140,1,1596.02,304.59,32.11,92.35,1,1,1
140,2,1577.37,294.80,53.21,117.13,1,1,1
140,3,1506.75,316.46,70.89,166.67,1,1,1
140,5,1068.27,335.42,24.72,73.80,1,1,1
140,6,1177.85,323.42,120.25,291.77,1,1,1
140,7,920.37,341.36,43.83,125.93,1,1,1
140,10,1304.81,296.79,98.40,222.99,1,1,1
140,11,827.81,336.90,70.05,157.75,1,1,1
140,12,1172.32,331.00,19.19,66.05,1,1,1
140,16,1371.96,314.02,43.54,177.49,1,1,1
140,17,852.35,338.93,37.92,108.72,1,1,1
140,19,772.47,339.68,49.80,155.47,1,1,1
140,30,686.55,344.33,24.37,71.43,1,1,1
140,31,710.50,349.58,24.16,65.76,1,1,1
140,32,687.18,317.09,157.26,423.93,1,1,1
140,40,653.45,351.66,13.30,46.04,1,1,1
140,41,656.78,349.62,24.04,61.38,1,1,1
140,42,630.68,350.40,11.29,34.50,1,1,1
140,46,600.79,353.58,23.21,56.92,1,1,1
140,47,635.14,347.06,20.51,60.41,1,1,1
140,50,573.09,352.91,17.43,44.34,1,1,1
140,52,598.47,349.90,19.31,53.73,1,1,1
141,1,1582.21,308.72,26.17,106.38,1,1,1
141,2,1564.09,298.66,53.69,130.20,1,1,1
141,3,1490.74,316.67,72.22,178.24,1,1,1
141,5,1051.32,334.87,30.92,92.11,1,1,1
141,6,1173.03,328.95,119.74,289.47,1,1,1
141,7,906.97,345.27,43.78,123.88,1,1,1
141,11,814.97,339.04,68.98,157.22,1,1,1
141,12,1161.33,332.60,23.20,69.06,1,1,1
141,16,1356.35,316.02,52.49,182.87,1,1,1
141,17,846.18,341.98,30.92,108.40,1,1,1
141,19,756.89,342.67,52.89,154.67,1,1,1
141,26,710.09,349.24,23.55,63.91,1,1,1
141,30,672.06,348.11,26.26,71.85,1,1,1
141,31,696.85,352.10,21.01,67.65,1,1,1
141,32,673.46,319.75,164.81,427.16,1,1,1
141,40,638.88,353.31,14.43,47.49,1,1,1
141,41,643.09,350.90,26.45,61.72,1,1,1
141,42,617.22,352.87,14.95,37.16,1,1,1
141,46,590.76,354.97,20.42,58.18,1,1,1
141,47,622.05,350.30,21.45,64.65,1,1,1
141,50,558.89,354.04,20.09,46.19,1,1,1
141,52,587.53,355.20,15.70,50.35,1,1,1
142,1,1564.88,310.24,31.22,108.29,1,1,1
142,2,1552.20,301.95,53.66,123.90,1,1,1
142,3,1472.28,322.28,74.46,188.59,1,1,1
142,5,1039.67,337.50,29.35,82.61,1,1,1
142,6,1163.87,334.45,121.01,292.44,1,1,1
142,7,894.96,345.38,44.54,125.21,1,1,1
142,11,805.37,342.44,66.83,154.15,1,1,1
142,12,1145.34,335.63,25.51,69.23,1,1,1
142,16,1342.58,318.66,59.33,181.82,1,1,1
142,17,832.97,346.01,28.26,107.97,1,1,1
142,19,743.32,346.52,51.87,150.27,1,1,1
142,26,702.45,352.29,20.18,66.36,1,1,1
142,30,661.20,351.04,23.33,71.13,1,1,1
142,31,686.14,356.35,20.32,65.59,1,1,1
142,32,664.19,324.32,167.57,431.08,1,1,1
142,40,626.60,356.65,17.82,44.95,1,1,1
142,41,630.05,354.52,23.14,60.11,1,1,1
142,42,601.36,356.65,13.29,33.53,1,1,1
142,46,574.32,358.76,22.96,52.57,1,1,1
142,47,607.70,349.70,21.45,63.90,1,1,1
142,50,546.85,356.93,16.81,45.17,1,1,1
143,1,1553.17,314.15,35.12,127.80,1,1,1
143,2,1543.90,306.34,52.68,121.46,1,1,1
143,3,1458.54,325.85,77.56,175.61,1,1,1
143,5,1031.22,343.41,27.32,87.32,1,1,1
143,6,1159.66,337.82,122.69,293.28,1,1,1
143,7,884.87,350.42,46.22,126.05,1,1,1
143,11,796.82,345.58,64.66,156.18,1,1,1
143,12,1137.40,338.17,24.43,69.08,1,1,1
143,16,1339.56,323.11,54.22,160.44,1,1,1
143,17,815.56,349.78,35.56,103.56,1,1,1
143,19,733.69,348.66,52.94,152.94,1,1,1
143,26,690.04,354.61,22.14,68.27,1,1,1
143,30,649.75,353.30,24.62,72.34,1,1,1
143,31,675.13,360.41,21.07,62.94,1,1,1
143,32,654.81,330.37,165.19,433.33,1,1,1
143,40,616.28,360.47,15.12,46.12,1,1,1
143,41,619.77,357.75,23.26,60.47,1,1,1
143,42,591.41,359.69,15.42,36.12,1,1,1
143,46,564.10,362.33,22.47,55.73,1,1,1
143,47,598.46,355.95,22.69,62.11,1,1,1
143,50,536.29,361.17,16.50,44.42,1,1,1
144,1,1552.79,318.53,27.41,106.60,1,1,1
144,2,1537.31,309.64,53.55,106.60,1,1,1
144,3,1448.25,325.29,80.54,188.72,1,1,1
144,5,1027.16,345.68,24.28,88.89,1,1,1
144,6,1155.38,344.62,122.31,296.15,1,1,1
144,7,879.23,355.38,43.85,126.92,1,1,1
144,11,791.48,348.30,61.93,159.09,1,1,1
144,12,1129.02,343.01,29.53,71.50,1,1,1
144,16,1335.03,327.68,51.98,160.45,1,1,1
144,17,810.51,353.70,34.63,105.84,1,1,1
144,19,725.53,353.90,59.57,153.19,1,1,1
144,26,683.81,359.51,21.05,65.18,1,1,1
144,30,643.12,356.88,21.71,72.48,1,1,1
144,31,668.50,364.53,22.94,61.77,1,1,1
144,32,651.52,335.35,157.58,432.32,1,1,1
144,40,612.26,362.95,16.16,46.52,1,1,1
144,41,614.21,359.89,21.17,61.84,1,1,1
144,42,585.22,361.89,14.09,36.03,1,1,1
144,46,559.58,365.82,21.71,56.12,1,1,1
144,47,591.92,358.89,23.09,65.82,1,1,1
144,50,528.41,365.13,17.78,43.88,1,1,1
144,52,552.89,364.90,22.17,50.35,1,1,1
145,1,1545.78,324.00,32.00,117.78,1,1,1
145,2,1529.78,317.33,52.89,115.56,1,1,1
145,3,1438.12,331.19,83.17,200.99,1,1,1
145,5,1025.37,351.12,19.78,89.93,1,1,1
145,6,1151.49,348.51,125.74,300.00,1,1,1
145,7,874.26,359.41,48.51,124.75,1,1,1
145,11,784.52,352.90,60.65,155.48,1,1,1
145,12,1122.67,349.33,28.44,69.78,1,1,1
145,16,1332.89,332.89,50.22,145.78,1,1,1
145,17,806.12,359.33,33.33,107.95,1,1,1
145,19,721.93,360.96,54.01,147.06,1,1,1
145,26,675.65,363.47,23.62,63.84,1,1,1
145,30,636.21,361.56,23.96,69.92,1,1,1
145,31,661.84,369.08,21.73,64.35,1,1,1
145,32,649.59,343.90,157.72,431.71,1,1,1
145,40,599.71,366.96,17.84,47.66,1,1,1
145,41,603.51,364.91,26.90,59.94,1,1,1
145,42,576.76,366.59,14.53,36.08,1,1,1
145,46,549.88,370.70,24.21,54.24,1,1,1
145,47,586.44,364.65,17.92,60.77,1,1,1
145,50,521.17,368.52,16.99,46.52,1,1,1
145,52,545.96,371.87,15.60,48.47,1,1,1
146,2,1525.51,319.84,53.04,128.74,1,1,1
146,3,1429.73,336.94,86.49,185.14,1,1,1
146,5,1007.66,349.55,28.83,103.15,1,1,1
146,6,1155.73,352.67,120.61,303.82,1,1,1
146,7,867.94,363.36,45.04,125.19,1,1,1
146,11,777.65,357.65,58.82,155.29,1,1,1
146,12,1118.07,353.01,24.10,63.86,1,1,1
146,16,1323.14,337.19,48.35,155.79,1,1,1
146,17,794.39,362.62,38.94,121.50,1,1,1
146,19,721.93,365.24,48.13,147.59,1,1,1
146,25,684.26,364.47,23.10,65.99,1,1,1
146,26,671.07,367.01,18.27,63.20,1,1,1
146,30,625.57,363.65,28.35,75.30,1,1,1
146,31,653.39,371.83,23.83,63.30,1,1,1
146,32,642.31,350.00,161.54,430.77,1,1,1
146,37,651.31,366.11,15.04,44.63,1,1,1
146,40,594.99,370.41,11.46,44.39,1,1,1
146,41,598.33,367.06,25.54,64.92,1,1,1
146,42,568.15,372.47,13.69,36.61,1,1,1
146,46,549.26,374.26,19.64,61.61,1,1,1
146,47,577.98,367.86,21.13,64.14,1,1,1
146,50,512.69,372.34,21.32,45.94,1,1,1
146,52,543.65,374.87,15.74,48.22,1,1,1
147,2,1519.49,323.73,55.93,133.90,1,1,1
147,3,1423.58,340.57,83.96,182.08,1,1,1
147,6,1153.77,354.72,122.64,309.43,1,1,1
147,7,863.21,366.98,43.40,126.42,1,1,1
147,11,772.20,361.95,58.54,154.63,1,1,1
147,12,1112.94,356.72,23.38,67.16,1,1,1
147,16,1316.67,338.10,49.21,186.51,1,1,1
147,17,785.95,368.18,41.32,120.66,1,1,1
147,19,705.08,364.41,60.17,151.69,1,1,1
147,25,680.16,368.42,23.89,67.21,1,1,1
147,26,663.97,372.47,16.60,62.75,1,1,1
147,30,620.06,372.42,25.91,65.74,1,1,1
147,31,647.35,375.77,22.28,56.82,1,1,1
147,32,640.40,354.55,164.65,432.32,1,1,1
147,37,645.69,371.57,14.97,43.15,1,1,1
147,40,587.56,372.59,15.48,45.69,1,1,1
147,41,592.64,373.60,23.86,63.45,1,1,1
147,42,563.86,374.19,15.11,42.07,1,1,1
147,46,542.45,377.82,21.03,56.21,1,1,1
147,47,570.55,370.75,24.67,66.35,1,1,1
147,50,507.07,377.44,17.78,44.36,1,1,1
147,52,534.42,375.72,16.06,49.52,1,1,1
148,2,1517.65,328.34,52.41,129.41,1,1,1
148,3,1414.97,345.45,89.30,180.21,1,1,1
148,6,1153.72,360.33,123.97,309.92,1,1,1
148,7,860.33,371.90,42.98,124.79,1,1,1
148,11,768.26,365.27,58.08,156.29,1,1,1
148,12,1107.82,362.14,25.93,65.43,1,1,1
148,16,1309.86,343.66,57.24,188.60,1,1,1
148,17,781.45,370.97,42.34,121.77,1,1,1
148,19,703.87,370.97,50.97,150.32,1,1,1
148,25,677.44,372.42,25.91,64.35,1,1,1
148,26,658.77,375.49,18.94,61.00,1,1,1
148,30,616.63,373.80,26.39,68.45,1,1,1
148,31,643.02,380.31,21.99,58.70,1,1,1
148,32,638.46,357.26,158.12,431.62,1,1,1
148,37,641.86,376.74,12.05,34.25,1,1,1
148,40,583.93,375.90,12.26,48.41,1,1,1
148,41,588.58,376.96,23.26,64.48,1,1,1
148,42,558.77,377.38,14.38,49.26,1,1,1
148,43,534.25,388.79,14.38,41.65,1,1,1
148,46,535.94,383.30,24.10,59.41,1,1,1
148,47,567.86,375.26,23.89,63.64,1,1,1
148,50,501.27,380.96,19.04,45.94,1,1,1
148,52,530.04,381.51,14.71,49.58,1,1,1
149,2,1516.04,336.90,50.27,128.34,1,1,1
149,3,1410.70,349.20,90.37,174.87,1,1,1
149,6,1160.33,361.16,120.66,311.57,1,1,1
149,7,854.40,375.73,47.25,127.57,1,1,1
149,11,763.41,369.27,57.56,155.12,1,1,1
149,12,1101.28,366.24,28.17,66.28,1,1,1
149,16,1317.32,352.51,48.04,167.04,1,1,1
149,17,777.54,375.00,40.68,120.76,1,1,1
149,19,691.71,371.22,67.80,153.66,1,1,1
149,25,672.08,375.89,23.60,67.26,1,1,1
149,26,655.33,380.20,21.57,62.94,1,1,1
149,30,611.97,376.68,26.68,73.32,1,1,1
149,31,639.08,382.98,22.90,60.71,1,1,1
149,32,636.55,360.00,162.76,431.72,1,1,1
149,37,638.45,379.55,10.63,39.26,1,1,1
149,40,580.16,381.80,13.09,47.03,1,1,1
149,41,584.46,381.19,22.70,62.17,1,1,1
149,42,554.81,382.41,10.84,35.99,1,1,1
149,43,529.86,388.96,15.95,47.65,1,1,1
149,46,533.95,387.32,17.18,55.83,1,1,1
149,47,563.19,377.30,21.27,65.44,1,1,1
149,50,498.38,383.14,18.71,47.81,1,1,1
149,52,527.69,388.45,11.55,46.68,1,1,1
149,53,548.59,384.85,8.01,33.44,1,1,1
150,2,1514.57,339.68,53.04,113.36,1,1,1
150,3,1406.88,354.66,89.88,178.14,1,1,1
150,6,1161.24,362.79,124.03,314.73,1,1,1
150,7,851.94,378.29,47.29,125.58,1,1,1
150,11,760.32,372.47,57.09,156.28,1,1,1
150,12,1100.00,369.05,25.24,65.24,1,1,1
150,16,1313.11,355.19,53.01,192.90,1,1,1
150,17,773.77,377.60,42.08,121.86,1,1,1
150,25,668.25,377.99,25.07,63.23,1,1,1
150,26,652.65,382.73,18.66,58.22,1,1,1
150,30,608.03,380.69,26.58,70.36,1,1,1
150,31,634.23,384.51,23.52,58.32,1,1,1
150,32,636.92,360.77,161.54,433.85,1,1,1
150,37,633.89,381.91,15.38,54.47,1,1,1
150,40,578.49,386.92,14.29,45.44,1,1,1
150,41,580.90,382.96,24.78,62.48,1,1,1
150,42,551.98,382.96,14.29,49.23,1,1,1
150,43,524.78,390.71,16.01,49.40,1,1,1
150,46,527.71,377.80,22.72,65.06,1,1,1
150,47,558.52,381.07,22.03,64.37,1,1,1
150,50,493.04,386.08,19.46,48.10,1,1,1
150,52,522.51,390.48,14.94,47.19,1,1,1
150,53,547.40,384.67,10.41,37.55,1,1,1
151,2,1511.56,342.67,54.67,128.44,1,1,1
151,3,1404.32,359.26,88.27,195.06,1,1,1
151,6,1164.50,363.31,124.26,316.57,1,1,1
151,7,849.70,379.88,43.79,127.22,1,1,1
151,11,755.12,375.12,55.61,155.12,1,1,1
151,12,1096.64,372.48,22.48,62.08,1,1,1
151,16,1303.96,358.42,58.42,190.10,1,1,1
151,17,769.86,378.72,38.30,120.57,1,1,1
151,25,665.44,380.20,22.48,69.80,1,1,1
151,26,648.75,383.84,19.22,66.30,1,1,1
151,30,604.18,383.01,23.68,72.98,1,1,1
151,31,628.97,387.19,24.79,60.45,1,1,1
151,32,633.33,361.62,162.63,437.37,1,1,1
151,37,626.40,383.20,13.33,55.47,1,1,1
151,40,572.80,388.80,12.00,42.40,1,1,1
151,41,575.20,385.07,25.33,63.47,1,1,1
151,42,546.35,387.21,12.38,40.85,1,1,1
151,43,520.98,392.06,16.80,50.27,1,1,1
151,46,524.76,381.02,20.36,67.81,1,1,1
151,47,554.06,383.77,20.91,65.61,1,1,1
151,50,487.07,387.53,21.48,47.11,1,1,1
151,52,515.94,389.38,16.17,49.88,1,1,1
151,53,540.17,387.13,11.65,39.48,1,1,1
152,2,1509.23,347.60,54.61,121.40,1,1,1
152,3,1397.73,363.07,90.34,209.66,1,1,1
152,6,1166.46,365.19,125.32,320.25,1,1,1
152,7,845.75,383.40,45.75,126.72,1,1,1
152,11,749.80,377.33,56.68,157.49,1,1,1
152,12,1090.13,375.48,24.20,64.65,1,1,1
152,16,1314.98,363.44,42.73,158.59,1,1,1
152,17,768.28,382.38,30.84,111.89,1,1,1
152,25,660.41,382.49,20.81,70.30,1,1,1
152,26,643.54,386.72,18.45,66.05,1,1,1
152,30,595.94,385.03,29.70,73.60,1,1,1
152,31,624.62,389.09,25.13,66.75,1,1,1
152,32,632.41,361.11,162.96,437.96,1,1,1
152,37,623.14,386.81,15.30,57.74,1,1,1
152,40,566.96,389.57,14.61,44.17,1,1,1
152,41,570.96,386.26,24.52,64.70,1,1,1
152,42,541.91,387.13,12.87,43.30,1,1,1
152,43,515.30,393.04,13.04,48.17,1,1,1
152,46,521.57,384.70,22.61,67.13,1,1,1
152,47,549.91,385.91,21.39,65.39,1,1,1
152,50,481.47,388.07,21.83,48.98,1,1,1
152,52,512.05,391.78,10.90,48.76,1,1,1
152,53,536.65,388.61,9.29,41.23,1,1,1
153,2,1506.34,351.22,52.68,121.46,1,1,1
153,3,1395.12,369.27,86.83,204.88,1,1,1
153,6,1168.48,368.48,124.85,323.03,1,1,1
153,7,841.95,386.34,43.41,127.80,1,1,1
153,11,742.91,380.97,59.92,155.87,1,1,1
153,12,1085.24,378.55,24.79,65.46,1,1,1
153,16,1311.11,367.20,46.03,179.37,1,1,1
153,17,759.91,385.02,37.89,111.45,1,1,1
153,25,657.09,384.62,20.91,64.41,1,1,1
153,26,638.72,387.47,18.11,61.00,1,1,1
153,30,591.64,385.79,27.30,71.03,1,1,1
153,31,618.38,390.81,29.25,69.08,1,1,1
153,32,631.82,361.82,160.91,433.64,1,1,1
153,37,618.12,390.29,17.80,57.61,1,1,1
153,40,560.22,394.35,15.32,43.01,1,1,1
153,41,566.13,389.25,25.27,62.10,1,1,1
153,42,537.25,390.08,13.13,41.22,1,1,1
153,43,510.69,396.64,13.94,47.25,1,1,1
153,46,518.78,384.73,21.37,68.24,1,1,1
153,47,544.73,387.33,21.07,65.80,1,1,1
153,50,477.57,391.83,21.74,47.48,1,1,1
153,52,503.93,394.11,13.87,49.08,1,1,1
153,53,532.70,392.10,10.20,39.40,1,1,1
154,2,1504.31,353.05,50.00,118.53,1,1,1
154,3,1390.04,374.46,81.39,187.01,1,1,1
154,6,1168.67,372.00,128.67,328.00,1,1,1
154,7,841.33,388.89,45.33,125.78,1,1,1
154,11,739.35,384.52,52.26,154.84,1,1,1
154,12,1082.76,383.62,24.14,60.34,1,1,1
154,16,1296.23,376.42,60.38,189.62,1,1,1
154,17,751.37,387.43,34.43,127.87,1,1,1
154,25,649.82,386.72,23.99,66.79,1,1,1
154,26,633.95,392.62,16.97,61.25,1,1,1
154,30,591.37,392.13,20.81,63.96,1,1,1
154,31,613.71,400.51,20.81,55.33,1,1,1
154,32,628.00,360.23,162.00,431.33,1,1,1
154,40,550.69,395.14,14.58,44.79,1,1,1
154,41,558.33,394.10,26.04,60.76,1,1,1
154,50,476.00,394.61,17.74,45.57,1,1,1
155,2,1496.59,364.88,54.15,144.88,1,1,1
155,3,1379.70,381.20,82.71,196.24,1,1,1
155,6,1169.37,377.48,127.93,334.23,1,1,1
155,7,834.22,391.56,45.78,129.78,1,1,1
155,11,726.45,389.03,51.61,153.55,1,1,1
155,12,1070.45,389.88,29.96,64.37,1,1,1
155,16,1297.53,376.54,57.41,206.17,1,1,1
155,17,748.87,392.93,33.44,116.08,1,1,1
155,25,637.37,389.09,31.81,73.24,1,1,1
155,26,625.34,394.52,15.07,57.53,1,1,1
155,30,583.79,400.31,23.24,60.24,1,1,1
155,31,610.40,405.20,20.80,57.49,1,1,1
155,32,620.67,359.53,154.55,431.82,1,1,1
155,40,542.72,399.35,15.86,42.07,1,1,1
155,41,549.19,397.41,25.57,50.81,1,1,1
155,50,467.77,398.73,14.21,44.16,1,1,1
156,2,1495.72,363.64,51.87,148.66,1,1,1
156,3,1382.89,379.14,82.35,210.16,1,1,1
156,6,1177.78,383.70,126.67,334.07,1,1,1
156,7,827.85,394.30,44.30,126.85,1,1,1
156,11,727.97,390.68,53.39,157.63,1,1,1
156,12,1075.29,389.41,20.00,65.29,1,1,1
156,14,1107.38,389.67,21.77,63.47,1,1,1
156,16,1304.55,382.95,55.68,192.05,1,1,1
156,17,744.21,393.99,31.33,114.59,1,1,1
156,25,639.96,392.35,23.33,72.28,1,1,1
156,26,621.41,394.65,18.93,69.98,1,1,1
156,30,575.52,395.03,27.88,73.17,1,1,1
156,31,602.75,401.96,26.96,64.66,1,1,1
156,32,620.91,366.36,164.55,430.91,1,1,1
156,37,602.36,392.04,23.89,68.14,1,1,1
156,40,542.98,400.45,14.92,44.32,1,1,1
156,41,548.78,396.21,27.39,61.25,1,1,1
156,43,491.09,402.45,16.26,46.99,1,1,1
156,46,501.34,398.44,19.82,63.47,1,1,1
156,47,526.06,397.77,24.28,63.47,1,1,1
156,50,459.02,399.69,20.80,48.62,1,1,1
156,52,485.50,404.83,11.34,48.11,1,1,1
156,53,517.84,400.43,10.79,40.00,1,1,1
157,2,1491.36,364.90,53.48,128.69,1,1,1
157,3,1378.10,386.13,78.10,177.37,1,1,1
157,6,1174.42,386.82,132.56,339.53,1,1,1
157,7,824.16,396.94,41.59,127.83,1,1,1
157,11,718.18,393.58,55.08,158.82,1,1,1
157,12,1069.85,393.97,19.10,62.31,1,1,1
157,14,1104.51,395.49,20.14,58.33,1,1,1
157,17,735.96,397.38,31.46,121.72,1,1,1
157,25,631.50,394.50,24.46,66.97,1,1,1
157,26,617.65,398.24,17.02,62.65,1,1,1
157,30,567.58,400.00,28.75,68.20,1,1,1
157,31,594.50,405.81,25.08,63.61,1,1,1
157,32,618.70,369.11,163.41,438.21,1,1,1
157,37,596.54,399.73,18.09,60.90,1,1,1
157,40,536.17,398.94,16.49,48.94,1,1,1
157,41,542.82,399.73,25.00,61.70,1,1,1
157,43,479.76,405.41,15.83,47.09,1,1,1
157,50,454.31,402.54,17.51,46.19,1,1,1
157,52,476.52,405.39,15.65,47.13,1,1,1
158,2,1489.88,368.42,51.01,136.44,1,1,1
158,3,1372.05,387.58,80.75,177.64,1,1,1
158,6,1175.00,392.36,132.64,339.58,1,1,1
158,7,818.08,397.42,44.65,129.52,1,1,1
158,11,715.88,394.71,47.65,157.65,1,1,1
158,12,1062.93,393.66,18.05,62.93,1,1,1
158,14,1098.22,391.11,16.00,66.67,1,1,1
158,17,731.80,398.78,29.97,118.35,1,1,1
158,25,626.91,396.94,26.91,68.81,1,1,1
158,26,608.87,400.00,21.41,66.06,1,1,1
158,30,564.43,400.92,24.02,68.82,1,1,1
158,31,587.99,406.24,25.40,62.12,1,1,1
158,32,613.53,371.43,163.91,437.59,1,1,1
158,37,588.67,395.79,23.30,64.08,1,1,1
158,40,531.54,406.60,12.22,40.59,1,1,1
158,41,538.14,401.22,25.92,61.86,1,1,1
158,43,475.28,405.17,16.79,49.26,1,1,1
158,46,488.75,398.71,21.22,60.70,1,1,1
158,47,515.68,401.48,21.22,60.33,1,1,1
158,50,446.79,405.20,18.65,44.65,1,1,1
158,52,470.59,405.46,14.92,48.53,1,1,1
158,53,505.57,403.30,10.43,36.35,1,1,1
159,2,1484.88,371.71,52.68,141.46,1,1,1
159,3,1372.92,389.58,76.04,191.67,1,1,1
159,6,1183.17,399.01,127.72,339.60,1,1,1
159,7,813.76,401.01,44.63,127.85,1,1,1
159,11,702.84,395.04,58.87,158.16,1,1,1
159,12,1056.28,396.76,20.24,61.94,1,1,1
159,14,1094.80,395.72,14.07,62.69,1,1,1
159,17,727.16,399.49,29.95,109.90,1,1,1
159,19,645.29,395.29,57.06,157.65,1,1,1
159,25,624.46,398.78,25.08,65.75,1,1,1
159,26,606.73,400.92,18.65,63.30,1,1,1
159,30,558.66,398.38,27.48,75.29,1,1,1
159,31,582.45,404.16,28.64,67.90,1,1,1
159,32,610.08,373.11,167.23,442.86,1,1,1
159,37,585.12,397.25,22.04,66.67,1,1,1
159,40,529.73,403.95,15.38,44.91,1,1,1
159,41,536.17,400.42,24.95,64.86,1,1,1
159,43,473.08,405.13,13.82,51.71,1,1,1
159,46,485.04,397.44,20.66,64.96,1,1,1
159,47,509.54,398.15,21.94,66.67,1,1,1
159,50,442.06,403.34,23.12,53.48,1,1,1
159,52,465.01,406.69,16.06,48.57,1,1,1
159,53,500.52,401.57,10.21,45.68,1,1,1
160,2,1483.40,374.09,52.63,136.44,1,1,1
160,3,1370.85,389.47,74.90,176.92,1,1,1
160,6,1184.72,400.69,134.72,346.53,1,1,1
160,7,811.14,401.67,45.40,130.36,1,1,1
160,11,700.00,396.47,59.41,149.41,1,1,1
160,12,1056.68,397.57,17.41,63.16,1,1,1
160,14,1089.91,396.02,17.43,64.83,1,1,1
160,17,721.71,400.00,32.42,116.21,1,1,1
160,19,646.47,397.06,51.18,148.24,1,1,1
160,25,620.49,398.47,23.85,62.69,1,1,1
160,26,601.39,400.69,20.55,60.28,1,1,1
160,30,554.78,399.48,27.13,75.48,1,1,1
160,31,579.30,406.09,29.57,66.61,1,1,1
160,32,611.24,376.40,165.17,440.45,1,1,1
160,37,584.78,397.19,20.84,67.45,1,1,1
160,40,525.24,404.82,13.02,42.60,1,1,1
160,41,531.99,400.96,24.60,63.67,1,1,1
160,43,469.77,406.27,13.83,49.68,1,1,1
160,46,481.19,401.45,24.28,61.25,1,1,1
160,47,507.23,399.36,21.22,67.20,1,1,1
160,50,440.10,404.31,20.30,49.24,1,1,1
160,52,460.42,406.31,14.53,48.76,1,1,1
160,53,495.72,402.79,12.69,47.11,1,1,1
161,2,1482.26,374.92,51.99,137.92,1,1,1
161,3,1372.28,390.10,70.30,182.67,1,1,1
161,6,1190.77,399.23,133.08,353.08,1,1,1
161,7,810.74,403.02,45.30,129.87,1,1,1
161,11,698.06,393.55,58.71,148.39,1,1,1
161,12,1051.07,397.55,21.41,65.44,1,1,1
161,14,1088.38,397.55,17.13,64.83,1,1,1
161,17,720.18,401.53,32.11,111.01,1,1,1
161,19,639.04,395.72,57.22,147.59,1,1,1
161,25,618.11,400.00,23.68,65.74,1,1,1
161,26,600.84,401.39,18.94,62.67,1,1,1
161,30,553.76,402.51,26.18,72.98,1,1,1
161,31,578.83,406.96,27.58,67.69,1,1,1
161,32,612.73,378.18,166.36,443.64,1,1,1
161,33,556.55,402.51,22.01,64.90,1,1,1
161,37,579.72,397.57,22.92,67.95,1,1,1
161,40,522.52,404.06,12.78,41.18,1,1,1
161,41,529.61,402.43,24.14,61.66,1,1,1
161,43,465.72,406.29,15.42,50.51,1,1,1
161,46,479.39,402.75,21.37,60.15,1,1,1
161,47,505.50,400.61,21.37,65.19,1,1,1
161,50,436.39,404.59,24.16,50.15,1,1,1
161,52,454.68,404.37,18.09,51.77,1,1,1
161,53,496.71,402.66,11.27,48.20,1,1,1
162,2,1483.18,373.70,52.29,144.95,1,1,1
162,3,1371.93,390.06,69.01,202.34,1,1,1
162,6,1196.97,403.03,134.34,350.51,1,1,1
162,7,809.47,403.34,44.57,128.41,1,1,1
162,11,695.04,391.49,58.16,153.90,1,1,1
162,12,1050.61,400.00,21.86,61.54,1,1,1
162,14,1085.45,396.30,16.86,64.43,1,1,1
162,17,719.17,401.62,29.10,101.39,1,1,1
162,19,634.76,395.72,57.75,151.87,1,1,1
162,25,614.55,399.08,24.02,65.36,1,1,1
162,26,598.38,401.62,19.40,63.51,1,1,1
162,30,550.78,400.35,26.96,75.48,1,1,1
162,31,577.04,406.26,26.78,68.87,1,1,1
162,32,610.48,382.86,163.81,440.00,1,1,1
162,33,552.37,402.11,23.16,65.00,1,1,1
162,37,576.80,398.20,22.94,65.98,1,1,1
162,40,521.91,403.09,13.66,46.65,1,1,1
162,41,526.29,401.55,25.26,61.86,1,1,1
162,43,463.61,407.73,13.37,49.11,1,1,1
162,46,476.17,404.19,23.67,59.42,1,1,1
162,47,503.38,400.48,22.71,64.90,1,1,1
162,50,434.24,404.41,22.06,50.84,1,1,1
162,52,452.30,404.36,18.64,51.57,1,1,1
162,53,493.95,402.18,10.41,42.37,1,1,1
163,2,1481.96,373.09,51.99,133.03,1,1,1
163,3,1371.31,388.61,66.67,190.30,1,1,1
163,6,1201.88,395.34,136.59,360.98,1,1,1
163,7,808.10,402.02,44.53,130.77,1,1,1
163,11,684.75,388.98,64.41,160.17,1,1,1
163,12,1047.80,398.54,20.49,62.44,1,1,1
163,14,1079.94,396.66,22.01,62.95,1,1,1
163,17,712.81,401.39,34.26,124.23,1,1,1
163,19,632.62,394.12,56.68,155.61,1,1,1
163,25,613.39,399.31,24.94,63.97,1,1,1
163,26,597.00,402.77,19.40,62.82,1,1,1
163,30,548.32,398.74,27.73,75.00,1,1,1
163,31,573.32,406.93,27.10,68.49,1,1,1
163,32,613.10,383.45,166.21,441.38,1,1,1
163,33,549.58,403.15,20.80,65.34,1,1,1
163,37,574.55,397.88,23.64,69.70,1,1,1
163,40,518.04,404.34,14.16,45.89,1,1,1
163,41,525.80,401.60,21.46,62.10,1,1,1
163,43,460.59,405.85,15.32,50.77,1,1,1
163,46,474.87,401.38,24.78,63.68,1,1,1
163,47,499.83,397.93,24.78,68.16,1,1,1
163,50,432.35,404.35,21.91,50.26,1,1,1
163,52,450.61,404.89,16.87,49.88,1,1,1
163,53,491.69,401.47,12.71,49.63,1,1,1
164,2,1481.92,372.32,54.61,131.00,1,1,1
164,3,1373.42,387.34,62.03,188.61,1,1,1
164,6,1208.45,392.96,140.14,363.38,1,1,1
164,7,806.38,401.01,45.64,130.54,1,1,1
164,11,688.37,393.80,58.14,161.24,1,1,1
164,12,1044.28,400.00,21.77,59.41,1,1,1
164,14,1078.68,396.45,20.81,62.69,1,1,1
164,17,712.42,401.01,34.23,123.49,1,1,1
164,19,630.48,394.12,63.10,162.03,1,1,1
164,25,610.41,397.97,24.62,64.97,1,1,1
164,26,594.43,401.91,18.43,62.09,1,1,1
164,30,547.13,398.96,26.96,74.43,1,1,1
164,31,572.52,407.30,26.43,65.74,1,1,1
164,32,614.42,384.62,166.35,439.42,1,1,1
164,33,549.70,402.07,18.64,63.31,1,1,1
164,37,573.73,396.84,22.78,68.35,1,1,1
164,40,517.17,403.91,15.43,46.74,1,1,1
164,41,523.70,400.87,25.65,64.57,1,1,1
164,43,457.83,405.87,15.43,48.91,1,1,1
164,46,471.03,402.95,22.91,59.57,1,1,1
164,47,495.91,399.18,24.55,65.14,1,1,1
164,50,429.66,403.36,23.24,51.99,1,1,1
164,51,753.52,395.11,16.21,61.77,1,1,1
164,52,445.21,405.35,21.60,50.11,1,1,1
164,53,489.09,401.51,10.23,46.48,1,1,1
165,2,1482.59,373.13,52.74,142.79,1,1,1
165,3,1369.09,386.36,65.00,174.55,1,1,1
165,6,1214.58,388.89,144.44,364.58,1,1,1
165,7,805.50,400.61,45.57,130.28,1,1,1
165,11,692.94,394.12,51.76,145.88,1,1,1
165,12,1039.09,399.09,26.36,60.91,1,1,1
165,14,1077.88,396.88,20.56,62.62,1,1,1
165,19,626.57,393.36,56.83,142.80,1,1,1
165,25,608.80,398.28,25.62,65.01,1,1,1
165,26,592.35,401.34,20.46,65.20,1,1,1
165,30,545.12,397.13,26.39,75.14,1,1,1
165,31,569.02,404.78,25.81,66.92,1,1,1
165,32,617.59,384.26,165.74,437.96,1,1,1
165,33,545.33,401.13,19.55,64.59,1,1,1
165,37,576.51,396.64,18.12,63.42,1,1,1
165,40,515.74,403.81,14.47,45.94,1,1,1
165,41,522.34,400.76,25.89,62.44,1,1,1
165,43,455.84,405.58,15.74,50.25,1,1,1
165,46,468.78,402.79,24.37,59.39,1,1,1
165,47,494.16,398.73,25.38,64.21,1,1,1
165,50,427.66,403.05,22.84,50.25,1,1,1
165,51,752.81,396.54,17.32,60.17,1,1,1
165,52,442.54,405.73,19.02,50.10,1,1,1
165,53,488.44,402.00,9.24,43.61,1,1,1
166,2,1483.22,371.81,53.36,131.54,1,1,1
166,3,1367.38,385.11,64.89,178.01,1,1,1
166,6,1221.15,386.54,145.19,370.19,1,1,1
166,7,804.36,399.33,44.97,130.54,1,1,1
166,11,678.71,392.90,62.58,148.39,1,1,1
166,12,1044.00,402.67,17.78,56.44,1,1,1
166,14,1076.51,395.30,20.47,63.42,1,1,1
166,19,625.13,394.12,58.29,145.99,1,1,1
166,25,607.11,397.72,24.87,65.99,1,1,1
166,26,591.62,400.76,19.29,63.71,1,1,1
166,30,544.34,395.84,26.56,76.44,1,1,1
166,31,564.67,404.39,33.95,68.13,1,1,1
166,32,617.65,381.51,165.55,442.86,1,1,1
166,33,543.88,399.77,21.48,64.43,1,1,1
166,37,573.64,396.67,17.88,61.82,1,1,1
166,40,514.24,401.82,11.82,44.55,1,1,1
166,41,520.00,399.09,26.67,65.45,1,1,1
166,43,452.55,405.29,15.31,50.66,1,1,1
166,46,467.49,404.91,24.20,56.90,1,1,1
166,47,493.95,396.03,23.06,68.05,1,1,1
166,50,426.89,402.10,22.48,51.89,1,1,1
166,51,749.17,396.13,19.89,55.25,1,1,1
166,52,442.12,405.17,18.47,49.26,1,1,1
166,53,487.79,402.80,7.73,44.79,1,1,1
167,2,1483.41,369.27,53.66,137.07,1,1,1
167,3,1364.77,386.53,65.80,181.87,1,1,1
167,6,1227.59,384.48,147.41,371.55,1,1,1
167,7,803.24,399.60,46.15,131.58,1,1,1
167,11,696.13,394.84,52.26,149.68,1,1,1
167,12,1042.51,398.38,18.22,62.35,1,1,1
167,14,1074.31,394.19,20.49,61.16,1,1,1
167,19,620.86,393.05,57.22,149.73,1,1,1
167,25,606.61,397.22,24.52,66.61,1,1,1
167,26,590.76,400.92,19.40,64.20,1,1,1
167,30,541.77,395.73,27.53,76.42,1,1,1
167,31,563.45,402.06,31.96,68.99,1,1,1
167,32,620.43,378.49,165.59,445.16,1,1,1
167,33,542.58,399.76,21.29,66.75,1,1,1
167,37,571.05,396.49,20.47,64.33,1,1,1
167,40,510.82,400.88,16.67,48.83,1,1,1
167,41,519.01,399.42,23.98,63.74,1,1,1
167,43,450.44,403.96,14.76,51.98,1,1,1
167,46,464.76,405.95,22.91,57.27,1,1,1
167,47,490.97,396.26,26.21,66.96,1,1,1
167,50,422.94,401.72,23.33,51.82,1,1,1
167,51,749.74,395.79,16.32,50.26,1,1,1
167,52,438.99,404.15,18.59,51.44,1,1,1
167,53,485.74,401.81,7.76,43.14,1,1,1
168,2,1484.39,370.24,54.15,139.02,1,1,1
168,3,1361.95,386.34,65.85,187.32,1,1,1
168,6,1231.73,385.58,154.81,382.69,1,1,1
168,7,801.94,398.71,47.10,132.90,1,1,1
168,12,1041.76,399.41,17.65,58.82,1,1,1
168,14,1076.15,393.88,17.74,61.77,1,1,1
168,19,618.72,393.05,58.29,140.64,1,1,1
168,25,604.41,397.27,25.42,66.60,1,1,1
168,26,588.66,400.00,20.38,64.71,1,1,1
168,30,540.34,395.80,26.26,76.05,1,1,1
168,31,562.39,402.31,31.30,69.12,1,1,1
168,32,623.08,376.15,165.38,446.92,1,1,1
168,33,537.61,400.00,23.32,64.08,1,1,1
168,37,569.98,397.23,20.09,61.20,1,1,1
168,40,511.09,400.92,12.24,47.11,1,1,1
168,41,517.55,399.08,23.33,64.67,1,1,1
168,43,448.50,404.39,15.47,51.73,1,1,1
168,46,462.59,405.31,21.94,58.89,1,1,1
168,47,488.68,398.38,25.64,65.36,1,1,1
168,50,421.22,401.68,23.53,52.31,1,1,1
168,51,749.25,395.50,12.01,44.14,1,1,1
168,52,436.80,404.94,18.57,50.60,1,1,1
168,53,480.74,401.03,12.45,44.16,1,1,1
169,2,1484.90,370.81,53.02,133.56,1,1,1
169,3,1358.05,386.78,68.39,189.66,1,1,1
169,6,1240.59,383.17,155.45,390.10,1,1,1
169,7,800.98,399.51,48.78,131.22,1,1,1
169,12,1027.11,397.78,29.78,61.33,1,1,1
169,14,1071.96,395.57,19.93,61.62,1,1,1
169,19,615.51,394.65,57.75,147.59,1,1,1
169,25,602.73,396.64,25.00,66.18,1,1,1
169,26,587.18,400.63,20.38,65.34,1,1,1
169,30,539.71,395.59,26.05,76.89,1,1,1
169,31,560.92,400.84,30.46,71.01,1,1,1
169,32,624.10,375.64,166.27,443.37,1,1,1
169,33,535.83,400.00,20.52,63.48,1,1,1
169,37,568.28,396.24,19.89,58.06,1,1,1
169,40,507.26,399.73,15.59,50.27,1,1,1
169,41,515.05,398.66,22.85,65.32,1,1,1
169,43,445.81,405.87,16.28,50.34,1,1,1
169,46,460.07,401.68,26.68,61.58,1,1,1
169,47,486.58,398.49,25.50,66.61,1,1,1
169,50,420.65,401.34,21.61,51.43,1,1,1
169,51,746.91,396.09,10.75,45.93,1,1,1
169,52,434.30,402.76,19.91,51.76,1,1,1
169,53,480.35,400.63,11.53,43.73,1,1,1
170,2,1486.14,369.28,54.22,145.18,1,1,1
170,3,1356.63,386.75,65.06,187.35,1,1,1
170,6,1248.51,382.84,156.72,398.51,1,1,1
170,7,799.56,399.56,46.67,129.33,1,1,1
170,14,1071.11,394.22,20.44,63.11,1,1,1
170,19,612.15,393.52,61.94,183.40,1,1,1
170,25,600.19,397.32,26.58,67.11,1,1,1
170,26,582.22,400.00,22.56,64.05,1,1,1
170,30,536.90,395.60,24.67,75.53,1,1,1
170,31,557.36,402.87,32.50,68.83,1,1,1
170,32,626.60,371.28,168.09,440.43,1,1,1
170,33,534.47,399.47,22.89,63.68,1,1,1
170,37,565.22,396.38,21.74,61.59,1,1,1
170,40,506.04,400.97,15.46,44.69,1,1,1
170,41,512.56,400.00,23.67,64.01,1,1,1
170,43,442.51,404.59,16.43,50.72,1,1,1
170,46,459.18,399.28,27.78,61.35,1,1,1
170,47,486.47,398.55,25.60,64.49,1,1,1
170,50,418.02,400.51,24.87,54.31,1,1,1
170,51,745.93,396.75,12.20,48.37,1,1,1
170,52,431.42,403.26,19.92,51.92,1,1,1
170,53,477.39,399.62,11.69,48.08,1,1,1
171,2,1486.83,369.76,53.17,127.32,1,1,1
171,3,1352.68,386.83,68.29,179.02,1,1,1
171,6,1258.38,382.43,155.84,403.90,1,1,1
171,7,799.11,399.56,48.44,130.67,1,1,1
171,14,1072.44,394.67,19.11,60.00,1,1,1
171,19,612.00,393.78,60.89,154.22,1,1,1
171,25,599.43,396.94,25.24,65.58,1,1,1
171,26,582.60,400.00,22.56,65.58,1,1,1
171,30,535.37,395.98,27.72,76.48,1,1,1
171,31,555.26,401.34,31.17,70.36,1,1,1
171,32,628.57,370.48,166.67,435.24,1,1,1
171,33,532.70,399.04,20.27,64.05,1,1,1
171,37,562.31,396.88,21.50,60.12,1,1,1
171,40,502.18,398.13,17.76,47.04,1,1,1
171,41,510.90,399.69,27.10,63.86,1,1,1
171,43,440.53,404.60,16.81,50.27,1,1,1
171,46,457.70,399.65,24.96,59.47,1,1,1
171,47,484.78,398.41,25.66,66.73,1,1,1
171,50,418.53,401.52,22.59,53.30,1,1,1
171,51,746.06,396.97,13.03,42.12,1,1,1
171,52,431.67,404.72,18.60,50.54,1,1,1
171,53,476.42,400.81,12.26,41.78,1,1,1
172,2,1488.00,370.67,55.11,136.44,1,1,1
172,3,1349.17,386.74,68.51,191.71,1,1,1
172,6,1268.46,389.23,156.92,400.77,1,1,1
172,7,799.11,398.67,46.67,132.89,1,1,1
172,14,1070.67,394.22,19.56,60.00,1,1,1
172,19,612.35,394.71,62.94,169.41,1,1,1
172,25,598.58,397.31,24.68,67.41,1,1,1
172,26,583.07,400.16,22.63,61.23,1,1,1
172,30,532.23,395.11,29.64,75.40,1,1,1
172,31,555.83,400.86,30.22,70.50,1,1,1
172,32,633.33,369.84,169.84,436.51,1,1,1
172,33,527.79,401.36,22.89,65.40,1,1,1
172,37,561.76,397.73,20.96,62.32,1,1,1
172,40,503.97,400.28,20.11,45.04,1,1,1
172,41,510.48,399.43,23.80,63.74,1,1,1
172,43,439.61,405.64,17.39,50.72,1,1,1
172,46,457.65,403.86,21.42,58.45,1,1,1
172,47,484.38,399.84,26.25,65.86,1,1,1
172,50,417.23,402.44,21.19,53.35,1,1,1
172,51,738.62,397.95,15.35,49.10,1,1,1
172,52,429.37,404.72,20.98,51.22,1,1,1
172,53,475.52,400.70,14.16,47.90,1,1,1
173,2,1490.67,368.44,55.56,135.11,1,1,1
173,3,1338.67,386.67,76.89,172.89,1,1,1
173,6,1275.17,393.79,160.00,404.14,1,1,1
173,7,800.00,399.56,48.00,131.56,1,1,1
173,14,1068.00,393.33,20.89,60.89,1,1,1
173,19,611.23,395.19,62.03,185.56,1,1,1
173,25,598.78,395.48,26.09,66.26,1,1,1
173,26,583.30,399.48,21.39,65.39,1,1,1
173,30,532.35,397.04,27.65,75.30,1,1,1
173,31,555.83,402.43,29.22,69.04,1,1,1
173,32,633.33,370.83,168.75,436.11,1,1,1
173,33,515.65,398.78,35.13,65.91,1,1,1
173,37,558.56,396.70,21.62,61.56,1,1,1
173,40,502.70,400.60,18.32,46.55,1,1,1
173,41,509.61,397.60,25.83,65.77,1,1,1
173,43,431.86,404.60,24.70,50.77,1,1,1
173,46,457.75,400.00,22.66,59.63,1,1,1
173,47,485.18,397.79,24.02,64.91,1,1,1
173,50,418.01,400.92,18.71,53.58,1,1,1
173,52,428.97,405.90,19.00,49.45,1,1,1
173,53,474.16,399.66,13.59,46.31,1,1,1
174,2,1491.90,368.02,53.04,127.53,1,1,1
174,3,1345.81,386.03,68.72,192.18,1,1,1
174,6,1286.21,393.97,162.07,412.93,1,1,1
174,7,798.54,398.54,49.76,132.68,1,1,1
174,14,1067.56,394.22,20.89,60.44,1,1,1
174,19,610.12,393.93,60.32,157.49,1,1,1
174,25,598.66,395.98,25.05,68.83,1,1,1
174,26,581.64,399.43,22.94,64.44,1,1,1
174,30,530.40,395.03,28.68,75.53,1,1,1
174,31,553.92,400.76,30.02,71.70,1,1,1
174,32,636.55,371.72,169.66,440.00,1,1,1
174,33,514.21,398.42,32.37,68.42,1,1,1
174,37,560.34,397.29,20.34,63.56,1,1,1
174,40,502.54,400.17,17.97,45.42,1,1,1
174,41,507.97,398.81,23.05,64.58,1,1,1
174,43,432.41,403.60,22.03,52.03,1,1,1
174,46,456.10,400.85,23.05,60.51,1,1,1
174,47,483.56,398.64,26.27,66.27,1,1,1
174,50,414.08,401.89,18.07,51.68,1,1,1
174,52,425.58,404.13,18.09,49.22,1,1,1
174,53,473.39,399.13,13.22,47.13,1,1,1
175,2,1493.29,369.13,51.68,121.14,1,1,1
175,3,1338.66,385.05,75.26,175.26,1,1,1
175,6,1299.22,392.25,159.69,423.26,1,1,1
175,7,797.17,397.57,50.61,137.25,1,1,1
175,11,677.65,392.35,54.12,159.41,1,1,1
175,14,1066.31,394.12,20.86,59.89,1,1,1
175,19,609.78,393.78,61.78,158.67,1,1,1
175,25,598.09,394.96,24.70,68.52,1,1,1
175,26,582.96,398.26,19.83,66.26,1,1,1
175,30,531.83,395.83,25.22,74.43,1,1,1
175,31,553.39,403.48,28.17,68.70,1,1,1
175,32,637.07,372.41,175.00,444.83,1,1,1
175,33,513.22,399.30,33.57,67.65,1,1,1
175,37,558.31,396.49,21.31,67.21,1,1,1
175,40,502.65,400.18,19.79,51.06,1,1,1
175,41,508.30,400.71,21.91,61.31,1,1,1
175,43,430.04,403.36,22.61,53.36,1,1,1
175,46,454.59,397.53,20.85,62.54,1,1,1
175,47,483.57,398.94,24.03,65.55,1,1,1
175,50,415.34,402.10,16.60,50.63,1,1,1
175,52,423.74,404.83,19.96,51.89,1,1,1
175,53,471.65,399.48,13.74,44.70,1,1,1
176,2,1495.55,369.64,51.82,134.01,1,1,1
176,3,1332.39,383.81,81.78,203.24,1,1,1
176,6,1303.10,393.02,170.54,428.68,1,1,1
176,7,797.78,399.56,49.78,133.33,1,1,1
176,8,639.93,402.35,30.20,74.16,1,1,1
176,11,678.19,392.95,42.95,160.07,1,1,1
176,14,1064.19,393.49,22.79,60.93,1,1,1
176,19,610.22,395.11,59.56,160.44,1,1,1
176,25,596.85,394.54,24.58,69.75,1,1,1
176,26,583.61,398.32,20.17,63.87,1,1,1
176,30,530.88,399.79,24.79,72.06,1,1,1
176,31,551.89,404.41,28.99,68.07,1,1,1
176,32,646.15,374.36,166.67,446.15,1,1,1
176,33,513.08,400.47,31.07,65.65,1,1,1
176,37,559.00,395.60,21.80,62.40,1,1,1
176,40,500.00,399.85,19.55,48.87,1,1,1
176,41,507.67,398.80,23.16,63.91,1,1,1
176,43,427.52,403.76,21.05,52.03,1,1,1
176,46,455.04,398.65,24.51,63.16,1,1,1
176,47,483.46,398.05,23.31,67.22,1,1,1
176,50,415.13,401.68,15.13,48.95,1,1,1
176,52,422.31,404.43,15.51,51.11,1,1,1
176,53,472.31,401.42,14.72,46.04,1,1,1
177,2,1497.05,370.48,53.14,123.25,1,1,1
177,3,1322.54,383.10,83.80,248.59,1,1,1
177,6,1316.67,392.11,170.18,432.46,1,1,1
177,7,799.60,399.60,49.39,134.41,1,1,1
177,8,643.29,402.01,27.85,73.49,1,1,1
177,11,681.88,392.95,44.97,162.75,1,1,1
177,14,1065.36,393.85,20.67,64.25,1,1,1
177,18,597.55,404.59,17.43,48.01,1,1,1
177,19,610.24,395.12,63.41,159.02,1,1,1
177,25,596.52,396.35,23.13,68.35,1,1,1
177,26,581.74,399.48,22.26,65.39,1,1,1
177,30,532.70,397.57,24.35,75.13,1,1,1
177,31,552.70,405.22,28.87,68.17,1,1,1
177,32,650.39,375.97,167.44,447.29,1,1,1
177,33,513.74,404.87,26.78,65.57,1,1,1
177,37,558.32,395.79,21.80,62.52,1,1,1
177,40,501.70,400.79,14.14,48.82,1,1,1
177,41,506.81,400.39,23.43,63.09,1,1,1
177,43,429.19,405.24,20.29,51.05,1,1,1
177,46,453.01,398.69,25.52,63.35,1,1,1
177,47,484.42,398.56,23.69,65.97,1,1,1
177,50,415.30,403.44,16.83,47.99,1,1,1
177,52,425.43,405.54,16.06,49.71,1,1,1
177,53,472.66,402.88,12.95,41.87,1,1,1
178,2,1498.67,370.22,56.00,135.11,1,1,1
178,3,1335.38,384.62,76.92,220.00,1,1,1
178,6,1329.07,391.81,170.93,436.05,1,1,1
178,7,799.51,400.49,48.29,134.15,1,1,1
178,8,644.65,402.95,26.94,76.38,1,1,1
178,11,674.91,392.62,53.51,161.62,1,1,1
178,14,1064.29,395.41,19.90,61.73,1,1,1
178,18,595.41,404.59,14.68,49.24,1,1,1
178,19,609.72,394.33,62.35,160.73,1,1,1
178,25,596.64,395.80,23.95,68.49,1,1,1
178,26,581.72,399.37,19.96,66.81,1,1,1
178,30,530.88,398.11,25.84,74.58,1,1,1
178,31,551.05,404.41,31.51,68.70,1,1,1
178,32,652.31,378.46,166.92,447.69,1,1,1
178,33,512.82,401.26,26.47,67.44,1,1,1
178,37,556.97,395.76,21.21,58.79,1,1,1
178,40,501.41,401.56,14.24,43.66,1,1,1
178,41,505.01,399.37,21.91,63.85,1,1,1
178,43,429.11,405.48,18.94,50.08,1,1,1
178,46,453.05,402.19,19.72,59.78,1,1,1
178,47,485.13,399.22,19.25,65.41,1,1,1
178,50,413.37,402.51,19.50,51.25,1,1,1
178,52,428.01,404.58,14.40,50.79,1,1,1
178,53,471.20,401.44,13.87,48.17,1,1,1
179,2,1501.33,369.78,53.78,138.22,1,1,1
179,3,1336.15,398.46,81.54,246.92,1,1,1
179,6,1342.61,388.70,172.17,441.74,1,1,1
179,7,798.67,400.44,48.89,136.44,1,1,1
179,8,638.93,402.01,33.89,76.85,1,1,1
179,11,673.15,391.61,57.72,162.08,1,1,1
179,14,1063.48,394.54,22.18,62.12,1,1,1
179,18,594.67,405.84,15.74,45.94,1,1,1
179,19,610.86,394.43,60.17,162.12,1,1,1
179,25,597.22,395.48,24.87,68.17,1,1,1
179,26,581.22,399.65,18.78,67.48,1,1,1
179,30,530.00,398.95,26.58,72.89,1,1,1
179,31,552.11,405.26,27.89,68.95,1,1,1
179,32,656.19,380.00,167.62,446.67,1,1,1
179,33,517.63,400.00,22.11,67.11,1,1,1
179,37,556.41,395.94,20.94,60.90,1,1,1
179,40,501.71,401.92,14.10,46.15,1,1,1
179,41,506.41,399.36,21.37,63.25,1,1,1
179,43,429.15,404.83,18.36,51.53,1,1,1
179,46,453.30,400.16,22.54,61.84,1,1,1
179,47,483.57,399.68,23.03,64.57,1,1,1
179,50,413.46,403.06,18.65,51.38,1,1,1
179,52,423.56,404.19,17.54,52.36,1,1,1
179,53,471.55,402.98,12.74,46.31,1,1,1
180,2,1503.53,371.18,54.71,134.12,1,1,1
180,3,1351.76,397.06,59.41,197.06,1,1,1
180,6,1358.82,383.66,166.67,446.41,1,1,1
180,7,801.33,399.56,47.56,134.67,1,1,1
180,8,643.17,401.48,30.63,84.87,1,1,1
180,11,669.54,391.62,67.01,162.44,1,1,1
180,14,1065.17,394.76,19.10,61.42,1,1,1
180,18,596.01,405.25,13.87,46.43,1,1,1
180,19,610.12,393.52,60.32,162.35,1,1,1
180,25,597.27,395.59,25.00,68.28,1,1,1
180,26,581.72,399.37,18.49,67.02,1,1,1
180,30,528.78,398.32,28.15,73.74,1,1,1
180,31,551.68,405.04,27.94,67.02,1,1,1
180,32,658.46,380.00,169.23,448.46,1,1,1
180,33,518.28,402.10,21.64,66.39,1,1,1
180,37,556.14,395.49,21.80,68.67,1,1,1
180,40,499.53,400.63,16.28,44.60,1,1,1
180,41,505.95,399.22,22.38,61.66,1,1,1
180,43,431.77,404.07,14.55,51.33,1,1,1
180,46,452.11,404.23,22.22,59.00,1,1,1
180,47,484.51,398.90,19.56,64.79,1,1,1
180,50,412.18,403.05,18.27,50.25,1,1,1
180,52,427.48,403.88,12.52,51.51,1,1,1
180,53,470.07,403.74,13.96,44.46,1,1,1
181,2,1505.37,368.79,58.05,139.60,1,1,1
181,3,1343.59,381.41,67.31,202.56,1,1,1
181,6,1373.45,384.07,167.26,449.56,1,1,1
181,7,802.67,398.93,47.06,134.22,1,1,1
181,8,644.53,401.21,31.17,87.04,1,1,1
181,11,669.64,391.50,62.35,160.73,1,1,1
181,14,1062.96,395.06,22.84,60.49,1,1,1
181,18,594.23,404.62,14.32,45.96,1,1,1
181,19,611.18,392.94,59.41,159.41,1,1,1
181,25,597.23,394.69,23.09,68.13,1,1,1
181,26,581.84,399.43,19.89,66.16,1,1,1
181,30,529.06,397.71,25.81,74.57,1,1,1
181,31,552.58,403.25,29.06,68.83,1,1,1
181,32,660.00,380.00,170.77,447.69,1,1,1
181,33,514.91,399.24,22.56,68.45,1,1,1
181,37,557.14,395.99,20.05,69.42,1,1,1
181,40,500.17,399.31,13.60,47.33,1,1,1
181,41,505.16,397.42,23.92,63.86,1,1,1
181,43,430.12,405.16,14.46,50.26,1,1,1
181,46,452.15,401.89,25.82,60.24,1,1,1
181,47,482.44,398.45,23.75,65.58,1,1,1
181,50,412.15,402.83,21.86,49.39,1,1,1
181,53,471.30,401.04,13.04,46.26,1,1,1
182,2,1510.73,371.22,55.12,130.73,1,1,1
182,3,1346.62,368.24,63.51,216.22,1,1,1
182,6,1386.92,380.37,168.22,459.81,1,1,1
182,7,803.11,398.22,45.78,136.00,1,1,1
182,8,645.75,400.40,30.36,91.50,1,1,1
182,11,667.21,389.47,59.92,164.37,1,1,1
182,14,1065.59,393.57,20.26,61.41,1,1,1
182,18,594.23,404.39,15.47,45.27,1,1,1
182,19,609.76,393.17,62.93,160.98,1,1,1
182,25,597.69,395.38,24.94,68.13,1,1,1
182,26,580.83,399.08,21.02,68.82,1,1,1
182,30,526.33,397.23,30.02,76.44,1,1,1
182,31,551.96,403.70,28.64,67.21,1,1,1
182,32,663.54,379.17,170.83,445.83,1,1,1
182,33,512.70,401.39,24.02,64.67,1,1,1
182,37,553.85,396.37,24.79,68.38,1,1,1
182,40,500.48,399.84,15.78,45.25,1,1,1
182,41,505.15,398.87,20.93,61.67,1,1,1
182,43,427.86,404.19,14.81,49.11,1,1,1
182,46,450.40,400.48,29.31,61.51,1,1,1
182,47,481.96,398.39,23.03,64.25,1,1,1
182,50,411.78,401.85,18.01,49.42,1,1,1
182,53,469.21,399.71,12.52,44.89,1,1,1
183,2,1510.22,368.00,52.00,135.11,1,1,1
183,3,1349.38,368.52,59.13,203.82,1,1,1
183,6,1400.00,381.91,171.28,467.02,1,1,1
183,7,805.85,398.05,43.90,136.10,1,1,1
183,8,642.93,399.51,34.63,89.27,1,1,1
183,11,667.16,390.41,66.42,163.47,1,1,1
183,14,1066.67,394.65,18.11,59.26,1,1,1
183,18,594.61,404.17,15.13,45.91,1,1,1
183,19,610.73,391.22,60.00,162.44,1,1,1
183,25,596.54,394.46,25.17,69.28,1,1,1
183,26,581.52,399.77,18.71,65.82,1,1,1
183,30,527.71,396.30,26.56,75.98,1,1,1
183,31,549.42,405.54,30.25,66.05,1,1,1
183,32,668.42,377.44,167.67,445.86,1,1,1
183,33,510.85,399.08,25.17,67.90,1,1,1
183,37,553.85,398.79,23.89,63.97,1,1,1
183,40,497.06,398.11,17.86,46.01,1,1,1
183,41,504.41,396.22,19.75,62.39,1,1,1
183,43,426.05,403.57,15.76,50.84,1,1,1
183,46,452.94,403.99,22.27,56.51,1,1,1
183,47,482.14,396.85,22.06,66.39,1,1,1
183,50,410.91,400.76,20.30,51.52,1,1,1
183,53,469.44,401.15,12.53,42.33,1,1,1
184,2,1510.22,368.44,57.78,129.78,1,1,1
184,3,1346.30,370.37,62.35,235.19,1,1,1
184,6,1410.64,381.91,189.36,474.47,1,1,1
184,7,804.12,396.47,47.65,142.94,1,1,1
184,8,647.97,398.52,29.15,89.67,1,1,1
184,11,666.44,390.94,60.40,161.41,1,1,1
184,14,1064.25,394.12,21.27,61.09,1,1,1
184,18,596.07,403.93,12.93,45.96,1,1,1
184,19,608.50,392.31,63.97,159.51,1,1,1
184,25,597.23,393.76,23.56,69.98,1,1,1
184,26,580.87,400.00,20.47,66.11,1,1,1
184,30,527.25,395.84,27.71,74.60,1,1,1
184,31,549.65,404.62,30.25,65.36,1,1,1
184,32,669.75,373.11,171.43,450.42,1,1,1
184,33,509.51,398.71,28.02,66.84,1,1,1
184,37,553.00,395.67,22.33,68.67,1,1,1
184,40,498.59,400.00,16.12,46.95,1,1,1
184,41,504.69,400.16,21.28,46.48,1,1,1
184,43,426.45,403.29,13.62,51.96,1,1,1
184,46,450.86,403.76,21.91,57.12,1,1,1
184,47,478.87,398.44,25.04,65.73,1,1,1
184,50,409.17,400.92,20.80,50.46,1,1,1
184,53,468.83,400.32,12.97,47.78,1,1,1
185,2,1513.36,370.45,53.85,136.44,1,1,1
185,6,1425.00,383.65,200.00,480.77,1,1,1
185,7,805.33,398.22,48.00,134.67,1,1,1
185,8,645.76,399.26,31.00,81.55,1,1,1
185,11,669.74,390.41,58.67,161.99,1,1,1
185,14,1063.69,394.97,22.35,61.45,1,1,1
185,18,595.57,403.69,15.50,46.86,1,1,1
185,19,609.33,393.33,61.78,160.89,1,1,1
185,25,597.55,394.50,25.99,67.58,1,1,1
185,26,578.59,399.39,22.63,66.67,1,1,1
185,30,525.99,397.25,26.91,75.84,1,1,1
185,31,549.85,403.36,29.97,66.97,1,1,1
185,32,673.95,373.95,168.07,452.10,1,1,1
185,33,509.01,399.31,24.25,66.28,1,1,1
185,37,554.62,395.58,18.88,66.27,1,1,1
185,40,496.98,398.68,15.31,47.45,1,1,1
185,43,424.88,404.38,13.30,49.92,1,1,1
185,46,449.92,403.13,21.13,56.18,1,1,1
185,47,479.34,397.18,23.79,65.26,1,1,1
185,50,409.03,400.84,18.70,52.52,1,1,1
185,53,467.62,401.07,13.21,47.14,1,1,1
186,2,1516.28,367.44,54.26,145.74,1,1,1
186,6,1436.56,384.95,208.60,488.17,1,1,1
186,7,805.37,397.56,45.37,136.59,1,1,1
186,11,669.59,392.57,54.73,154.73,1,1,1
186,19,607.06,394.71,58.82,160.00,1,1,1
186,30,521.34,400.64,25.48,62.10,1,1,1
186,31,551.59,406.37,20.70,55.10,1,1,1
186,32,679.25,372.64,157.55,445.28,1,1,1
186,33,513.06,403.82,23.57,57.32,1,1,1
186,40,490.78,398.63,11.26,43.34,1,1,1
186,41,495.22,400.00,24.57,52.22,1,1,1
186,43,418.27,405.62,19.20,44.26,1,1,1
186,46,455.97,407.26,17.80,47.54,1,1,1
186,47,480.80,402.11,20.37,60.42,1,1,1
186,50,408.49,405.17,16.24,42.44,1,1,1
186,53,470.44,402.54,13.63,36.72,1,1,1
187,2,1509.03,372.90,61.29,132.26,1,1,1
187,6,1447.78,388.89,212.22,496.67,1,1,1
187,7,808.78,400.00,42.93,134.63,1,1,1
187,11,672.03,394.07,54.24,155.93,1,1,1
187,19,608.24,396.47,55.88,160.59,1,1,1
187,30,518.67,401.33,27.11,64.44,1,1,1
187,31,549.78,408.00,19.11,57.78,1,1,1
187,32,680.00,371.11,162.22,451.11,1,1,1
187,33,510.40,408.05,23.15,55.03,1,1,1
187,40,485.79,400.28,17.83,43.73,1,1,1
187,41,494.99,400.84,22.56,54.87,1,1,1
187,43,415.88,407.24,18.66,44.85,1,1,1
187,46,451.81,408.64,22.01,46.24,1,1,1
187,47,477.99,402.23,24.23,61.28,1,1,1
187,50,403.11,410.22,20.00,42.22,1,1,1
187,53,470.45,404.45,12.96,37.65,1,1,1
188,2,1513.55,371.61,59.35,138.71,1,1,1
188,6,1463.33,388.89,202.22,511.11,1,1,1
188,7,802.22,401.33,45.78,138.67,1,1,1
188,8,644.30,402.68,33.56,88.26,1,1,1
188,11,671.48,393.62,54.36,164.77,1,1,1
188,14,1056.89,396.44,19.11,59.56,1,1,1
188,18,586.84,406.93,13.63,46.42,1,1,1
188,19,605.29,397.65,55.88,161.76,1,1,1
188,25,591.44,397.55,23.85,70.95,1,1,1
188,26,570.95,402.45,23.55,66.97,1,1,1
188,30,518.91,398.53,25.63,75.42,1,1,1
188,31,540.76,404.20,32.35,71.01,1,1,1
188,32,677.78,371.79,169.23,443.59,1,1,1
188,33,501.89,403.57,24.37,68.07,1,1,1
188,37,545.01,397.70,23.53,71.36,1,1,1
188,40,489.34,406.29,16.43,38.64,1,1,1
188,41,496.68,403.50,18.71,47.73,1,1,1
188,43,415.21,407.69,13.99,48.25,1,1,1
188,46,443.18,406.82,22.90,61.89,1,1,1
188,47,472.90,400.35,20.98,65.91,1,1,1
188,50,401.27,404.06,24.37,51.78,1,1,1
188,53,459.39,403.55,14.97,47.72,1,1,1
189,2,1514.18,369.50,56.03,145.39,1,1,1
189,6,1471.33,390.61,197.22,523.61,1,1,1
189,7,799.56,400.00,46.67,136.00,1,1,1
189,11,667.80,395.61,50.24,163.90,1,1,1
189,14,1055.42,398.80,19.28,60.84,1,1,1
189,19,598.82,399.41,60.59,160.00,1,1,1
189,25,586.85,397.86,25.38,70.95,1,1,1
189,26,572.48,403.98,21.10,65.14,1,1,1
189,30,511.01,401.53,30.28,72.78,1,1,1
189,31,540.06,409.17,28.44,63.61,1,1,1
189,32,678.83,373.72,162.04,439.42,1,1,1
189,33,497.86,410.09,20.49,61.47,1,1,1
189,37,545.49,398.96,20.83,69.10,1,1,1
189,40,479.86,404.51,18.75,45.83,1,1,1
189,41,491.32,406.25,21.18,53.12,1,1,1
189,43,411.24,411.53,15.56,40.92,1,1,1
189,46,440.63,406.63,24.50,57.93,1,1,1
189,47,470.61,404.03,17.87,61.38,1,1,1
189,50,400.67,410.74,16.11,44.30,1,1,1
189,53,458.66,405.54,14.55,46.88,1,1,1
190,2,1508.89,366.22,55.56,134.22,1,1,1
190,6,1485.11,390.43,201.06,522.34,1,1,1
190,7,796.10,400.98,46.83,138.05,1,1,1
190,8,637.97,404.81,28.34,91.98,1,1,1
190,11,660.96,398.40,51.87,163.10,1,1,1
190,14,1048.62,397.25,17.43,59.63,1,1,1
190,19,595.88,400.00,58.82,158.82,1,1,1
190,25,583.56,395.30,24.83,73.49,1,1,1
190,26,566.44,401.68,21.48,67.45,1,1,1
190,30,510.07,399.66,25.84,76.85,1,1,1
190,31,532.21,407.05,28.86,66.44,1,1,1
190,32,673.27,373.27,168.32,445.54,1,1,1
190,33,493.29,410.07,21.14,61.41,1,1,1
190,37,538.71,398.71,21.61,68.06,1,1,1
190,40,483.22,401.77,10.60,44.59,1,1,1
190,41,491.17,401.99,19.21,43.49,1,1,1
190,43,405.30,411.26,16.11,49.01,1,1,1
190,46,437.53,407.06,20.53,55.85,1,1,1
190,47,466.00,404.42,19.65,60.04,1,1,1
190,50,393.65,407.61,19.54,50.51,1,1,1
190,53,448.32,403.67,17.74,49.24,1,1,1
191,2,1507.80,372.68,55.61,133.17,1,1,1
191,6,1494.39,389.72,204.67,533.64,1,1,1
191,7,793.33,404.00,44.00,139.56,1,1,1
191,8,633.16,403.21,28.88,90.91,1,1,1
191,11,660.81,395.95,50.68,163.51,1,1,1
191,14,1044.05,396.46,16.72,64.95,1,1,1
191,19,590.59,399.41,62.94,160.00,1,1,1
191,25,579.33,399.22,23.00,68.73,1,1,1
191,26,561.24,404.13,24.55,64.08,1,1,1
191,30,506.85,404.07,23.34,70.24,1,1,1
191,31,528.27,407.49,29.34,65.74,1,1,1
191,32,671.55,373.28,170.69,448.28,1,1,1
191,33,485.44,406.64,26.12,64.88,1,1,1
191,37,531.36,400.56,27.12,63.84,1,1,1
191,40,477.26,407.67,14.25,40.55,1,1,1
191,41,490.14,403.29,15.89,44.93,1,1,1
191,43,398.35,406.39,16.49,49.07,1,1,1
191,46,429.28,404.12,22.27,61.03,1,1,1
191,47,461.24,399.79,18.76,64.54,1,1,1
191,50,388.86,409.75,22.28,48.19,1,1,1
191,53,443.72,405.26,16.19,46.56,1,1,1
192,2,1504.96,374.47,53.90,138.30,1,1,1
192,6,1504.44,388.89,216.67,537.78,1,1,1
192,7,787.45,402.02,43.72,129.15,1,1,1
192,8,628.34,402.67,31.02,89.30,1,1,1
192,10,1138.52,391.11,92.59,181.48,1,1,1
192,11,650.56,393.82,54.49,164.04,1,1,1
192,14,1036.36,396.02,21.02,64.20,1,1,1
192,19,586.63,396.79,56.68,160.43,1,1,1
192,25,571.31,398.89,30.36,68.25,1,1,1
192,26,553.20,401.11,25.07,66.30,1,1,1
192,30,500.28,399.72,24.23,73.26,1,1,1
192,31,522.01,407.80,30.64,65.74,1,1,1
192,32,667.27,372.73,170.00,449.09,1,1,1
192,33,478.62,403.10,21.72,67.24,1,1,1
192,37,526.88,397.58,25.54,69.62,1,1,1
192,40,468.62,402.85,17.45,44.30,1,1,1
192,41,483.33,401.08,17.74,44.62,1,1,1
192,43,391.78,407.21,15.94,47.15,1,1,1
192,46,424.66,404.36,23.99,58.56,1,1,1
192,47,453.02,400.34,20.64,64.77,1,1,1
192,50,383.83,404.62,18.48,49.88,1,1,1
192,53,439.00,403.06,14.48,45.96,1,1,1
193,2,1499.56,375.56,56.44,124.00,1,1,1
193,6,1513.95,386.00,222.09,544.19,1,1,1
193,7,783.11,402.22,43.56,140.44,1,1,1
193,8,623.25,403.69,26.57,88.19,1,1,1
193,10,1134.65,391.34,85.04,170.08,1,1,1
193,11,640.44,393.44,60.66,166.67,1,1,1
193,14,1031.68,398.14,18.63,60.25,1,1,1
193,18,562.18,405.88,14.71,47.27,1,1,1
193,19,579.41,394.71,60.59,164.71,1,1,1
193,25,565.99,397.97,29.19,69.80,1,1,1
193,26,546.95,400.51,25.63,67.77,1,1,1
193,30,491.81,399.16,24.16,75.42,1,1,1
193,31,517.44,404.62,30.25,68.49,1,1,1
193,32,662.86,373.33,173.33,451.43,1,1,1
193,33,469.35,400.00,25.97,70.65,1,1,1
193,37,518.04,395.36,26.03,72.16,1,1,1
193,40,460.04,402.99,18.38,44.23,1,1,1
193,41,478.21,400.64,18.59,62.61,1,1,1
193,43,385.68,405.77,15.17,49.15,1,1,1
193,46,416.24,403.42,25.85,60.04,1,1,1
193,47,446.79,401.50,21.37,64.53,1,1,1
193,50,376.91,402.77,19.63,52.42,1,1,1
193,53,430.63,400.74,16.97,48.71,1,1,1
194,2,1494.12,373.26,55.08,134.22,1,1,1
194,6,1521.84,386.10,219.54,545.98,1,1,1
194,7,778.72,402.84,40.43,145.39,1,1,1
194,8,613.65,403.69,32.10,88.19,1,1,1
194,10,1129.31,394.83,82.76,143.10,1,1,1
194,11,638.91,392.31,55.20,165.61,1,1,1
194,14,1023.34,396.86,22.30,63.76,1,1,1
194,18,557.51,406.47,11.09,45.50,1,1,1
194,19,575.89,395.04,63.12,163.12,1,1,1
194,25,559.64,399.24,28.43,68.53,1,1,1
194,26,542.13,399.75,23.86,68.27,1,1,1
194,30,483.83,398.85,27.02,76.44,1,1,1
194,31,511.55,405.77,29.56,66.97,1,1,1
194,32,660.42,373.96,172.92,453.12,1,1,1
194,33,462.29,399.71,24.29,71.43,1,1,1
194,37,511.34,396.91,25.00,67.53,1,1,1
194,40,456.03,402.53,15.56,45.14,1,1,1
194,41,470.04,401.36,17.12,60.70,1,1,1
194,43,377.82,405.06,14.98,48.64,1,1,1
194,46,409.14,402.14,23.35,61.09,1,1,1
194,47,437.35,401.17,23.54,63.42,1,1,1
194,50,368.78,402.79,20.81,53.30,1,1,1
194,53,422.94,399.69,15.60,48.32,1,1,1
195,2,1489.33,374.67,56.00,136.00,1,1,1
195,6,1527.66,382.98,225.53,553.19,1,1,1
195,7,769.13,401.34,45.97,138.59,1,1,1
195,8,608.49,402.95,32.10,83.76,1,1,1
195,10,1122.05,383.46,90.55,156.69,1,1,1
195,11,630.32,391.86,57.01,165.16,1,1,1
195,14,1015.79,396.65,22.01,58.85,1,1,1
195,18,548.19,406.41,13.93,45.96,1,1,1
195,19,569.33,393.33,62.22,163.56,1,1,1
195,25,551.68,397.48,27.10,69.33,1,1,1
195,26,534.66,399.16,21.64,68.07,1,1,1
195,30,472.48,397.27,29.41,76.26,1,1,1
195,31,503.78,405.67,31.30,68.49,1,1,1
195,32,653.85,374.62,174.62,453.08,1,1,1
195,33,452.59,398.80,27.49,70.92,1,1,1
195,37,504.11,395.43,25.57,71.23,1,1,1
195,40,446.06,399.39,17.58,47.88,1,1,1
195,41,459.13,401.14,21.54,61.66,1,1,1
195,43,370.18,405.51,15.79,46.62,1,1,1
195,46,402.51,401.50,22.81,59.40,1,1,1
195,47,429.32,399.75,22.06,62.16,1,1,1
195,50,362.59,401.62,21.25,54.27,1,1,1
195,53,413.71,400.76,18.78,51.02,1,1,1
196,2,1484.13,372.69,57.93,132.84,1,1,1
196,6,1536.30,382.43,238.96,574.03,1,1,1
196,7,766.67,399.56,44.00,137.78,1,1,1
196,8,605.37,400.00,29.76,87.80,1,1,1
196,10,1115.04,381.20,89.47,175.19,1,1,1
196,11,621.23,390.09,63.21,164.15,1,1,1
196,14,1010.26,395.90,19.49,60.51,1,1,1
196,18,539.09,404.82,17.26,47.46,1,1,1
196,19,565.16,390.97,60.00,163.87,1,1,1
196,25,546.65,397.23,24.71,69.52,1,1,1
196,26,528.87,398.61,22.86,67.90,1,1,1
196,30,467.44,396.77,29.79,78.52,1,1,1
196,31,497.23,403.93,31.64,69.28,1,1,1
196,32,654.65,373.21,172.09,455.81,1,1,1
196,33,447.94,398.10,22.54,71.75,1,1,1
196,37,496.82,394.43,25.46,64.46,1,1,1
196,40,440.18,398.73,15.64,48.00,1,1,1
196,41,458.00,400.36,17.45,61.45,1,1,1
196,43,362.55,403.82,16.18,48.18,1,1,1
196,46,393.45,397.45,26.00,62.73,1,1,1
196,47,425.27,396.73,21.45,67.09,1,1,1
196,50,354.41,401.05,23.11,56.72,1,1,1
196,53,407.80,397.21,15.60,51.81,1,1,1
197,2,1481.38,371.66,55.06,136.03,1,1,1
197,6,1549.76,382.30,244.59,585.14,1,1,1
197,7,759.51,398.38,44.13,139.27,1,1,1
197,8,598.38,400.40,31.17,85.02,1,1,1
197,10,1110.42,376.39,84.03,181.94,1,1,1
197,11,620.10,388.04,57.89,163.64,1,1,1
197,14,1005.03,396.65,18.44,59.78,1,1,1
197,18,536.04,404.06,11.17,45.94,1,1,1
197,19,558.82,390.37,52.94,167.38,1,1,1
197,25,540.42,395.84,24.48,70.90,1,1,1
197,26,523.56,398.15,22.86,68.82,1,1,1
197,30,462.12,396.30,25.87,76.91,1,1,1
197,31,491.22,404.62,29.10,68.82,1,1,1
197,32,653.49,374.37,169.77,451.16,1,1,1
197,33,442.91,399.21,20.87,69.29,1,1,1
197,37,487.74,394.71,28.13,67.13,1,1,1
197,40,434.87,399.08,16.40,46.19,1,1,1
197,41,451.73,399.77,16.86,61.20,1,1,1
197,43,355.89,399.77,15.94,52.66,1,1,1
197,46,385.91,397.69,27.71,62.12,1,1,1
197,47,420.79,399.77,18.94,62.59,1,1,1
197,50,347.34,402.31,21.02,54.73,1,1,1
197,53,402.75,395.72,16.51,54.13,1,1,1
198,2,1476.04,370.19,55.99,123.96,1,1,1
198,6,1563.00,382.28,255.56,597.22,1,1,1
198,7,754.63,397.07,43.90,155.12,1,1,1
198,8,591.88,398.89,26.20,81.18,1,1,1
198,10,1103.94,373.23,99.21,182.68,1,1,1
198,11,604.98,387.06,64.18,163.68,1,1,1
198,14,997.24,396.31,20.28,61.29,1,1,1
198,18,526.90,403.55,14.97,47.46,1,1,1
198,19,551.18,390.00,59.41,162.35,1,1,1
198,25,532.03,394.99,25.35,69.92,1,1,1
198,26,518.38,397.77,20.06,67.41,1,1,1
198,30,455.99,394.43,25.07,77.16,1,1,1
198,31,482.73,402.23,31.48,68.80,1,1,1
198,32,653.54,374.75,168.69,453.54,1,1,1
198,33,430.64,397.77,26.74,71.03,1,1,1
198,37,482.45,392.48,24.51,65.46,1,1,1
198,40,426.19,398.42,17.84,50.22,1,1,1
198,41,439.30,397.57,19.48,63.13,1,1,1
198,43,345.90,403.31,18.42,51.37,1,1,1
198,46,381.44,398.42,24.32,60.58,1,1,1
198,47,409.35,397.41,24.75,64.89,1,1,1
198,50,339.83,400.00,22.56,55.43,1,1,1
198,53,394.43,397.49,17.83,52.65,1,1,1
199,2,1471.07,368.78,55.84,138.07,1,1,1
199,6,1571.07,382.93,262.32,605.80,1,1,1
199,7,750.35,397.87,43.26,158.16,1,1,1
199,8,584.23,397.65,29.87,85.57,1,1,1
199,10,1099.12,374.34,88.50,179.65,1,1,1
199,11,602.54,386.44,61.02,163.56,1,1,1
199,14,990.54,395.05,22.07,62.16,1,1,1
199,18,520.55,403.23,14.09,44.57,1,1,1
199,19,544.39,387.70,54.01,164.17,1,1,1
199,25,526.30,394.50,25.08,69.42,1,1,1
199,26,508.56,397.55,21.71,66.36,1,1,1
199,30,444.34,392.05,30.89,79.51,1,1,1
199,31,476.76,400.61,29.05,69.72,1,1,1
199,32,649.49,371.72,171.72,452.53,1,1,1
199,33,421.41,397.25,25.99,70.34,1,1,1
199,37,476.14,391.88,23.60,61.17,1,1,1
199,40,420.52,397.74,14.26,47.48,1,1,1
199,41,434.61,396.87,19.48,64.17,1,1,1
199,43,339.27,403.27,17.02,47.25,1,1,1
199,46,372.64,395.03,23.95,64.01,1,1,1
199,47,400.13,391.23,23.69,70.03,1,1,1
199,50,331.72,397.27,21.64,57.77,1,1,1
199,53,387.74,394.15,12.53,55.43,1,1,1
200,2,1466.44,369.80,55.37,139.93,1,1,1
200,6,1581.06,383.67,269.44,612.50,1,1,1
200,7,744.89,396.00,38.22,120.89,1,1,1
200,8,574.71,395.88,31.76,84.71,1,1,1
200,10,1091.18,372.35,82.94,181.18,1,1,1
200,11,596.98,386.24,59.06,164.77,1,1,1
200,14,982.20,394.92,22.03,62.71,1,1,1
200,18,513.65,402.95,12.92,45.02,1,1,1
200,19,536.90,387.17,60.96,164.17,1,1,1
200,25,518.36,392.73,29.06,71.32,1,1,1
200,26,501.31,397.12,23.04,67.02,1,1,1
200,30,436.65,392.02,30.24,77.88,1,1,1
200,31,467.41,400.13,31.94,69.24,1,1,1
200,32,645.79,371.03,174.77,453.27,1,1,1
200,33,415.63,395.40,23.22,71.49,1,1,1
200,37,467.44,392.18,24.74,65.33,1,1,1
200,40,413.20,397.46,15.58,48.01,1,1,1
200,41,426.39,396.98,18.76,61.69,1,1,1
200,43,330.10,401.16,17.22,51.37,1,1,1
200,46,365.85,394.50,22.72,64.40,1,1,1
200,47,394.93,394.07,21.27,67.29,1,1,1
200,50,322.86,396.54,23.33,58.66,1,1,1
200,53,378.29,394.23,15.47,55.20,1,1,1
201,2,1460.40,369.13,56.38,140.94,1,1,1
201,6,1597.88,381.44,270.31,634.38,1,1,1
201,7,739.35,396.13,43.87,153.55,1,1,1
201,8,573.49,395.30,25.84,86.58,1,1,1
201,10,1080.53,373.45,83.19,183.19,1,1,1
201,11,592.35,387.24,58.67,163.27,1,1,1
201,14,976.50,394.54,22.40,64.48,1,1,1
201,17,586.14,398.88,35.96,109.74,1,1,1
201,18,506.60,402.28,12.94,46.70,1,1,1
201,19,530.26,386.72,60.52,166.05,1,1,1
201,25,510.62,392.84,30.02,70.44,1,1,1
201,26,493.76,397.00,23.09,66.74,1,1,1
201,30,427.65,390.96,32.17,78.61,1,1,1
201,31,459.65,398.96,30.09,70.78,1,1,1
201,32,645.16,368.82,173.12,459.14,1,1,1
201,33,408.35,396.35,21.39,70.78,1,1,1
201,37,462.25,391.83,21.41,64.68,1,1,1
201,40,402.21,398.68,15.45,50.33,1,1,1
201,41,416.78,395.58,18.76,61.37,1,1,1
201,43,322.46,401.00,15.47,51.91,1,1,1
201,46,355.07,394.68,23.46,63.89,1,1,1
201,47,385.02,391.35,23.96,68.72,1,1,1
201,50,313.65,396.66,24.51,57.66,1,1,1
201,53,369.36,395.26,17.83,55.71,1,1,1
202,2,1455.87,373.28,54.66,137.65,1,1,1
202,6,1610.67,382.00,270.00,650.00,1,1,1
202,7,729.78,397.78,45.33,111.56,1,1,1
202,8,562.94,394.71,34.12,85.88,1,1,1
202,10,1070.59,373.53,72.35,181.76,1,1,1
202,11,580.20,387.58,68.46,165.10,1,1,1
202,14,968.87,395.33,22.57,61.48,1,1,1
202,17,578.60,394.16,33.07,110.51,1,1,1
202,18,495.94,402.58,15.13,46.13,1,1,1
202,19,521.33,388.44,59.11,165.78,1,1,1
202,25,502.21,392.99,31.00,72.32,1,1,1
202,26,486.72,397.42,25.09,68.63,1,1,1
202,30,419.40,392.15,31.18,76.44,1,1,1
202,31,450.35,399.31,30.48,71.59,1,1,1
202,32,639.25,368.22,177.57,457.94,1,1,1
202,33,395.84,397.00,26.10,71.36,1,1,1
202,37,454.42,391.16,21.86,66.74,1,1,1
202,41,408.59,396.50,21.46,61.84,1,1,1
202,46,346.58,395.87,26.23,64.86,1,1,1
202,47,375.99,389.51,24.32,71.07,1,1,1
202,50,305.58,400.00,24.37,54.57,1,1,1
202,53,357.87,396.19,20.81,51.52,1,1,1
203,2,1449.66,371.81,55.03,136.91,1,1,1
203,6,1624.02,384.34,270.49,662.30,1,1,1
203,7,723.23,396.77,45.16,147.74,1,1,1
203,8,559.92,396.76,26.32,84.21,1,1,1
203,10,1062.93,375.00,89.66,179.31,1,1,1
203,11,575.11,387.78,69.68,163.35,1,1,1
203,14,962.84,395.08,19.13,65.57,1,1,1
203,17,571.16,397.38,30.34,105.62,1,1,1
203,18,489.40,400.79,13.92,47.94,1,1,1
203,19,514.15,388.29,59.02,165.85,1,1,1
203,25,494.84,392.35,30.78,72.28,1,1,1
203,26,479.37,396.63,23.21,68.45,1,1,1
203,30,414.68,392.66,26.98,76.39,1,1,1
203,31,443.45,396.63,23.21,70.63,1,1,1
203,32,638.39,367.86,174.11,454.46,1,1,1
203,33,387.22,395.86,28.57,71.43,1,1,1
203,37,444.49,391.18,22.85,66.53,1,1,1
203,41,400.80,395.79,19.84,64.13,1,1,1
203,46,337.68,399.40,23.85,62.12,1,1,1
203,47,368.14,392.59,23.65,67.54,1,1,1
203,50,297.42,401.11,23.99,54.24,1,1,1
203,53,350.29,395.79,19.12,52.39,1,1,1
204,2,1443.73,373.54,56.55,133.98,1,1,1
204,6,1641.10,383.31,270.69,679.31,1,1,1
204,8,549.86,396.10,29.53,85.79,1,1,1
204,10,1056.10,375.61,88.62,182.11,1,1,1
204,11,568.09,388.09,70.64,163.40,1,1,1
204,14,958.82,394.12,15.48,67.49,1,1,1
204,17,565.02,393.81,27.86,109.91,1,1,1
204,18,478.52,401.85,18.24,47.11,1,1,1
204,19,505.85,389.76,58.54,165.37,1,1,1
204,25,486.89,393.75,25.61,71.49,1,1,1
204,26,470.43,396.34,22.10,69.21,1,1,1
204,30,404.43,391.14,29.37,77.39,1,1,1
204,31,432.63,396.27,29.37,72.73,1,1,1
204,32,639.32,366.67,170.09,448.72,1,1,1
204,33,376.69,395.80,28.44,72.03,1,1,1
204,37,436.74,391.40,21.86,66.28,1,1,1
204,41,393.71,395.98,19.41,63.46,1,1,1
204,46,328.32,398.95,24.13,61.36,1,1,1
204,47,358.74,392.31,23.25,68.88,1,1,1
204,50,286.85,401.53,24.77,51.99,1,1,1
204,53,343.21,395.41,18.93,53.92,1,1,1
205,2,1438.87,373.28,55.06,140.08,1,1,1
205,6,1658.55,384.45,260.45,682.55,1,1,1
205,8,545.94,397.72,26.14,84.77,1,1,1
205,10,1048.72,376.92,94.02,181.20,1,1,1
205,11,557.14,388.16,73.06,166.12,1,1,1
205,14,952.94,396.26,14.44,63.64,1,1,1
205,17,558.71,391.54,34.33,114.43,1,1,1
205,18,472.81,401.58,16.55,48.20,1,1,1
205,19,499.56,391.56,56.00,165.78,1,1,1
205,20,480.11,392.35,15.30,55.26,1,1,1
205,25,478.96,394.42,26.44,70.86,1,1,1
205,26,462.41,396.22,23.56,69.24,1,1,1
205,30,391.01,391.73,34.53,80.40,1,1,1
205,31,425.90,397.12,30.22,73.20,1,1,1
205,32,632.75,365.25,175.00,445.00,1,1,1
205,33,369.60,395.68,24.28,72.84,1,1,1
205,37,429.38,393.56,21.39,65.46,1,1,1
205,41,382.47,395.88,21.39,64.43,1,1,1
205,46,320.36,398.20,25.00,63.40,1,1,1
205,47,350.77,391.75,22.68,69.33,1,1,1
205,50,279.19,400.34,23.15,55.70,1,1,1
205,53,334.80,395.79,19.31,51.24,1,1,1
206,2,1434.13,373.05,55.09,152.10,1,1,1
206,6,1668.69,383.31,250.31,695.69,1,1,1
206,8,540.49,397.98,25.51,85.43,1,1,1
206,10,1048.00,378.67,78.00,182.67,1,1,1
206,11,553.67,389.45,69.72,167.89,1,1,1
206,14,943.64,396.61,18.22,71.61,1,1,1
206,17,548.26,395.49,32.64,110.42,1,1,1
206,18,465.82,403.23,14.55,46.88,1,1,1
206,19,491.18,391.76,58.82,167.06,1,1,1
206,20,470.80,392.44,19.75,55.67,1,1,1
206,25,472.69,395.59,24.58,70.38,1,1,1
206,26,455.04,396.01,22.48,69.75,1,1,1
206,30,387.41,392.01,30.02,79.18,1,1,1
206,31,416.46,397.58,30.99,73.85,1,1,1
206,32,631.11,366.67,176.67,448.89,1,1,1
206,33,359.08,396.37,28.09,74.09,1,1,1
206,37,419.80,392.13,22.34,68.53,1,1,1
206,41,377.92,396.19,17.01,64.47,1,1,1
206,46,310.15,398.73,27.66,65.23,1,1,1
206,47,341.62,394.67,23.86,67.77,1,1,1
206,50,269.29,399.49,26.14,57.11,1,1,1
206,53,324.48,396.07,21.48,52.89,1,1,1
207,2,1429.55,374.09,57.49,138.06,1,1,1
207,6,1688.87,383.49,230.13,695.51,1,1,1
207,8,535.42,399.63,23.99,84.13,1,1,1
207,10,1041.23,379.82,91.23,181.58,1,1,1
207,11,549.54,390.37,64.68,166.97,1,1,1
207,14,939.75,395.82,16.32,74.90,1,1,1
207,17,540.51,397.15,30.70,110.76,1,1,1
207,18,458.66,403.46,13.16,47.34,1,1,1
207,19,482.44,393.17,60.00,167.80,1,1,1
207,20,465.82,393.07,16.86,55.89,1,1,1
207,25,465.66,395.41,24.84,70.25,1,1,1
207,26,447.94,396.99,25.00,70.73,1,1,1
207,30,381.01,392.56,28.64,81.33,1,1,1
207,31,409.49,396.84,29.27,76.27,1,1,1
207,32,626.73,367.33,176.24,452.48,1,1,1
207,33,353.45,395.50,24.62,74.47,1,1,1
207,37,412.38,391.75,23.54,67.96,1,1,1
207,41,370.39,397.09,17.23,64.32,1,1,1
207,46,302.67,397.82,30.34,64.08,1,1,1
207,47,334.95,394.90,24.76,69.17,1,1,1
207,50,263.00,401.22,23.55,56.88,1,1,1
207,53,319.80,394.30,21.81,53.36,1,1,1
208,2,1424.83,373.49,55.70,146.31,1,1,1
208,6,1708.81,386.12,210.19,692.88,1,1,1
208,10,1034.88,381.40,75.19,182.17,1,1,1
208,11,543.32,390.69,65.18,165.18,1,1,1
208,14,929.76,397.56,20.00,71.22,1,1,1
208,17,529.87,398.32,39.60,109.06,1,1,1
208,18,449.86,402.23,16.16,55.71,1,1,1
208,19,477.06,392.94,57.06,166.47,1,1,1
208,20,457.36,392.64,17.51,55.33,1,1,1
208,25,457.11,396.19,30.20,71.07,1,1,1
208,26,440.10,396.19,21.83,70.56,1,1,1
208,30,373.80,392.73,28.68,81.26,1,1,1
208,31,404.59,400.57,26.77,72.66,1,1,1
208,32,626.67,368.57,173.33,456.19,1,1,1
208,33,343.98,396.94,25.81,74.57,1,1,1
208,41,363.38,398.59,17.84,64.08,1,1,1
208,46,294.84,399.53,27.70,63.15,1,1,1
208,47,326.53,393.19,27.23,70.42,1,1,1
208,50,254.11,401.34,25.24,56.21,1,1,1
208,53,311.44,395.94,18.82,49.08,1,1,1
209,2,1422.32,374.31,55.96,146.48,1,1,1
209,6,1734.65,423.33,184.35,655.67,1,1,1
209,10,1029.68,380.65,72.90,181.94,1,1,1
209,11,534.15,390.24,69.27,167.80,1,1,1
209,14,922.51,396.68,21.40,71.96,1,1,1
209,17,523.24,397.25,37.61,109.79,1,1,1
209,18,445.26,402.75,16.21,53.82,1,1,1
209,19,471.12,394.12,60.96,166.84,1,1,1
209,20,451.73,392.61,15.01,56.81,1,1,1
209,25,452.66,396.30,25.87,70.67,1,1,1
209,26,434.26,397.04,22.43,70.61,1,1,1
209,30,368.35,392.00,29.39,81.57,1,1,1
209,31,397.91,397.04,27.30,77.57,1,1,1
209,32,625.86,368.10,175.86,459.48,1,1,1
209,33,335.53,395.39,30.26,75.00,1,1,1
209,37,397.17,391.52,24.42,59.64,1,1,1
209,41,355.22,397.87,21.54,62.69,1,1,1
209,46,288.96,398.68,25.17,63.80,1,1,1
209,47,320.97,393.82,24.28,68.65,1,1,1
209,50,246.19,397.46,24.87,59.90,1,1,1
209,53,306.48,395.95,19.43,52.23,1,1,1
210,2,1419.56,375.65,55.72,155.72,1,1,1
210,6,1754.91,419.34,164.09,659.66,1,1,1
210,10,1023.41,380.98,80.49,183.90,1,1,1
210,11,530.24,389.27,67.80,168.29,1,1,1
210,14,915.90,397.25,23.85,72.78,1,1,1
210,17,516.82,396.33,37.92,109.48,1,1,1
210,18,439.48,401.74,14.61,54.43,1,1,1
210,19,467.91,394.12,60.96,164.71,1,1,1
210,20,445.73,392.56,16.77,53.48,1,1,1
210,25,447.31,396.04,26.58,70.89,1,1,1
210,26,430.38,396.84,24.05,70.25,1,1,1
210,30,361.71,392.72,28.48,79.11,1,1,1
210,31,390.35,398.58,29.11,76.11,1,1,1
210,32,622.77,367.33,176.24,464.36,1,1,1
210,33,329.11,395.96,29.65,76.01,1,1,1
210,37,390.76,390.56,25.30,69.88,1,1,1
210,41,349.62,396.22,21.03,67.02,1,1,1
210,46,283.36,399.55,24.36,63.84,1,1,1
210,47,315.89,394.40,21.63,67.78,1,1,1
210,50,241.34,397.00,23.56,60.51,1,1,1
210,53,299.26,394.46,20.66,52.77,1,1,1
211,2,1414.97,374.33,59.36,152.94,1,1,1
211,6,1786.37,420.21,132.63,658.79,1,1,1
211,10,1018.60,379.84,75.97,184.50,1,1,1
211,11,525.37,388.29,65.37,167.80,1,1,1
211,14,911.31,396.33,20.49,71.56,1,1,1
211,17,511.90,395.58,39.46,111.56,1,1,1
211,19,461.50,392.51,61.50,165.78,1,1,1
211,20,439.85,391.88,18.27,56.35,1,1,1
211,25,442.39,394.67,25.63,73.35,1,1,1
211,26,424.37,395.80,26.26,72.48,1,1,1
211,30,355.30,392.52,29.04,81.39,1,1,1
211,31,385.74,400.70,27.83,74.78,1,1,1
211,32,622.12,371.15,175.96,464.42,1,1,1
211,33,325.04,394.96,25.22,75.65,1,1,1
211,37,385.44,391.14,25.00,70.25,1,1,1
211,41,341.70,397.43,22.13,64.82,1,1,1
211,46,276.48,396.64,25.30,64.03,1,1,1
211,47,311.07,392.29,21.34,69.37,1,1,1
211,50,236.29,398.48,22.59,56.85,1,1,1
211,53,294.19,393.58,15.29,55.66,1,1,1
212,2,1413.66,374.63,54.63,142.93,1,1,1
212,6,1819.43,426.51,99.57,652.49,1,1,1
212,10,1012.83,379.68,79.68,184.49,1,1,1
212,11,520.32,388.77,66.31,165.24,1,1,1
212,14,899.66,396.64,27.52,69.46,1,1,1
212,17,503.70,394.44,35.19,111.57,1,1,1
212,19,456.28,391.50,55.87,163.97,1,1,1
212,20,430.78,391.01,18.55,56.41,1,1,1
212,25,435.68,394.53,27.77,67.77,1,1,1
212,26,418.27,395.40,22.30,73.38,1,1,1
212,30,348.35,392.37,29.93,80.43,1,1,1
212,31,379.42,401.87,27.91,71.08,1,1,1
212,32,617.78,370.00,177.78,464.44,1,1,1
212,33,314.71,394.28,29.16,75.20,1,1,1
212,37,382.21,390.94,20.81,70.47,1,1,1
212,41,336.26,396.30,21.71,63.05,1,1,1
212,46,269.75,395.15,27.02,66.28,1,1,1
212,47,302.77,392.15,26.10,68.82,1,1,1
212,50,230.48,397.23,20.55,57.97,1,1,1
212,53,285.24,393.36,16.24,53.51,1,1,1
213,2,1409.76,373.17,55.12,155.61,1,1,1
213,6,1845.96,457.12,73.04,621.88,1,1,1
213,8,512.54,398.78,22.94,88.38,1,1,1
213,10,1005.67,378.01,81.56,183.69,1,1,1
213,11,517.65,386.63,60.96,166.84,1,1,1
213,14,898.89,398.52,21.77,66.79,1,1,1
213,17,497.42,393.73,36.53,111.44,1,1,1
213,19,444.71,390.59,67.06,167.65,1,1,1
213,20,426.61,390.96,14.09,58.09,1,1,1
213,25,428.52,393.22,24.87,70.09,1,1,1
213,26,410.78,395.83,21.91,72.00,1,1,1
213,30,342.07,390.39,28.82,79.91,1,1,1
213,31,372.20,398.98,27.22,72.34,1,1,1
213,32,613.13,371.72,178.79,465.66,1,1,1
213,33,306.99,395.20,29.84,74.09,1,1,1
213,37,372.48,393.27,23.55,63.30,1,1,1
213,41,327.52,395.11,23.55,64.22,1,1,1
213,46,262.69,398.17,23.85,60.86,1,1,1
213,47,291.44,391.13,26.61,67.58,1,1,1
213,50,220.06,397.21,23.68,59.33,1,1,1
213,53,275.50,393.96,16.78,55.37,1,1,1
214,2,1403.74,373.80,54.55,160.96,1,1,1
214,6,1872.08,524.97,46.92,554.03,1,1,1
214,8,503.36,396.64,24.46,75.23,1,1,1
214,10,996.36,378.18,80.91,184.55,1,1,1
214,11,506.60,386.32,63.21,167.92,1,1,1
214,14,886.38,398.72,24.68,68.51,1,1,1
214,17,490.11,392.93,37.10,115.19,1,1,1
214,19,441.71,388.77,58.82,167.91,1,1,1
214,20,418.07,390.97,14.08,57.14,1,1,1
214,25,419.75,393.07,28.15,71.43,1,1,1
214,26,401.26,395.80,23.53,71.85,1,1,1
214,30,332.28,390.19,28.32,81.17,1,1,1
214,31,362.03,400.16,27.37,70.25,1,1,1
214,32,607.92,370.30,176.24,463.37,1,1,1
214,33,297.15,394.62,26.27,76.58,1,1,1
214,37,364.27,390.40,21.87,69.33,1,1,1
214,41,318.03,395.21,19.44,62.82,1,1,1
214,46,252.11,395.77,26.48,62.54,1,1,1
214,47,280.00,390.14,28.17,70.42,1,1,1
214,50,209.90,397.21,23.35,55.58,1,1,1
214,53,262.69,393.40,21.07,55.58,1,1,1
215,2,1396.79,374.33,55.08,160.96,1,1,1
215,8,493.88,396.02,24.16,79.51,1,1,1
215,10,988.69,377.06,81.35,182.87,1,1,1
215,11,495.88,385.88,64.12,167.65,1,1,1
215,17,476.11,392.71,42.91,116.19,1,1,1
215,19,432.09,386.63,58.82,168.98,1,1,1
215,20,407.61,389.85,14.21,57.36,1,1,1
215,25,409.37,393.12,27.34,72.66,1,1,1
215,26,390.25,395.60,23.90,72.47,1,1,1
215,30,321.22,389.87,28.68,80.88,1,1,1
215,31,351.24,400.38,26.96,69.02,1,1,1
215,32,600.89,370.54,176.79,461.61,1,1,1
215,33,285.01,394.84,26.78,74.69,1,1,1
215,37,352.06,390.26,22.47,68.16,1,1,1
215,41,305.28,395.34,21.74,63.35,1,1,1
215,46,239.34,397.66,28.81,60.89,1,1,1
215,47,267.45,390.40,29.51,69.79,1,1,1
215,50,196.94,395.41,24.46,59.63,1,1,1
215,53,257.07,391.22,12.68,64.39,1,1,1
216,2,1387.11,374.22,57.33,156.44,1,1,1
216,8,486.07,395.26,21.73,75.21,1,1,1
216,10,977.50,375.62,81.88,186.88,1,1,1
216,11,490.57,385.38,58.02,168.40,1,1,1
216,17,466.67,392.56,35.92,118.77,1,1,1
216,19,419.56,386.67,60.89,169.33,1,1,1
216,20,395.03,390.06,14.53,58.32,1,1,1
216,25,398.26,392.17,25.22,74.43,1,1,1
216,26,378.09,395.30,24.70,72.17,1,1,1
216,30,307.48,389.39,29.04,81.74,1,1,1
216,31,338.78,399.65,28.87,71.13,1,1,1
216,32,592.24,368.97,177.59,462.93,1,1,1
216,33,273.23,394.95,24.24,73.74,1,1,1
216,37,340.74,389.30,21.81,67.08,1,1,1
216,41,294.65,395.47,18.52,62.14,1,1,1
216,46,226.23,397.44,26.01,61.41,1,1,1
216,47,257.14,393.39,25.37,64.61,1,1,1
216,50,183.75,393.69,22.94,62.52,1,1,1
216,53,237.25,393.12,23.08,56.28,1,1,1
217,2,1377.84,375.45,58.08,156.29,1,1,1
217,8,468.27,396.31,28.78,84.87,1,1,1
217,10,967.61,376.70,80.68,184.66,1,1,1
217,11,472.10,385.84,66.52,167.38,1,1,1
217,17,454.45,392.17,39.50,117.44,1,1,1
217,19,408.02,386.10,58.29,168.98,1,1,1
217,20,382.17,388.86,15.32,59.61,1,1,1
217,25,386.07,391.92,26.18,74.65,1,1,1
217,26,366.57,394.71,25.35,71.87,1,1,1
217,30,292.54,388.72,30.40,82.79,1,1,1
217,31,324.47,398.66,30.59,72.08,1,1,1
217,32,584.04,367.02,178.72,463.83,1,1,1
217,33,258.32,393.88,28.11,76.10,1,1,1
217,37,325.93,389.45,26.37,68.13,1,1,1
217,41,276.92,393.63,21.54,64.62,1,1,1
217,46,216.26,395.16,23.74,62.42,1,1,1
217,47,246.81,387.47,20.66,70.99,1,1,1
217,50,169.92,395.54,25.91,57.10,1,1,1
217,53,225.38,391.44,19.27,60.86,1,1,1
218,2,1366.34,377.56,59.02,148.29,1,1,1
218,10,957.22,377.01,82.35,188.77,1,1,1
218,11,457.22,386.63,71.66,167.91,1,1,1
218,17,441.33,392.99,38.75,122.51,1,1,1
218,19,391.98,387.17,63.10,170.05,1,1,1
218,25,374.01,391.74,23.85,70.03,1,1,1
218,26,354.43,396.64,21.41,69.72,1,1,1
218,30,276.91,390.99,29.33,78.98,1,1,1
218,31,311.09,399.08,27.71,61.20,1,1,1
218,32,577.57,368.22,169.16,466.36,1,1,1
218,33,237.41,393.30,26.79,76.44,1,1,1
218,37,309.87,390.58,26.91,61.43,1,1,1
218,41,263.23,394.17,22.42,54.26,1,1,1
218,46,199.44,394.10,24.72,64.61,1,1,1
218,47,229.78,392.13,21.63,67.98,1,1,1
218,50,157.72,397.99,20.13,53.36,1,1,1
219,2,1360.00,382.22,55.56,149.78,1,1,1
219,10,941.09,376.74,78.29,185.27,1,1,1
219,11,441.86,387.60,71.32,167.44,1,1,1
219,17,429.95,396.26,35.29,122.99,1,1,1
219,19,375.88,384.12,65.88,170.59,1,1,1
219,30,259.51,392.71,27.94,69.64,1,1,1
219,31,293.93,397.98,22.67,52.63,1,1,1
219,32,563.74,364.84,169.23,471.43,1,1,1
219,33,218.82,395.20,26.94,63.47,1,1,1
219,41,244.98,394.50,25.57,55.34,1,1,1
219,46,179.71,392.90,25.61,64.63,1,1,1
219,47,200.65,393.55,20.65,65.81,1,1,1
219,50,136.44,395.11,21.33,52.44,1,1,1
220,2,1340.43,385.82,58.16,154.61,1,1,1
220,10,927.10,379.35,83.87,187.10,1,1,1
220,11,419.35,389.68,77.42,169.03,1,1,1
220,17,406.58,396.05,31.58,109.21,1,1,1
220,19,355.88,387.06,61.76,174.12,1,1,1
220,25,338.58,395.18,23.60,74.37,1,1,1
220,26,317.51,396.95,22.59,72.59,1,1,1
220,30,240.34,391.01,27.72,80.69,1,1,1
220,31,274.76,388.91,28.87,75.72,1,1,1
220,32,548.57,365.71,175.24,461.90,1,1,1
220,33,202.29,394.26,32.12,78.20,1,1,1
220,41,222.73,391.32,22.31,65.29,1,1,1
220,46,164.59,392.35,22.66,69.41,1,1,1
220,47,191.78,393.48,19.26,66.57,1,1,1
220,50,116.13,393.55,20.65,55.48,1,1,1
221,2,1329.41,381.18,62.94,153.53,1,1,1
221,10,916.13,381.29,81.94,186.45,1,1,1
221,11,413.27,390.82,67.86,168.37,1,1,1
221,17,393.82,397.30,32.05,111.58,1,1,1
221,19,343.90,388.29,64.88,172.68,1,1,1
221,20,319.57,390.52,18.35,61.77,1,1,1
221,25,323.55,393.27,27.22,76.76,1,1,1
221,26,305.20,397.55,20.80,73.70,1,1,1
221,30,225.00,392.02,29.83,81.30,1,1,1
221,31,255.88,399.16,34.45,70.80,1,1,1
221,32,538.30,363.83,176.60,465.96,1,1,1
221,33,187.61,393.28,28.99,80.04,1,1,1
221,41,209.30,393.49,25.58,66.51,1,1,1
221,46,147.18,394.37,23.94,69.37,1,1,1
221,47,177.11,392.96,17.61,69.01,1,1,1
221,50,97.98,392.31,25.51,61.94,1,1,1
222,2,1319.38,386.05,56.59,153.49,1,1,1
222,10,902.14,382.89,81.82,187.70,1,1,1
222,11,401.69,391.57,61.80,173.03,1,1,1
222,17,379.78,398.36,33.88,115.30,1,1,1
222,19,328.24,391.18,70.00,171.18,1,1,1
222,20,300.92,390.21,18.35,58.41,1,1,1
222,25,309.79,393.27,29.05,75.84,1,1,1
222,26,288.38,396.33,21.71,74.31,1,1,1
222,30,209.01,390.99,29.56,83.14,1,1,1
222,31,240.65,398.15,29.33,73.44,1,1,1
222,32,524.30,368.22,178.50,461.68,1,1,1
222,33,172.06,394.23,27.48,78.06,1,1,1
222,41,191.67,393.52,28.40,67.59,1,1,1
222,46,128.45,393.26,25.51,66.57,1,1,1
222,47,158.65,391.20,17.89,70.38,1,1,1
222,50,83.56,397.78,23.56,56.44,1,1,1
223,2,1307.75,384.50,58.14,167.44,1,1,1
223,10,891.76,382.35,80.59,188.82,1,1,1
223,11,388.46,390.66,65.38,171.98,1,1,1
223,17,360.93,397.35,37.75,117.88,1,1,1
223,19,309.27,391.22,77.56,172.20,1,1,1
223,20,283.60,390.30,23.33,57.74,1,1,1
223,25,293.74,394.78,30.78,77.04,1,1,1
223,26,271.28,396.28,27.39,76.06,1,1,1
223,30,184.77,391.78,39.08,82.36,1,1,1
223,31,221.84,400.20,35.87,72.14,1,1,1
223,32,513.48,366.29,180.90,468.54,1,1,1
223,33,153.11,391.98,29.46,80.96,1,1,1
223,37,227.34,388.01,24.72,73.03,1,1,1
223,41,174.86,393.50,24.29,64.69,1,1,1
223,46,113.84,391.24,29.10,69.77,1,1,1
223,47,142.09,390.40,23.45,70.90,1,1,1
223,50,62.39,393.58,27.83,61.77,1,1,1
224,2,1298.93,387.17,54.01,148.13,1,1,1
224,10,877.06,383.53,82.94,187.06,1,1,1
224,11,369.23,387.85,72.06,174.09,1,1,1
224,17,346.96,395.95,34.82,118.22,1,1,1
224,19,296.26,388.77,79.14,172.73,1,1,1
224,25,281.62,392.76,27.86,75.77,1,1,1
224,26,256.55,393.87,27.86,74.93,1,1,1
224,30,175.21,389.71,31.09,82.98,1,1,1
224,31,208.40,395.80,34.87,75.84,1,1,1
224,32,502.13,362.77,184.04,473.40,1,1,1
224,33,136.13,391.39,27.94,80.88,1,1,1
224,37,211.27,388.38,27.46,72.18,1,1,1
224,41,160.92,392.61,25.70,70.42,1,1,1
224,46,99.73,392.57,25.20,66.58,1,1,1
224,47,127.59,389.66,19.36,68.97,1,1,1
224,50,48.18,395.55,27.53,57.49,1,1,1
225,2,1291.47,383.72,51.94,157.36,1,1,1
225,10,867.91,385.03,81.28,186.63,1,1,1
225,11,355.87,386.64,73.68,170.45,1,1,1
225,17,330.36,394.33,37.25,121.46,1,1,1
225,19,282.89,388.24,73.26,174.33,1,1,1
225,20,256.27,388.69,23.85,63.61,1,1,1
225,25,265.75,392.66,32.72,77.37,1,1,1
225,26,243.73,393.58,24.16,75.54,1,1,1
225,30,159.35,390.30,33.49,81.99,1,1,1
225,31,193.30,395.38,35.80,75.98,1,1,1
225,32,489.53,361.58,183.72,477.91,1,1,1
225,33,120.79,390.53,32.56,82.22,1,1,1
225,37,196.91,388.03,25.10,70.27,1,1,1
225,41,144.31,391.55,27.99,66.76,1,1,1
225,46,85.42,389.80,23.32,67.06,1,1,1
225,47,111.95,387.17,20.12,71.72,1,1,1
225,50,33.60,391.09,25.51,60.32,1,1,1
226,2,1282.98,385.82,53.90,147.52,1,1,1
226,10,857.22,383.96,81.82,187.70,1,1,1
226,11,346.67,386.67,71.11,173.33,1,1,1
226,17,321.81,393.62,35.57,119.46,1,1,1
226,19,270.97,386.45,78.71,178.06,1,1,1
226,20,242.23,387.39,18.91,60.29,1,1,1
226,25,253.57,391.39,29.62,79.20,1,1,1
226,26,231.09,392.65,26.68,76.89,1,1,1
226,30,150.26,389.22,29.91,82.78,1,1,1
226,31,174.96,396.35,41.57,76.70,1,1,1
226,32,479.31,365.52,186.21,478.45,1,1,1
226,33,109.22,390.09,27.30,80.87,1,1,1
226,37,182.20,387.57,23.73,68.64,1,1,1
226,41,130.79,390.91,27.86,67.74,1,1,1
226,46,69.23,387.41,26.57,72.49,1,1,1
226,47,99.30,385.55,18.18,74.83,1,1,1
226,50,17.81,390.28,27.94,63.97,1,1,1
227,2,1268.22,382.17,61.24,151.94,1,1,1
227,10,848.34,385.24,81.18,186.72,1,1,1
227,11,333.58,385.61,74.91,171.96,1,1,1
227,17,295.19,393.05,49.73,129.41,1,1,1
227,19,257.75,386.10,79.68,172.73,1,1,1
227,20,234.01,387.06,20.81,59.64,1,1,1
227,25,239.59,390.36,33.25,78.43,1,1,1
227,26,217.51,391.62,27.92,77.66,1,1,1
227,30,130.78,389.39,36.70,82.09,1,1,1
227,31,164.17,395.13,41.57,76.87,1,1,1
227,32,468.22,365.12,188.37,480.62,1,1,1
227,33,96.87,389.74,28.00,82.09,1,1,1
227,37,171.56,387.16,22.94,70.03,1,1,1
227,41,118.07,390.97,28.57,69.12,1,1,1
227,46,54.83,387.18,28.15,71.64,1,1,1
227,47,88.03,385.08,17.65,75.63,1,1,1
227,50,3.69,390.77,29.89,63.47,1,1,1
228,2,1265.12,385.27,55.81,155.81,1,1,1
228,7,498.05,399.02,60.98,163.41,1,1,1
228,10,840.08,384.62,80.16,186.23,1,1,1
228,11,322.67,383.81,76.92,174.49,1,1,1
228,17,291.76,391.76,41.18,132.35,1,1,1
228,19,247.10,385.16,85.81,175.48,1,1,1
228,20,222.90,386.34,20.38,61.97,1,1,1
228,25,229.91,390.09,33.91,78.78,1,1,1
228,26,208.70,390.61,25.91,78.43,1,1,1
228,30,124.70,385.91,32.52,84.00,1,1,1
228,31,155.13,386.61,40.52,86.43,1,1,1
228,32,464.04,365.17,185.39,482.02,1,1,1
228,33,86.64,388.70,26.03,80.48,1,1,1
228,37,160.87,385.40,22.67,73.60,1,1,1
228,41,108.53,390.41,30.49,68.02,1,1,1
228,46,43.07,385.93,30.92,72.28,1,1,1
228,47,77.40,384.86,22.17,73.56,1,1,1
228,50,0.37,391.14,21.77,61.62,1,1,1
229,2,1255.93,383.05,55.08,155.08,1,1,1
229,7,492.51,397.86,49.20,140.64,1,1,1
229,10,833.55,383.87,80.65,187.10,1,1,1
229,11,317.65,383.42,76.47,174.33,1,1,1
229,17,282.35,389.84,41.18,132.09,1,1,1
229,19,241.18,382.35,86.10,177.54,1,1,1
229,20,212.81,385.24,21.73,67.97,1,1,1
229,25,222.01,388.30,32.59,79.94,1,1,1
229,26,198.61,389.69,27.02,79.39,1,1,1
229,30,114.15,386.42,32.89,82.98,1,1,1
229,31,144.93,390.06,41.68,79.35,1,1,1
229,32,457.14,366.67,190.48,479.05,1,1,1
229,33,75.53,388.72,27.92,81.45,1,1,1
229,37,152.10,384.79,22.01,73.79,1,1,1
229,41,99.16,389.93,23.99,67.45,1,1,1
229,46,35.23,383.72,28.52,73.83,1,1,1
229,47,68.62,380.03,17.11,77.52,1,1,1
229,50,0.37,395.20,12.55,57.20,1,1,1
230,2,1254.24,381.36,59.32,151.69,1,1,1
230,7,486.05,398.45,51.16,162.02,1,1,1
230,10,825.51,382.19,80.57,185.83,1,1,1
230,11,305.67,380.97,82.19,176.52,1,1,1
230,17,281.28,389.30,39.04,131.55,1,1,1
230,19,230.59,380.59,87.06,178.24,1,1,1
230,20,203.34,384.68,21.73,66.85,1,1,1
230,25,212.26,387.19,35.38,80.50,1,1,1
230,26,191.64,388.02,26.46,78.27,1,1,1
230,30,105.77,384.76,32.56,84.53,1,1,1
230,31,135.10,389.38,42.96,79.45,1,1,1
230,32,450.42,364.71,192.44,483.19,1,1,1
230,33,65.82,387.99,27.94,81.29,1,1,1
230,37,141.39,383.88,25.27,75.46,1,1,1
230,41,88.47,388.85,26.09,67.30,1,1,1
230,46,25.41,382.28,27.04,70.16,1,1,1
230,47,54.48,382.09,23.51,75.00,1,1,1
231,2,1245.81,379.35,61.29,167.10,1,1,1
231,7,477.07,395.12,63.41,160.00,1,1,1
231,10,820.00,380.00,80.65,189.03,1,1,1
231,11,298.05,379.02,81.95,178.54,1,1,1
231,17,267.38,387.23,40.43,132.62,1,1,1
231,19,224.71,379.41,82.94,178.82,1,1,1
231,20,195.41,382.87,22.63,69.11,1,1,1
231,25,203.46,386.14,33.72,79.45,1,1,1
231,26,182.22,387.07,25.40,77.83,1,1,1
231,30,93.22,383.65,36.17,84.00,1,1,1
231,31,126.26,387.65,41.22,80.17,1,1,1
231,32,448.28,363.79,187.07,483.62,1,1,1
231,33,57.04,386.61,29.74,82.09,1,1,1
231,37,132.96,383.90,25.09,78.28,1,1,1
231,41,80.90,386.52,25.09,68.54,1,1,1
231,46,8.90,385.48,35.60,67.68,1,1,1
231,47,39.11,379.16,28.34,76.58,1,1,1
232,2,1250.66,384.37,53.66,137.80,1,1,1
232,7,468.24,394.12,68.24,177.06,1,1,1
232,10,811.61,378.06,80.65,190.32,1,1,1
232,11,289.03,378.71,83.23,176.13,1,1,1
232,17,238.98,389.83,58.47,131.36,1,1,1
232,19,214.71,377.65,84.71,179.41,1,1,1
232,20,186.91,383.01,22.28,68.52,1,1,1
232,25,194.43,385.24,34.54,81.62,1,1,1
232,26,174.93,386.07,26.74,80.50,1,1,1
232,30,79.91,381.20,44.44,86.59,1,1,1
232,31,114.61,385.39,39.33,82.77,1,1,1
232,32,440.95,361.90,194.29,483.81,1,1,1
232,33,45.32,386.23,31.17,82.22,1,1,1
232,37,122.02,381.96,26.91,76.76,1,1,1
232,41,70.21,386.64,23.97,67.12,1,1,1
232,46,0.26,381.70,32.99,70.88,1,1,1
232,47,28.87,378.61,29.90,75.77,1,1,1
233,2,1237.98,378.29,62.02,135.66,1,1,1
233,7,460.43,390.91,66.84,184.49,1,1,1
233,10,804.80,377.49,79.34,188.93,1,1,1
233,11,279.82,379.36,83.03,176.61,1,1,1
233,17,228.37,382.27,54.61,123.40,1,1,1
233,19,205.37,379.02,84.88,177.56,1,1,1
233,20,173.44,380.83,24.02,70.67,1,1,1
233,25,184.76,382.68,35.33,81.06,1,1,1
233,26,162.82,386.84,29.33,77.37,1,1,1
233,30,73.01,382.72,35.57,80.60,1,1,1
233,31,106.11,386.24,36.67,81.67,1,1,1
233,32,437.50,361.46,190.62,483.33,1,1,1
233,33,36.36,387.27,29.09,77.58,1,1,1
233,37,110.32,378.71,26.45,83.23,1,1,1
233,41,62.33,385.27,21.92,67.12,1,1,1
233,46,0.68,385.96,20.89,61.99,1,1,1
233,47,18.49,382.88,30.14,71.92,1,1,1
234,2,1237.59,378.01,57.45,127.66,1,1,1
234,7,455.29,391.76,61.76,165.29,1,1,1
234,10,794.33,373.05,80.85,192.91,1,1,1
234,11,273.80,375.94,78.07,180.21,1,1,1
234,17,217.42,387.10,58.06,116.77,1,1,1
234,19,194.83,376.01,83.03,178.60,1,1,1
234,25,170.48,382.66,39.11,80.81,1,1,1
234,26,154.61,385.24,26.94,77.12,1,1,1
234,30,57.51,380.66,38.61,79.03,1,1,1
234,31,96.47,388.16,34.54,76.18,1,1,1
234,32,432.35,357.84,192.16,489.22,1,1,1
234,33,21.57,383.33,36.27,83.33,1,1,1
234,37,102.14,379.68,25.13,77.01,1,1,1
234,41,44.41,384.04,27.66,67.55,1,1,1
234,46,0.27,381.91,8.78,54.26,1,1,1
234,47,9.84,382.18,26.60,69.68,1,1,1
235,2,1232.20,370.34,56.78,142.37,1,1,1
235,7,444.92,383.42,75.40,193.05,1,1,1
235,10,787.56,370.67,77.78,192.44,1,1,1
235,11,260.00,374.67,80.89,176.89,1,1,1
235,19,180.21,372.73,94.12,180.75,1,1,1
235,25,161.50,380.75,37.43,79.14,1,1,1
235,26,140.11,383.96,29.41,74.87,1,1,1
235,30,45.59,378.52,33.60,73.68,1,1,1
235,31,83.54,386.27,34.01,76.52,1,1,1
235,32,425.96,351.92,189.42,502.88,1,1,1
235,33,10.08,378.29,31.78,86.82,1,1,1
235,38,73.64,384.10,17.57,57.74,1,1,1
235,41,34.22,377.33,24.44,64.89,1,1,1
235,47,0.00,374.85,14.24,75.76,1,1,1
236,2,1224.82,374.47,55.32,136.88,1,1,1
236,3,924.91,408.30,52.83,180.38,1,1,1
236,4,925.66,408.68,41.51,176.23,1,1,1
236,7,433.55,385.81,66.45,181.94,1,1,1
236,8,269.37,381.18,48.34,96.68,1,1,1
236,10,779.58,364.79,80.28,191.55,1,1,1
236,11,253.40,372.82,81.07,177.67,1,1,1
236,19,172.73,370.59,87.70,180.75,1,1,1
236,20,140.67,374.09,24.23,71.59,1,1,1
236,25,151.81,377.16,35.93,76.32,1,1,1
236,26,131.55,380.36,30.95,78.87,1,1,1
236,30,30.72,374.97,40.09,81.41,1,1,1
236,31,66.96,383.11,43.44,78.97,1,1,1
236,32,418.52,352.78,193.52,487.96,1,1,1
236,33,1.07,374.33,27.81,86.10,1,1,1
236,38,57.19,379.51,20.49,64.53,1,1,1
236,41,23.55,376.15,22.63,71.56,1,1,1
236,47,0.31,375.23,10.70,76.45,1,1,1
237,2,1226.36,379.84,49.61,127.13,1,1,1
237,3,912.44,385.78,60.89,197.33,1,1,1
237,4,911.56,400.89,47.11,180.44,1,1,1
237,7,425.33,383.11,56.89,158.22,1,1,1
237,8,260.49,377.07,50.24,98.05,1,1,1
237,10,772.68,363.41,81.46,190.73,1,1,1
237,11,241.46,370.73,83.41,177.07,1,1,1
237,19,165.24,367.38,89.84,182.89,1,1,1
237,20,127.58,371.31,23.68,63.23,1,1,1
237,25,142.34,374.37,34.54,81.62,1,1,1
237,26,122.01,377.99,24.79,77.72,1,1,1
237,30,27.58,372.98,32.59,81.34,1,1,1
237,31,58.50,379.11,39.55,77.99,1,1,1
237,32,416.36,348.18,190.00,486.36,1,1,1
237,33,0.56,373.45,17.51,84.18,1,1,1
237,38,47.82,377.91,17.96,67.48,1,1,1
237,41,11.17,374.27,24.51,72.82,1,1,1
238,3,899.19,377.33,70.45,206.07,1,1,1
238,4,902.83,389.47,55.87,185.02,1,1,1
238,7,419.19,378.23,66.11,180.59,1,1,1
238,8,260.49,376.10,39.51,107.32,1,1,1
238,10,764.39,361.46,83.90,195.61,1,1,1
238,11,230.73,368.29,83.90,179.02,1,1,1
238,19,155.48,366.45,90.32,184.52,1,1,1
238,20,118.46,367.11,23.15,73.15,1,1,1
238,25,131.21,370.47,37.25,82.55,1,1,1
238,26,112.42,374.50,26.17,81.88,1,1,1
238,30,13.57,368.33,34.39,81.00,1,1,1
238,31,49.32,376.47,39.37,77.38,1,1,1
238,32,407.76,345.34,192.24,483.97,1,1,1
238,38,32.84,376.62,22.39,62.69,1,1,1
238,41,0.00,369.52,24.29,67.62,1,1,1
239,3,893.05,363.10,74.33,214.44,1,1,1
239,4,892.51,382.89,55.08,186.63,1,1,1
239,7,410.97,377.42,62.58,156.77,1,1,1
239,8,248.34,373.80,45.02,95.57,1,1,1
239,10,758.30,357.56,83.03,194.83,1,1,1
239,11,225.83,365.31,81.55,177.12,1,1,1
239,19,145.74,364.34,89.15,182.17,1,1,1
239,20,111.93,364.97,21.57,69.80,1,1,1
239,25,121.83,367.01,36.80,83.50,1,1,1
239,26,99.75,371.57,28.68,79.19,1,1,1
239,30,3.81,364.47,33.25,89.85,1,1,1
239,31,36.55,369.54,41.62,82.23,1,1,1
239,32,404.63,340.74,191.67,479.63,1,1,1
239,38,25.83,370.48,18.08,66.79,1,1,1
239,41,6.27,365.68,12.55,67.16,1,1,1
240,3,885.78,367.11,72.44,208.00,1,1,1
240,4,882.67,377.33,64.00,188.00,1,1,1
240,7,402.93,368.78,57.56,170.24,1,1,1
240,8,240.06,368.50,49.54,94.80,1,1,1
240,10,750.98,352.29,81.70,189.54,1,1,1
240,11,212.16,358.11,86.49,179.73,1,1,1
240,19,135.88,359.41,94.71,181.76,1,1,1
240,20,96.38,359.89,24.23,70.19,1,1,1
240,25,113.09,362.95,36.77,83.01,1,1,1
240,26,91.09,365.46,28.13,80.22,1,1,1
240,30,0.28,359.05,28.41,87.74,1,1,1
240,31,23.68,363.79,41.78,82.73,1,1,1
240,32,399.19,333.33,192.68,482.11,1,1,1
240,38,13.18,365.89,20.93,62.40,1,1,1
241,3,880.00,366.47,74.42,194.07,1,1,1
241,4,878.24,377.06,68.70,195.05,1,1,1
241,7,402.14,368.98,63.64,177.54,1,1,1
241,8,226.38,369.52,49.78,96.04,1,1,1
241,10,747.06,349.73,82.35,193.05,1,1,1
241,11,206.47,353.91,88.90,182.52,1,1,1
241,19,130.23,358.91,97.67,183.72,1,1,1
241,20,91.14,358.30,26.94,71.96,1,1,1
241,25,105.90,361.99,40.22,80.44,1,1,1
241,26,82.66,363.47,32.84,78.60,1,1,1
241,30,0.37,363.10,21.77,83.03,1,1,1
241,31,20.30,366.05,38.01,80.44,1,1,1
241,32,397.06,331.37,189.22,489.22,1,1,1
241,38,3.49,362.79,27.13,69.77,1,1,1
242,3,876.10,360.00,69.27,213.66,1,1,1
242,4,877.07,373.17,56.59,191.71,1,1,1
242,7,394.12,366.84,67.38,179.14,1,1,1
242,8,230.26,367.53,51.29,90.77,1,1,1
242,10,743.17,347.60,80.81,192.62,1,1,1
242,11,205.17,355.72,82.29,179.34,1,1,1
242,17,140.31,363.57,54.26,125.58,1,1,1
242,18,75.65,367.90,24.72,68.27,1,1,1
242,19,127.12,356.78,90.68,182.20,1,1,1
242,20,83.40,356.28,27.13,80.16,1,1,1
242,25,100.00,360.32,36.84,81.78,1,1,1
242,26,78.59,363.00,30.28,77.68,1,1,1
242,30,0.00,361.77,13.46,82.87,1,1,1
242,31,11.31,363.61,40.67,78.90,1,1,1
242,32,394.55,329.09,191.82,491.82,1,1,1
242,34,743.85,366.84,27.12,81.54,1,1,1
242,38,1.78,361.21,22.06,69.04,1,1,1
243,3,874.30,358.10,73.18,200.56,1,1,1
243,4,878.17,358.03,65.40,210.69,1,1,1
243,7,390.37,366.31,56.15,160.43,1,1,1
243,8,226.20,365.31,52.77,92.25,1,1,1
243,10,739.48,345.02,81.92,194.46,1,1,1
243,11,199.63,352.77,82.66,180.07,1,1,1
243,17,133.33,358.91,56.59,114.73,1,1,1
243,18,70.05,366.24,22.59,62.18,1,1,1
243,19,122.03,353.39,94.07,184.75,1,1,1
243,20,79.30,355.08,21.88,73.44,1,1,1
243,25,96.09,357.81,35.94,83.98,1,1,1
243,26,73.12,359.14,26.08,80.38,1,1,1
243,30,0.00,361.08,7.05,75.27,1,1,1
243,31,5.65,359.95,39.52,84.14,1,1,1
243,32,392.67,328.67,192.42,490.63,1,1,1
243,34,731.86,365.93,34.51,80.97,1,1,1
243,38,0.00,362.37,14.18,65.51,1,1,1
244,3,875.61,355.12,70.24,213.17,1,1,1
244,4,874.63,360.00,60.49,198.54,1,1,1
244,7,388.29,363.41,69.27,166.34,1,1,1
244,8,231.98,363.56,45.75,94.33,1,1,1
244,10,736.84,343.72,81.78,193.12,1,1,1
244,11,193.52,351.42,86.23,181.38,1,1,1
244,17,132.90,358.06,50.97,114.19,1,1,1
244,19,111.08,353.78,93.58,180.75,1,1,1
244,20,76.15,354.74,23.24,67.89,1,1,1
244,25,96.02,356.88,35.47,83.79,1,1,1
244,26,69.98,356.81,30.02,82.91,1,1,1
244,31,2.77,361.43,39.72,82.91,1,1,1
244,32,393.12,324.61,189.23,498.08,1,1,1
244,34,725.42,362.71,30.51,80.51,1,1,1
245,3,878.07,354.01,74.33,214.97,1,1,1
245,4,873.80,360.43,60.96,198.93,1,1,1
245,7,391.44,358.82,60.96,173.26,1,1,1
245,8,225.37,363.90,45.22,98.99,1,1,1
245,10,731.71,343.90,83.41,190.73,1,1,1
245,11,198.05,350.24,82.44,181.95,1,1,1
245,17,135.48,358.06,47.10,122.58,1,1,1
245,19,112.45,351.69,91.18,178.82,1,1,1
245,25,93.52,355.47,38.87,83.00,1,1,1
245,26,67.61,355.47,34.41,85.02,1,1,1
245,31,1.62,363.97,36.03,78.14,1,1,1
245,32,393.97,327.59,182.76,495.69,1,1,1
245,34,721.39,363.83,36.17,82.98,1,1,1
246,3,878.54,353.17,67.80,217.07,1,1,1
246,4,874.63,361.46,56.10,198.05,1,1,1
246,7,387.94,359.57,68.09,190.07,1,1,1
246,8,230.77,362.75,48.99,93.93,1,1,1
246,10,728.34,342.91,88.66,193.12,1,1,1
246,11,200.40,351.01,79.35,181.78,1,1,1
246,17,133.90,360.17,52.54,120.34,1,1,1
246,19,122.95,353.09,81.94,183.87,1,1,1
246,24,723.14,362.01,27.07,84.28,1,1,1
246,25,95.26,357.94,38.16,76.88,1,1,1
246,26,64.62,354.87,34.26,88.86,1,1,1
246,31,1.67,360.45,38.44,83.57,1,1,1
246,32,394.92,329.66,187.81,495.79,1,1,1
247,3,887.32,354.63,66.83,214.15,1,1,1
247,4,880.98,357.56,65.85,201.95,1,1,1
247,7,389.84,364.17,66.84,173.80,1,1,1
247,8,229.95,362.57,55.08,93.58,1,1,1
247,10,730.48,342.78,88.24,191.98,1,1,1
247,11,197.33,350.27,82.35,185.56,1,1,1
247,17,131.36,359.32,50.00,122.03,1,1,1
247,18,64.62,367.13,21.45,61.84,1,1,1
247,19,119.59,352.49,82.58,180.65,1,1,1
247,20,73.67,356.35,25.64,72.75,1,1,1
247,24,725.75,362.23,24.03,73.82,1,1,1
247,25,96.30,358.66,34.41,83.37,1,1,1
247,26,72.29,359.12,29.10,85.45,1,1,1
247,31,0.69,361.43,40.65,83.37,1,1,1
247,32,400.00,331.25,185.42,495.83,1,1,1
247,37,1.97,354.61,32.24,80.26,1,1,1
248,3,889.30,353.48,72.19,214.44,1,1,1
248,4,887.70,359.89,51.87,202.67,1,1,1
248,7,391.36,363.64,65.22,164.66,1,1,1
248,8,238.46,362.75,44.72,95.43,1,1,1
248,10,736.03,342.91,85.83,195.55,1,1,1
248,11,200.00,351.82,80.57,182.59,1,1,1
248,15,938.27,340.74,60.08,195.47,1,1,1
248,17,133.05,361.86,43.22,111.86,1,1,1
248,18,68.63,367.53,18.82,64.21,1,1,1
248,19,126.95,353.19,75.18,182.98,1,1,1
248,20,77.98,357.19,23.85,74.31,1,1,1
248,24,728.40,363.37,26.75,76.13,1,1,1
248,25,97.25,359.02,35.17,85.02,1,1,1
248,26,72.84,360.15,30.46,84.26,1,1,1
248,31,3.55,363.45,39.85,82.99,1,1,1
248,32,405.79,333.06,182.64,495.04,1,1,1
248,37,4.44,357.78,31.56,78.67,1,1,1
249,3,900.00,352.63,68.02,215.79,1,1,1
249,4,895.55,359.51,51.01,203.24,1,1,1
249,7,400.53,364.17,61.50,172.19,1,1,1
249,8,245.75,363.56,44.08,96.61,1,1,1
249,10,743.75,345.14,81.25,191.67,1,1,1
249,11,205.74,353.59,81.82,181.82,1,1,1
249,15,933.14,337.87,73.96,210.06,1,1,1
249,17,138.98,363.56,56.78,127.12,1,1,1
249,18,73.83,369.46,21.14,59.06,1,1,1
249,19,134.19,354.19,77.42,183.23,1,1,1
249,20,82.23,359.14,22.34,69.29,1,1,1
249,24,731.10,362.20,31.58,80.86,1,1,1
249,25,102.28,361.17,37.82,84.01,1,1,1
249,26,79.19,363.20,29.95,82.74,1,1,1
249,31,8.63,367.26,42.39,83.76,1,1,1
249,32,414.88,334.71,177.69,494.21,1,1,1
249,37,10.04,361.00,32.43,79.92,1,1,1
249,38,0.00,368.60,14.88,76.03,1,1,1
250,3,903.90,352.20,71.22,217.56,1,1,1
250,4,899.51,355.12,51.71,207.32,1,1,1
250,7,403.74,364.71,65.78,177.01,1,1,1
250,8,253.48,363.64,40.64,100.53,1,1,1
250,10,747.06,344.39,81.82,192.51,1,1,1
250,11,210.70,352.94,79.14,181.28,1,1,1
250,15,939.10,336.09,70.68,204.51,1,1,1
250,17,140.00,361.76,55.29,138.24,1,1,1
250,18,76.21,371.13,20.55,52.89,1,1,1
250,19,137.43,352.94,91.44,183.42,1,1,1
250,20,86.07,359.61,22.01,64.62,1,1,1
250,24,735.79,361.62,26.57,74.17,1,1,1
250,25,106.69,361.56,35.93,84.40,1,1,1
250,26,82.17,364.62,29.25,82.45,1,1,1
250,30,0.56,364.90,13.37,77.72,1,1,1
250,31,10.58,365.46,40.39,81.62,1,1,1
250,32,422.73,333.64,177.27,496.36,1,1,1
250,37,13.17,360.49,30.73,79.51,1,1,1
250,38,0.00,367.92,16.98,75.94,1,1,1
251,3,904.72,352.20,71.22,217.56,1,1,1
251,4,899.51,355.12,51.71,207.32,1,1,1
251,7,404.56,362.27,65.78,177.01,1,1,1
251,8,253.48,363.64,40.02,129.86,1,1,1
251,10,751.94,341.95,79.77,198.70,1,1,1
251,11,210.70,352.94,73.04,177.95,1,1,1
251,15,942.51,335.11,70.68,204.51,1,1,1
251,17,140.00,361.76,55.29,138.24,1,1,1
251,18,75.28,370.20,20.55,52.89,1,1,1
251,19,137.43,352.94,91.44,183.42,1,1,1
251,20,82.33,359.14,22.01,64.62,1,1,1
251,24,735.79,361.62,26.57,74.17,1,1,1
251,25,109.96,362.03,42.85,83.30,1,1,1
251,26,88.32,361.21,23.57,85.86,1,1,1
251,30,0.56,364.90,13.37,77.72,1,1,1
251,31,10.58,365.46,40.39,81.62,1,1,1
251,32,426.83,330.89,176.13,496.96,1,1,1
251,37,12.24,366.56,30.73,79.51,1,1,1
251,38,1.40,362.78,16.98,75.94,1,1,1
252,3,915.12,351.71,70.73,217.56,1,1,1
252,4,908.29,357.56,59.02,206.34,1,1,1
252,7,416.04,364.17,68.45,173.80,1,1,1
252,8,264.17,364.71,47.06,95.72,1,1,1
252,10,758.29,343.85,81.82,191.98,1,1,1
252,11,224.62,355.28,75.88,182.91,1,1,1
252,15,956.05,328.70,69.96,216.14,1,1,1
252,17,148.60,363.69,52.51,121.23,1,1,1
252,18,87.77,369.72,21.32,58.65,1,1,1
252,19,152.20,355.61,88.29,183.41,1,1,1
252,20,96.97,360.06,23.14,68.60,1,1,1
252,24,744.79,361.11,29.51,84.72,1,1,1
252,25,117.08,363.64,37.19,85.40,1,1,1
252,26,95.04,366.67,27.00,82.09,1,1,1
252,30,0.39,363.32,19.69,84.56,1,1,1
252,31,23.55,366.80,38.61,82.24,1,1,1
252,32,433.94,333.03,180.73,494.50,1,1,1
252,38,1.10,371.43,21.61,73.63,1,1,1
253,3,920.49,350.24,71.71,220.98,1,1,1
253,4,916.59,362.93,48.78,196.59,1,1,1
253,7,422.93,365.85,62.93,165.85,1,1,1
253,8,273.76,364.54,43.26,94.33,1,1,1
253,10,763.83,343.26,79.43,193.62,1,1,1
253,11,227.81,357.22,84.49,179.14,1,1,1
253,15,960.70,331.84,80.60,209.45,1,1,1
253,17,159.43,364.77,48.75,126.69,1,1,1
253,19,163.57,355.04,85.27,182.95,1,1,1
253,20,102.14,359.79,26.33,70.46,1,1,1
253,24,754.25,362.35,29.96,84.21,1,1,1
253,25,125.27,364.06,38.79,85.77,1,1,1
253,26,101.78,367.62,25.27,80.78,1,1,1
253,30,0.00,362.63,25.98,86.48,1,1,1
253,31,28.83,369.40,42.70,80.07,1,1,1
253,32,436.19,332.38,182.86,498.10,1,1,1
253,37,23.55,364.88,24.79,79.75,1,1,1
253,38,11.16,371.49,20.66,75.21,1,1,1
254,3,926.34,351.22,72.20,220.49,1,1,1
254,4,923.41,364.39,40.98,200.00,1,1,1
254,7,431.15,364.85,68.29,157.32,1,1,1
254,8,279.53,366.11,45.97,91.28,1,1,1
254,10,771.48,342.62,77.18,193.96,1,1,1
254,11,237.56,357.75,78.87,178.87,1,1,1
254,15,973.06,330.05,86.01,209.84,1,1,1
254,17,163.42,364.09,61.41,133.22,1,1,1
254,18,102.33,374.05,20.99,52.48,1,1,1
254,19,168.73,356.32,80.49,182.93,1,1,1
254,20,112.75,361.41,22.82,65.44,1,1,1
254,24,755.40,361.50,33.33,86.38,1,1,1
254,25,131.88,364.09,38.26,86.58,1,1,1
254,26,110.74,368.79,27.18,82.21,1,1,1
254,30,0.00,364.43,31.21,82.89,1,1,1
254,31,38.59,369.46,40.27,77.18,1,1,1
254,32,445.56,332.22,181.11,487.78,1,1,1
254,37,29.52,362.73,25.83,74.54,1,1,1
254,38,17.71,373.06,21.77,68.63,1,1,1
255,3,934.01,352.23,69.64,222.27,1,1,1
255,4,930.36,363.56,49.39,196.76,1,1,1
255,7,439.04,368.98,59.36,158.82,1,1,1
255,8,292.51,366.31,40.64,103.21,1,1,1
255,10,776.47,343.85,79.68,195.72,1,1,1
255,11,242.25,359.89,83.96,179.68,1,1,1
255,15,984.08,327.36,82.59,211.44,1,1,1
255,17,169.08,367.69,52.37,125.91,1,1,1
255,18,112.47,370.44,16.17,55.20,1,1,1
255,19,177.52,359.69,88.37,183.72,1,1,1
255,20,121.17,361.00,19.78,64.90,1,1,1
255,24,761.54,362.35,31.17,84.21,1,1,1
255,25,139.28,364.35,37.88,88.86,1,1,1
255,26,119.22,364.07,25.91,86.91,1,1,1
255,30,0.84,361.00,33.98,86.63,1,1,1
255,31,46.24,368.80,39.83,81.34,1,1,1
255,32,448.18,330.00,186.36,484.55,1,1,1
255,33,0.00,372.70,11.42,82.45,1,1,1
255,37,35.80,361.93,25.00,64.77,1,1,1
255,38,27.84,373.30,21.59,69.32,1,1,1
255,41,1.34,368.01,10.22,40.59,1,1,1
256,3,941.29,351.61,68.39,221.94,1,1,1
256,4,931.61,359.35,59.35,203.87,1,1,1
256,7,448.23,366.67,54.61,167.38,1,1,1
256,8,300.98,366.83,42.44,103.41,1,1,1
256,10,783.90,342.93,80.49,195.12,1,1,1
256,11,253.51,360.89,80.07,177.12,1,1,1
256,15,990.80,327.59,64.94,215.52,1,1,1
256,17,176.75,366.05,57.93,125.46,1,1,1
256,18,119.57,371.56,21.10,52.29,1,1,1
256,19,190.70,362.02,82.95,179.07,1,1,1
256,20,130.63,361.25,21.77,62.73,1,1,1
256,24,768.56,361.14,30.57,85.15,1,1,1
256,25,147.97,364.21,38.75,86.72,1,1,1
256,26,127.68,366.05,26.57,85.24,1,1,1
256,30,5.17,358.30,37.64,93.36,1,1,1
256,31,54.61,369.37,41.70,78.60,1,1,1
256,32,456.86,328.43,189.22,492.16,1,1,1
256,33,0.00,371.22,15.50,81.92,1,1,1
256,37,44.19,363.57,25.19,80.62,1,1,1
256,38,36.05,370.54,23.26,78.68,1,1,1
256,41,0.00,367.31,16.26,50.12,1,1,1
257,3,949.27,352.20,67.32,219.02,1,1,1
257,4,934.32,361.25,63.84,198.89,1,1,1
257,7,457.33,368.00,56.89,155.56,1,1,1
257,8,312.30,368.45,44.92,101.60,1,1,1
257,10,792.51,342.25,80.75,194.12,1,1,1
257,11,261.54,358.30,83.00,178.95,1,1,1
257,15,1000.00,326.67,70.67,212.67,1,1,1
257,17,184.30,366.97,55.66,122.17,1,1,1
257,18,128.86,372.15,21.48,54.03,1,1,1
257,19,203.74,359.89,83.96,181.82,1,1,1
257,20,139.49,362.12,20.55,64.20,1,1,1
257,24,777.13,359.73,29.69,85.67,1,1,1
257,25,159.12,365.36,37.64,85.22,1,1,1
257,26,137.88,368.13,24.71,81.29,1,1,1
257,30,12.01,359.35,39.03,90.30,1,1,1
257,31,61.43,368.82,45.27,79.68,1,1,1
257,32,466.67,328.12,186.46,492.71,1,1,1
257,33,0.00,367.67,25.27,89.38,1,1,1
257,37,51.80,369.59,25.26,75.00,1,1,1
257,38,44.33,373.45,26.55,73.97,1,1,1
257,41,10.31,367.53,15.98,36.86,1,1,1
258,3,959.11,351.11,63.56,219.56,1,1,1
258,4,943.56,355.68,62.50,203.03,1,1,1
258,7,468.84,363.70,53.76,164.59,1,1,1
258,8,324.06,367.38,44.39,100.53,1,1,1
258,10,801.07,339.57,81.28,193.05,1,1,1
258,11,273.80,357.93,81.92,177.86,1,1,1
258,15,1013.43,323.88,63.43,211.94,1,1,1
258,17,193.87,365.74,48.75,122.56,1,1,1
258,18,139.60,371.14,18.79,55.03,1,1,1
258,19,218.82,358.82,76.47,182.94,1,1,1
258,20,149.58,362.12,21.45,64.07,1,1,1
258,24,786.33,358.98,32.03,83.59,1,1,1
258,25,169.08,364.35,37.33,84.68,1,1,1
258,26,148.47,366.30,26.18,85.24,1,1,1
258,30,25.63,360.17,35.38,88.02,1,1,1
258,31,72.70,367.69,44.29,81.06,1,1,1
258,32,475.26,325.77,189.69,495.88,1,1,1
258,33,1.67,367.69,36.49,88.58,1,1,1
258,37,63.48,370.31,25.26,76.79,1,1,1
258,38,51.88,373.72,27.30,74.06,1,1,1
258,41,22.31,367.55,14.00,43.00,1,1,1
258,47,0.00,367.32,16.22,76.82,1,1,1
259,3,967.74,348.39,69.68,220.00,1,1,1
259,4,953.55,354.19,62.58,204.52,1,1,1
259,7,478.05,363.90,64.59,161.88,1,1,1
259,8,336.03,367.61,44.53,98.79,1,1,1
259,10,809.32,338.51,83.23,189.44,1,1,1
259,11,275.12,356.34,90.14,177.00,1,1,1
259,15,1025.00,322.17,64.62,214.15,1,1,1
259,17,203.55,364.75,52.73,123.22,1,1,1
259,18,151.25,371.31,18.94,54.60,1,1,1
259,19,223.53,358.24,83.53,182.35,1,1,1
259,20,160.61,362.14,21.22,63.86,1,1,1
259,24,796.44,356.94,28.11,82.56,1,1,1
259,25,180.87,363.93,37.16,84.70,1,1,1
259,26,160.66,366.12,27.87,84.15,1,1,1
259,30,38.80,360.93,33.06,88.80,1,1,1
259,31,89.07,368.31,41.26,79.23,1,1,1
259,32,485.00,325.00,193.00,496.00,1,1,1
259,33,14.75,368.31,34.70,88.25,1,1,1
259,37,74.93,369.62,28.91,73.75,1,1,1
259,38,67.26,372.57,24.78,74.34,1,1,1
259,41,34.95,367.82,13.89,44.68,1,1,1
259,46,0.23,371.76,12.96,67.82,1,1,1
259,47,9.95,367.82,25.46,72.45,1,1,1
260,3,980.00,346.67,65.33,222.67,1,1,1
260,4,965.82,352.32,64.98,205.06,1,1,1
260,7,490.32,363.23,64.52,200.00,1,1,1
260,8,351.29,367.53,42.44,100.00,1,1,1
260,10,820.66,337.27,81.18,190.41,1,1,1
260,11,288.19,356.46,88.19,177.86,1,1,1
260,15,1034.56,322.06,82.35,211.03,1,1,1
260,17,213.63,362.59,51.04,124.48,1,1,1
260,18,163.30,373.39,22.94,52.91,1,1,1
260,19,236.13,359.35,81.94,180.65,1,1,1
260,20,173.90,362.12,21.48,64.20,1,1,1
260,24,806.05,355.52,27.76,84.34,1,1,1
260,25,193.53,363.74,37.18,86.14,1,1,1
260,26,173.90,366.74,26.33,84.06,1,1,1
260,30,50.81,362.59,31.87,89.61,1,1,1
260,31,103.70,368.59,38.80,82.68,1,1,1
260,32,492.52,325.23,198.13,500.93,1,1,1
260,33,27.71,368.36,33.95,90.07,1,1,1
260,37,90.15,371.13,24.01,76.86,1,1,1
260,38,78.67,374.75,23.44,72.82,1,1,1
260,41,46.06,367.93,14.87,40.82,1,1,1
260,46,0.58,375.51,21.28,65.01,1,1,1
260,47,16.33,367.93,32.36,73.47,1,1,1
261,3,990.67,344.44,66.22,222.22,1,1,1
261,4,978.67,348.89,70.22,208.00,1,1,1
261,7,503.55,363.83,61.70,193.62,1,1,1
261,8,360.15,367.53,46.13,100.00,1,1,1
261,10,832.28,337.01,81.10,192.13,1,1,1
261,11,304.12,355.97,82.72,176.95,1,1,1
261,15,1052.94,319.12,65.44,213.97,1,1,1
261,17,224.94,363.97,53.12,123.79,1,1,1
261,18,175.98,374.36,18.71,52.89,1,1,1
261,19,251.18,358.82,78.82,180.00,1,1,1
261,20,186.37,363.05,20.09,64.43,1,1,1
261,24,816.53,356.05,30.24,80.24,1,1,1
261,25,206.70,364.90,34.64,85.45,1,1,1
261,26,186.61,366.51,24.71,84.76,1,1,1
261,30,66.51,363.28,28.87,89.38,1,1,1
261,31,116.40,370.90,39.72,80.14,1,1,1
261,32,501.04,325.00,198.96,497.92,1,1,1
261,33,42.49,369.52,31.64,88.45,1,1,1
261,37,108.90,365.07,26.71,82.19,1,1,1
261,38,89.04,373.29,24.32,72.60,1,1,1
261,41,59.59,368.84,12.33,34.93,1,1,1
261,46,8.12,374.37,26.62,65.78,1,1,1
261,47,34.27,366.43,23.94,74.65,1,1,1
262,3,1000.98,345.37,70.73,220.98,1,1,1
262,4,991.95,353.36,67.11,199.66,1,1,1
262,7,515.61,362.44,59.02,168.29,1,1,1
262,8,375.45,364.85,43.94,103.33,1,1,1
262,10,843.85,333.69,81.82,194.12,1,1,1
262,11,314.44,354.01,88.24,179.68,1,1,1
262,15,1067.59,317.24,66.21,216.55,1,1,1
262,17,235.59,364.80,56.87,122.44,1,1,1
262,18,189.59,373.60,18.02,52.54,1,1,1
262,19,267.91,357.75,75.40,178.61,1,1,1
262,20,198.61,363.30,23.30,62.96,1,1,1
262,24,828.89,354.67,28.44,80.89,1,1,1
262,25,220.17,364.17,35.48,85.57,1,1,1
262,26,200.17,366.43,27.48,83.83,1,1,1
262,30,79.11,363.64,29.40,89.36,1,1,1
262,31,129.21,371.18,40.43,79.88,1,1,1
262,32,516.13,324.73,196.77,501.08,1,1,1
262,33,56.04,369.23,33.70,89.38,1,1,1
262,37,125.72,364.95,28.94,82.32,1,1,1
262,38,103.22,375.24,26.05,71.70,1,1,1
262,41,72.99,369.77,13.83,34.08,1,1,1
262,45,3.22,393.25,12.86,37.62,1,1,1
262,46,25.08,374.28,24.12,66.88,1,1,1
262,47,46.62,368.81,27.97,73.31,1,1,1
263,3,1012.50,344.08,74.34,221.71,1,1,1
263,4,1004.98,353.23,65.17,199.00,1,1,1
263,7,529.41,363.10,65.24,175.40,1,1,1
263,8,393.73,365.31,36.90,100.74,1,1,1
263,10,854.25,332.39,83.81,193.52,1,1,1
263,11,330.06,354.91,85.55,179.19,1,1,1
263,15,1082.43,314.86,60.81,218.24,1,1,1
263,17,249.14,364.24,57.55,122.75,1,1,1
263,18,203.69,374.83,23.49,53.02,1,1,1
263,19,279.68,356.15,80.21,182.35,1,1,1
263,20,212.81,364.24,22.56,63.48,1,1,1
263,24,839.20,354.55,30.68,79.55,1,1,1
263,25,232.89,364.82,39.20,87.19,1,1,1
263,26,213.19,367.50,29.64,85.66,1,1,1
263,30,95.03,364.05,27.92,87.76,1,1,1
263,31,144.55,370.17,38.62,82.60,1,1,1
263,32,529.79,324.47,197.87,497.87,1,1,1
263,33,69.71,370.36,35.18,90.88,1,1,1
263,37,137.93,366.31,28.91,81.43,1,1,1
263,38,117.24,376.39,26.26,71.09,1,1,1
263,41,88.59,370.82,12.47,32.10,1,1,1
263,45,19.08,395.65,11.35,26.57,1,1,1
263,46,42.75,379.47,20.29,59.90,1,1,1
263,47,64.01,367.87,19.32,73.67,1,1,1
264,3,1025.67,343.85,76.47,219.79,1,1,1
264,4,1017.34,355.72,60.15,196.68,1,1,1
264,7,543.85,361.50,60.43,172.19,1,1,1
264,8,405.01,364.90,38.16,102.79,1,1,1
264,10,866.45,332.90,83.87,195.48,1,1,1
264,11,347.11,354.67,82.22,177.78,1,1,1
264,15,1098.86,315.34,62.50,215.91,1,1,1
264,17,262.18,365.74,58.38,122.08,1,1,1
264,18,218.96,374.31,21.41,53.21,1,1,1
264,19,292.94,356.47,78.24,180.59,1,1,1
264,20,226.65,364.47,21.32,62.94,1,1,1
264,24,850.48,354.76,28.57,77.62,1,1,1
264,25,246.95,365.74,37.31,86.04,1,1,1
264,26,227.92,368.53,29.95,83.76,1,1,1
264,30,108.12,365.74,25.89,87.56,1,1,1
264,31,157.87,373.10,40.61,79.70,1,1,1
264,32,541.67,325.00,198.15,500.00,1,1,1
264,33,86.04,370.56,31.22,88.83,1,1,1
264,37,150.97,364.35,31.75,84.40,1,1,1
264,38,130.92,374.93,25.35,75.21,1,1,1
264,41,101.11,371.87,15.04,36.77,1,1,1
264,43,0.56,379.11,18.66,60.45,1,1,1
264,45,34.26,395.26,12.53,29.25,1,1,1
264,46,59.61,376.32,20.89,66.85,1,1,1
264,47,76.32,367.97,21.45,74.09,1,1,1
264,50,0.00,379.83,16.81,63.87,1,1,1
265,3,1037.59,341.84,77.30,223.40,1,1,1
265,4,1029.41,354.01,65.24,197.33,1,1,1
265,7,556.10,361.46,55.61,163.90,1,1,1
265,8,418.96,364.22,38.23,102.45,1,1,1
265,10,878.24,331.76,84.12,194.71,1,1,1
265,11,357.78,353.78,83.56,177.33,1,1,1
265,15,1110.59,312.94,61.76,217.06,1,1,1
265,17,276.17,365.32,55.53,123.19,1,1,1
265,18,230.20,375.17,23.15,53.36,1,1,1
265,19,307.74,355.48,77.42,179.35,1,1,1
265,20,239.49,364.43,21.48,64.20,1,1,1
265,24,865.41,352.97,29.73,82.16,1,1,1
265,25,261.20,366.74,35.33,84.30,1,1,1
265,26,241.30,366.92,30.98,85.09,1,1,1
265,30,121.06,366.17,29.15,87.66,1,1,1
265,31,172.34,374.26,38.94,78.51,1,1,1
265,32,555.06,326.97,197.75,496.63,1,1,1
265,33,98.98,370.85,34.24,89.83,1,1,1
265,37,165.25,364.69,31.07,83.33,1,1,1
265,38,145.76,375.42,27.40,72.60,1,1,1
265,41,116.43,371.73,12.37,33.92,1,1,1
265,43,12.30,380.51,23.85,59.36,1,1,1
265,45,47.70,396.82,11.84,29.15,1,1,1
265,46,71.73,378.98,22.08,61.84,1,1,1
265,47,93.29,369.08,20.49,72.44,1,1,1
265,50,1.75,373.68,29.96,69.64,1,1,1
265,52,20.47,375.50,16.44,63.42,1,1,1
266,3,1048.23,339.72,77.30,225.53,1,1,1
266,4,1040.89,352.00,56.00,196.00,1,1,1
266,7,568.09,360.99,62.41,181.56,1,1,1
266,8,433.21,363.84,34.69,104.06,1,1,1
266,10,889.41,331.18,82.94,194.71,1,1,1
266,11,372.06,354.25,81.78,178.14,1,1,1
266,15,1124.20,310.83,63.06,221.02,1,1,1
266,17,285.91,365.13,57.74,123.56,1,1,1
266,18,244.38,375.50,19.02,52.45,1,1,1
266,19,319.51,355.12,78.54,179.51,1,1,1
266,20,252.42,364.20,20.09,64.20,1,1,1
266,24,876.08,351.67,29.19,85.65,1,1,1
266,25,273.44,367.21,35.80,84.76,1,1,1
266,26,253.12,366.74,31.41,84.99,1,1,1
266,30,132.56,366.97,29.10,86.61,1,1,1
266,31,183.60,373.67,41.80,79.21,1,1,1
266,32,566.67,326.04,197.92,500.00,1,1,1
266,33,110.81,371.62,35.14,86.49,1,1,1
266,37,176.55,364.95,29.90,83.25,1,1,1
266,38,157.47,377.06,25.52,70.10,1,1,1
266,41,125.88,371.60,17.12,50.78,1,1,1
266,43,26.85,379.57,21.01,58.95,1,1,1
266,45,61.42,395.69,11.79,28.47,1,1,1
266,46,87.26,380.53,20.94,62.23,1,1,1
266,47,105.86,369.25,20.94,73.35,1,1,1
266,50,15.79,372.87,28.74,70.45,1,1,1
266,52,36.03,376.67,13.63,62.12,1,1,1
267,3,1063.16,337.65,71.26,223.48,1,1,1
267,4,1052.26,342.58,55.48,205.16,1,1,1
267,7,579.02,360.00,55.12,167.80,1,1,1
267,8,446.79,362.39,34.25,103.98,1,1,1
267,10,900.00,330.24,84.39,195.61,1,1,1
267,11,381.88,352.68,82.89,179.19,1,1,1
267,15,1134.39,308.99,66.67,221.69,1,1,1
267,17,296.19,366.50,56.35,119.29,1,1,1
267,18,256.28,373.28,19.84,53.04,1,1,1
267,19,333.16,353.48,73.80,180.75,1,1,1
267,20,263.45,362.94,19.04,63.45,1,1,1
267,24,888.78,349.76,29.76,87.32,1,1,1
267,25,288.32,365.99,30.46,85.28,1,1,1
267,26,265.99,367.26,27.66,83.50,1,1,1
267,30,148.22,365.99,26.14,87.31,1,1,1
267,31,200.25,373.86,37.06,73.35,1,1,1
267,32,582.47,325.77,196.91,500.00,1,1,1
267,33,123.10,367.01,37.06,92.89,1,1,1
267,37,188.98,365.54,28.81,80.79,1,1,1
267,38,170.34,375.14,27.12,72.03,1,1,1
267,41,140.11,371.75,13.84,39.83,1,1,1
267,43,39.02,377.61,21.75,62.90,1,1,1
267,45,75.13,394.67,11.44,31.60,1,1,1
267,46,98.39,376.53,21.54,64.95,1,1,1
267,47,118.33,367.20,21.86,74.60,1,1,1
267,50,27.94,376.92,28.74,67.61,1,1,1
267,52,48.93,374.31,14.07,64.53,1,1,1
268,3,1073.80,335.29,65.78,224.60,1,1,1
268,4,1062.03,345.99,56.68,197.86,1,1,1
268,7,590.24,358.05,60.49,169.27,1,1,1
268,8,459.02,360.24,35.78,105.81,1,1,1
268,10,910.73,328.29,82.93,195.61,1,1,1
268,11,394.83,352.77,80.07,176.38,1,1,1
268,15,1147.40,308.44,65.58,221.43,1,1,1
268,17,308.02,365.12,55.56,125.00,1,1,1
268,18,268.46,376.85,21.81,48.32,1,1,1
268,19,343.41,352.68,74.63,180.00,1,1,1
268,20,273.77,362.35,20.06,62.65,1,1,1
268,24,897.34,349.47,34.57,83.51,1,1,1
268,25,298.15,364.51,33.02,85.49,1,1,1
268,26,276.54,367.90,27.78,81.79,1,1,1
268,30,155.12,363.95,30.00,81.40,1,1,1
268,31,209.77,370.93,38.37,77.67,1,1,1
268,32,595.73,323.93,194.02,501.71,1,1,1
268,33,134.65,367.91,36.05,91.40,1,1,1
268,37,197.96,364.49,26.12,80.41,1,1,1
268,38,181.22,371.84,25.71,77.14,1,1,1
268,41,152.31,370.58,13.46,45.96,1,1,1
268,43,49.62,375.96,24.04,62.50,1,1,1
268,45,85.50,390.34,10.65,29.09,1,1,1
268,46,110.00,378.27,19.23,62.50,1,1,1
268,47,130.00,365.77,22.88,75.38,1,1,1
268,50,39.68,374.90,29.15,67.21,1,1,1
268,52,56.46,373.80,18.45,62.73,1,1,1
269,3,1079.02,332.68,68.78,225.37,1,1,1
269,4,1069.27,346.34,58.05,200.00,1,1,1
269,7,600.53,355.61,58.82,164.71,1,1,1
269,8,471.22,359.24,40.34,102.52,1,1,1
269,10,918.22,325.78,84.00,195.11,1,1,1
269,11,403.11,350.22,83.56,178.22,1,1,1
269,15,1161.26,306.76,63.06,219.82,1,1,1
269,17,318.01,362.12,54.73,124.71,1,1,1
269,18,279.34,372.69,21.40,48.71,1,1,1
269,19,351.76,350.59,76.47,179.41,1,1,1
269,20,281.89,360.17,23.96,61.28,1,1,1
269,24,910.40,347.71,27.83,81.04,1,1,1
269,25,308.36,362.40,34.26,83.57,1,1,1
269,26,286.37,365.13,29.33,81.29,1,1,1
269,30,164.20,360.97,27.71,77.83,1,1,1
269,31,221.25,369.28,35.10,74.60,1,1,1
269,32,609.68,320.43,192.47,506.45,1,1,1
269,33,144.14,364.86,34.68,88.29,1,1,1
269,37,206.01,361.48,28.27,81.63,1,1,1
269,38,191.17,370.67,24.03,72.08,1,1,1
269,43,59.57,375.00,22.61,56.65,1,1,1
269,45,93.40,384.26,12.18,31.96,1,1,1
269,46,117.34,369.34,22.81,65.51,1,1,1
269,47,138.14,364.05,23.72,73.18,1,1,1
269,50,50.67,370.22,26.67,70.67,1,1,1
269,52,66.97,372.06,17.78,57.97,1,1,1
270,3,1092.68,326.34,59.02,225.37,1,1,1
270,4,1075.12,337.56,77.56,205.85,1,1,1
270,7,606.83,353.66,58.05,160.49,1,1,1
270,8,480.07,354.98,43.17,115.13,1,1,1
270,10,926.45,320.65,84.52,201.94,1,1,1
270,11,410.32,348.39,83.87,176.13,1,1,1
270,15,1169.74,300.00,65.13,222.56,1,1,1
270,17,322.82,357.05,55.70,124.83,1,1,1
270,18,284.87,369.37,22.14,49.45,1,1,1
270,19,359.57,347.52,74.47,181.56,1,1,1
270,20,288.93,354.70,22.48,62.08,1,1,1
270,24,918.67,343.56,26.22,83.56,1,1,1
270,25,315.77,358.05,34.23,84.23,1,1,1
270,26,294.63,362.42,27.52,80.87,1,1,1
270,30,170.30,357.11,29.70,74.87,1,1,1
270,31,228.43,363.45,37.56,76.65,1,1,1
270,32,616.09,317.14,195.40,510.34,1,1,1
270,33,152.28,363.20,34.77,89.34,1,1,1
270,37,213.39,359.00,24.27,77.41,1,1,1
270,38,199.16,368.20,19.67,70.29,1,1,1
270,43,64.27,369.74,26.22,62.54,1,1,1
270,45,102.01,386.58,11.82,26.10,1,1,1
270,46,125.00,368.26,22.83,66.30,1,1,1
270,47,147.61,361.96,23.91,71.96,1,1,1
270,50,57.80,369.42,26.91,68.50,1,1,1
270,52,76.88,369.36,15.32,60.17,1,1,1
271,3,1100.98,318.54,59.02,232.68,1,1,1
271,4,1081.95,334.15,61.95,204.88,1,1,1
271,7,615.12,347.32,60.00,168.29,1,1,1
271,8,489.91,350.46,41.28,110.09,1,1,1
271,10,934.15,318.05,81.95,198.05,1,1,1
271,11,416.10,344.88,84.39,177.07,1,1,1
271,15,1179.41,294.85,63.97,225.74,1,1,1
271,17,330.96,351.78,55.58,126.40,1,1,1
271,18,292.20,363.51,21.45,51.53,1,1,1
271,19,365.78,342.25,77.01,182.35,1,1,1
271,20,297.72,350.51,21.57,60.66,1,1,1
271,24,921.67,338.42,31.03,86.21,1,1,1
271,25,324.11,352.03,31.98,87.82,1,1,1
271,26,302.54,353.55,29.70,86.29,1,1,1
271,30,178.93,352.54,28.43,88.07,1,1,1
271,31,234.77,363.20,37.06,72.84,1,1,1
271,32,630.93,315.46,190.72,491.75,1,1,1
271,33,156.52,357.97,35.75,90.34,1,1,1
271,37,222.18,353.92,27.65,81.23,1,1,1
271,38,205.43,361.99,24.43,73.76,1,1,1
271,43,74.81,367.10,23.14,60.41,1,1,1
271,45,108.48,374.29,16.71,36.50,1,1,1
271,46,130.28,365.67,23.67,62.69,1,1,1
271,47,152.88,358.42,19.19,71.22,1,1,1
271,50,61.13,361.94,29.55,66.40,1,1,1
271,52,80.22,361.84,20.06,64.07,1,1,1
272,3,1108.02,314.97,59.36,232.62,1,1,1
272,4,1079.68,326.20,65.78,208.56,1,1,1
272,7,622.70,342.55,63.12,175.18,1,1,1
272,8,497.78,347.56,43.56,104.89,1,1,1
272,10,938.24,314.71,84.12,196.47,1,1,1
272,11,424.12,338.24,82.94,178.24,1,1,1
272,15,1187.74,290.32,64.52,226.45,1,1,1
272,17,337.31,347.72,54.82,137.06,1,1,1
272,18,300.00,360.49,18.54,47.32,1,1,1
272,19,372.94,339.41,74.71,180.59,1,1,1
272,20,303.05,344.92,19.04,62.69,1,1,1
272,24,929.78,332.89,25.33,83.56,1,1,1
272,25,330.46,347.21,31.98,83.76,1,1,1
272,26,308.38,348.98,34.01,82.49,1,1,1
272,30,183.76,347.72,28.93,82.49,1,1,1
272,31,241.12,357.87,37.56,76.14,1,1,1
272,32,639.08,307.94,185.06,486.21,1,1,1
272,33,162.00,353.33,38.67,86.67,1,1,1
272,37,226.27,347.47,27.85,82.91,1,1,1
272,38,211.08,358.54,25.00,72.15,1,1,1
272,43,82.34,359.67,24.34,60.14,1,1,1
272,45,114.73,373.49,13.09,29.13,1,1,1
272,46,137.15,355.65,26.19,66.61,1,1,1
272,47,162.03,348.61,19.97,74.47,1,1,1
272,50,70.45,356.28,25.91,65.59,1,1,1
272,52,88.32,354.31,20.56,64.97,1,1,1
273,3,1113.17,309.76,58.05,231.22,1,1,1
273,4,1078.79,325.97,76.62,200.00,1,1,1
273,7,627.81,336.36,61.50,170.05,1,1,1
273,8,503.36,340.60,40.60,104.70,1,1,1
273,10,946.22,310.67,82.67,196.44,1,1,1
273,11,429.78,332.00,84.44,178.67,1,1,1
273,15,1198.95,284.29,67.02,225.65,1,1,1
273,17,344.34,341.28,51.38,120.80,1,1,1
273,18,306.41,355.99,17.27,47.08,1,1,1
273,19,378.06,335.48,77.42,174.84,1,1,1
273,20,310.09,340.06,23.55,63.00,1,1,1
273,24,935.11,326.67,31.11,83.56,1,1,1
273,25,338.53,339.76,29.66,89.60,1,1,1
273,26,318.65,342.81,28.13,86.24,1,1,1
273,30,190.83,341.90,27.52,84.71,1,1,1
273,31,248.93,350.76,37.31,73.70,1,1,1
273,32,647.47,298.99,184.85,488.89,1,1,1
273,33,170.07,348.91,37.96,86.86,1,1,1
273,37,231.80,340.37,29.05,84.40,1,1,1
273,38,218.65,351.38,24.46,73.39,1,1,1
273,43,90.07,354.50,22.63,59.35,1,1,1
273,45,122.12,369.50,13.09,30.76,1,1,1
273,46,145.14,350.54,21.76,66.73,1,1,1
273,47,168.17,344.60,21.76,73.02,1,1,1
273,50,77.86,351.66,25.83,63.47,1,1,1
273,52,98.85,350.12,16.40,63.05,1,1,1
274,3,1117.34,307.01,65.31,231.00,1,1,1
274,4,1080.81,320.66,79.70,202.58,1,1,1
274,7,634.12,331.76,58.82,166.47,1,1,1
274,8,510.12,336.03,47.37,106.07,1,1,1
274,10,952.44,304.00,84.00,195.56,1,1,1
274,11,440.89,327.56,78.67,177.78,1,1,1
274,15,1206.10,279.81,70.89,225.35,1,1,1
274,17,350.91,335.67,48.48,121.34,1,1,1
274,18,312.18,350.21,20.59,48.11,1,1,1
274,19,384.13,329.52,75.65,178.60,1,1,1
274,20,315.55,334.45,22.26,62.80,1,1,1
274,24,940.37,320.80,29.05,78.90,1,1,1
274,25,344.21,335.67,31.71,88.72,1,1,1
274,26,327.74,339.02,28.35,85.06,1,1,1
274,30,196.32,335.86,31.03,86.67,1,1,1
274,31,254.71,343.45,39.31,76.55,1,1,1
274,32,653.27,291.59,187.85,490.65,1,1,1
274,33,175.63,342.53,40.46,91.26,1,1,1
274,37,239.66,335.59,32.88,84.07,1,1,1
274,38,223.39,347.46,27.46,73.90,1,1,1
274,43,99.15,350.32,21.14,59.62,1,1,1
274,45,127.63,367.70,12.80,28.71,1,1,1
274,46,150.72,347.25,23.56,64.00,1,1,1
274,47,170.93,343.66,25.36,69.26,1,1,1
274,50,82.45,345.40,28.97,71.31,1,1,1
274,52,106.09,349.49,15.23,59.90,1,1,1
275,3,1117.65,299.41,73.53,232.94,1,1,1
275,4,1084.12,315.29,85.29,206.47,1,1,1
275,7,643.56,327.56,58.22,171.56,1,1,1
275,8,519.50,331.48,46.52,103.34,1,1,1
275,10,959.36,298.40,84.49,198.93,1,1,1
275,11,449.73,321.39,77.01,180.21,1,1,1
275,15,1216.28,274.42,70.54,227.91,1,1,1
275,17,356.93,331.51,49.16,122.48,1,1,1
275,18,320.33,348.19,18.66,46.52,1,1,1
275,19,390.69,325.10,78.14,179.35,1,1,1
275,20,323.95,330.88,18.07,59.66,1,1,1
275,24,949.15,315.70,27.99,84.30,1,1,1
275,25,351.68,331.72,36.13,88.45,1,1,1
275,26,335.29,335.08,26.68,84.66,1,1,1
275,30,205.88,332.56,29.62,87.61,1,1,1
275,31,263.03,339.50,38.24,79.20,1,1,1
275,32,666.00,285.00,184.00,498.00,1,1,1
275,33,182.01,339.75,43.93,89.12,1,1,1
275,37,248.39,332.26,32.80,83.87,1,1,1
275,38,231.18,343.55,25.27,72.85,1,1,1
275,43,107.75,345.94,20.48,59.96,1,1,1
275,45,135.73,363.38,13.01,30.30,1,1,1
275,46,159.60,342.55,26.52,64.90,1,1,1
275,47,182.58,337.88,26.39,70.20,1,1,1
275,50,91.37,341.12,29.70,72.84,1,1,1
275,52,113.37,343.73,17.27,61.84,1,1,1
276,3,1118.67,295.11,82.67,233.78,1,1,1
276,4,1093.78,310.22,90.67,207.56,1,1,1
276,7,652.20,322.93,60.00,173.17,1,1,1
276,8,528.13,327.52,46.18,105.20,1,1,1
276,10,966.80,294.33,83.40,198.38,1,1,1
276,11,458.44,318.11,77.78,177.37,1,1,1
276,15,1226.89,271.43,84.03,226.89,1,1,1
276,17,363.60,328.51,48.25,121.05,1,1,1
276,18,329.66,339.76,16.82,50.76,1,1,1
276,19,395.72,322.99,80.75,177.54,1,1,1
276,20,331.41,327.94,22.63,61.89,1,1,1
276,24,955.81,312.40,28.68,83.72,1,1,1
276,25,360.28,328.64,30.02,88.45,1,1,1
276,26,342.03,330.72,29.33,86.84,1,1,1
276,30,213.20,326.80,28.66,88.45,1,1,1
276,31,271.55,336.08,39.38,76.49,1,1,1
276,32,677.01,279.21,180.46,498.85,1,1,1
276,33,191.96,335.26,40.41,90.10,1,1,1
276,37,256.17,328.35,30.71,83.73,1,1,1
276,38,236.75,340.42,29.66,72.70,1,1,1
276,43,116.60,342.09,19.57,61.26,1,1,1
276,45,145.32,360.69,12.02,29.74,1,1,1
276,46,168.11,342.81,25.13,59.79,1,1,1
276,47,191.16,333.45,20.97,69.50,1,1,1
276,50,100.28,337.05,28.13,72.70,1,1,1
276,52,121.71,341.57,16.86,59.12,1,1,1
277,3,1119.51,291.22,92.20,232.68,1,1,1
277,4,1099.02,308.29,88.29,207.32,1,1,1
277,7,667.56,321.78,58.67,163.56,1,1,1
277,8,540.98,324.46,47.71,102.75,1,1,1
277,10,975.48,291.61,82.58,196.77,1,1,1
277,11,459.56,314.22,86.67,176.00,1,1,1
277,15,1239.13,267.70,67.08,227.33,1,1,1
277,17,374.65,327.02,43.18,121.73,1,1,1
277,18,339.14,337.61,14.37,51.38,1,1,1
277,19,402.58,318.71,82.58,179.35,1,1,1
277,20,338.16,324.79,19.50,61.00,1,1,1
277,24,954.51,309.87,34.76,82.83,1,1,1
277,25,369.64,325.35,30.08,90.25,1,1,1
277,26,349.58,326.74,28.13,88.86,1,1,1
277,30,221.17,327.30,28.13,82.45,1,1,1
277,31,281.34,334.82,34.82,76.88,1,1,1
277,32,689.09,276.36,178.18,501.82,1,1,1
277,33,205.01,333.43,32.59,89.97,1,1,1
277,37,262.78,327.83,30.74,77.67,1,1,1
277,38,248.54,340.78,23.95,62.46,1,1,1
277,43,122.98,340.59,25.67,61.12,1,1,1
277,45,152.90,357.58,11.49,28.54,1,1,1
277,46,177.03,335.52,22.97,65.64,1,1,1
277,47,203.28,332.24,24.52,71.43,1,1,1
277,50,111.93,334.86,25.69,69.11,1,1,1
277,52,130.48,338.34,17.78,61.89,1,1,1
278,3,1122.35,289.41,97.65,232.94,1,1,1
278,4,1111.76,305.29,91.18,206.47,1,1,1
278,7,673.66,318.05,65.37,178.05,1,1,1
278,8,550.46,323.85,50.46,99.69,1,1,1
278,10,982.67,288.44,82.67,196.00,1,1,1
278,11,470.67,312.44,83.56,177.33,1,1,1
278,15,1249.43,263.79,74.14,228.74,1,1,1
278,17,382.30,324.78,44.54,119.17,1,1,1
278,18,348.32,333.03,20.80,51.99,1,1,1
278,19,412.20,316.59,81.46,179.02,1,1,1
278,20,347.79,322.71,21.53,62.54,1,1,1
278,24,961.41,308.05,31.54,74.83,1,1,1
278,25,379.65,324.48,28.61,86.43,1,1,1
278,26,359.29,323.89,27.43,87.32,1,1,1
278,30,225.96,326.25,30.97,83.19,1,1,1
278,31,289.38,333.92,37.46,74.93,1,1,1
278,32,700.96,275.96,175.00,502.88,1,1,1
278,33,212.98,333.63,36.58,87.02,1,1,1
278,37,270.89,325.95,28.16,76.27,1,1,1
278,38,256.09,335.56,23.63,65.63,1,1,1
278,43,132.37,337.59,22.66,62.41,1,1,1
278,45,161.57,355.35,11.10,31.12,1,1,1
278,46,185.39,334.51,23.00,64.68,1,1,1
278,47,211.91,328.69,19.76,69.82,1,1,1
278,50,120.18,332.42,26.30,69.42,1,1,1
278,52,139.95,337.88,14.78,60.97,1,1,1
279,3,1129.41,287.17,102.14,237.43,1,1,1
279,4,1122.46,304.81,89.30,208.02,1,1,1
279,7,681.33,317.78,64.89,176.44,1,1,1
279,8,560.15,322.14,46.86,101.48,1,1,1
279,10,990.28,287.04,83.40,200.81,1,1,1
279,11,484.21,310.53,74.90,178.54,1,1,1
279,15,1260.71,261.90,70.83,231.55,1,1,1
279,17,390.21,325.08,45.57,115.90,1,1,1
279,18,356.88,331.80,14.98,52.91,1,1,1
279,19,418.71,315.48,81.29,177.42,1,1,1
279,20,356.27,322.02,21.71,62.39,1,1,1
279,24,969.11,307.03,33.33,80.12,1,1,1
279,25,390.83,323.24,27.83,92.35,1,1,1
279,26,369.11,325.08,23.85,89.91,1,1,1
279,30,239.92,326.47,23.95,82.14,1,1,1
279,31,299.16,332.14,35.29,75.42,1,1,1
279,32,704.26,275.53,178.72,502.13,1,1,1
279,33,219.33,328.99,38.45,90.76,1,1,1
279,37,279.81,325.64,29.49,74.68,1,1,1
279,38,263.14,335.90,23.72,65.38,1,1,1
279,43,143.80,336.60,20.60,63.40,1,1,1
279,45,168.78,357.46,11.19,27.61,1,1,1
279,46,192.66,334.70,27.24,66.42,1,1,1
279,47,217.79,325.25,25.50,76.49,1,1,1
279,50,127.83,332.42,30.28,74.01,1,1,1
280,3,1132.62,287.70,108.56,234.76,1,1,1
280,4,1133.16,303.21,85.03,209.63,1,1,1
280,7,686.52,317.73,66.67,216.31,1,1,1
280,8,574.22,315.11,41.78,108.89,1,1,1
280,10,997.33,286.63,84.49,202.14,1,1,1
280,11,491.98,310.70,75.94,175.94,1,1,1
280,15,1267.44,261.24,78.29,231.78,1,1,1
280,17,399.64,327.05,42.70,111.39,1,1,1
280,18,364.71,337.97,14.97,48.66,1,1,1
280,19,425.81,316.77,81.94,177.42,1,1,1
280,20,361.92,322.06,18.51,64.77,1,1,1
280,24,976.52,307.29,30.36,83.00,1,1,1
280,25,396.44,323.49,31.67,85.05,1,1,1
280,26,377.94,325.27,21.71,84.34,1,1,1
280,30,241.35,326.60,30.13,79.49,1,1,1
280,31,306.41,331.09,35.90,82.05,1,1,1
280,32,712.38,278.10,180.00,504.76,1,1,1
280,33,228.85,329.17,35.58,90.38,1,1,1
280,37,285.54,323.55,27.69,84.30,1,1,1
280,38,269.83,335.54,19.01,60.74,1,1,1
280,43,149.81,335.60,20.04,61.09,1,1,1
280,45,175.44,355.73,12.22,31.17,1,1,1
280,46,200.51,335.02,23.40,64.48,1,1,1
280,47,224.24,333.50,20.88,67.34,1,1,1
280,50,135.63,331.98,29.55,70.45,1,1,1
280,52,158.63,335.28,14.21,61.42,1,1,1
281,3,1144.12,288.24,101.18,239.41,1,1,1
281,4,1143.53,304.12,76.47,214.12,1,1,1
281,7,692.94,318.82,68.24,194.71,1,1,1
281,8,582.19,320.24,32.79,104.86,1,1,1
281,10,1003.23,289.68,85.81,207.74,1,1,1
281,11,503.87,311.61,70.32,177.42,1,1,1
281,15,1280.23,263.95,76.16,233.14,1,1,1
281,17,406.71,328.19,40.94,112.42,1,1,1
281,18,371.66,340.11,14.97,54.01,1,1,1
281,19,431.71,317.56,80.98,178.54,1,1,1
281,20,369.13,322.48,16.11,68.79,1,1,1
281,24,989.78,308.44,22.67,75.11,1,1,1
281,25,402.35,325.50,29.53,88.93,1,1,1
281,26,381.88,324.83,28.19,89.26,1,1,1
281,30,249.16,330.04,28.36,75.42,1,1,1
281,31,314.08,334.45,33.61,75.84,1,1,1
281,32,723.81,282.86,175.24,502.86,1,1,1
281,33,237.18,330.25,36.34,93.07,1,1,1
281,37,291.74,326.86,28.93,80.99,1,1,1
281,38,276.86,335.12,25.21,62.81,1,1,1
281,43,157.32,339.25,19.63,59.81,1,1,1
281,45,181.80,357.81,12.88,28.99,1,1,1
281,46,209.02,334.46,23.51,65.54,1,1,1
281,47,234.46,333.33,20.77,67.79,1,1,1
281,50,140.37,335.47,33.03,70.64,1,1,1
281,52,163.91,338.53,17.13,59.94,1,1,1
282,3,1152.94,290.59,101.76,241.18,1,1,1
282,4,1145.29,302.35,81.76,211.18,1,1,1
282,7,700.00,319.49,74.58,205.93,1,1,1
282,8,590.00,320.00,36.47,108.82,1,1,1
282,10,1008.98,288.02,85.37,202.44,1,1,1
282,11,504.81,312.30,77.01,177.54,1,1,1
282,15,1289.21,263.31,69.78,235.25,1,1,1
282,17,404.00,327.11,44.89,121.33,1,1,1
282,19,434.84,317.42,75.48,176.13,1,1,1
282,20,372.44,325.33,20.44,62.22,1,1,1
282,23,706.67,318.22,24.89,73.78,1,1,1
282,24,992.49,310.98,23.12,73.99,1,1,1
282,25,405.33,326.67,28.89,86.67,1,1,1
282,26,387.56,328.44,26.22,84.89,1,1,1
282,30,254.32,329.53,28.41,81.62,1,1,1
282,31,319.78,334.82,35.38,75.77,1,1,1
282,32,729.29,282.83,173.74,504.04,1,1,1
282,33,244.57,330.92,30.08,90.81,1,1,1
282,37,296.98,324.50,28.19,85.57,1,1,1
282,38,279.53,334.56,32.89,75.50,1,1,1
282,43,161.43,339.49,24.48,59.58,1,1,1
282,45,185.71,357.86,14.52,23.69,1,1,1
282,46,214.83,340.22,23.82,59.33,1,1,1
282,47,237.98,334.61,25.84,65.84,1,1,1
282,50,148.62,335.78,27.22,63.00,1,1,1
282,52,168.50,339.45,17.74,59.02,1,1,1
283,3,1157.65,294.12,105.88,236.47,1,1,1
283,4,1150.59,307.06,79.41,210.59,1,1,1
283,7,706.47,318.24,63.53,180.59,1,1,1
283,10,1013.53,290.59,79.41,178.82,1,1,1
283,11,508.66,314.17,78.74,177.17,1,1,1
283,15,1296.55,265.52,71.26,235.06,1,1,1
283,17,408.91,328.74,40.89,99.60,1,1,1
283,19,433.53,317.65,90.59,177.06,1,1,1
283,20,374.49,326.32,22.67,61.94,1,1,1
283,24,995.63,313.66,28.96,74.32,1,1,1
283,25,409.31,329.96,25.10,80.97,1,1,1
283,26,391.90,330.36,25.10,79.76,1,1,1
283,30,254.43,329.97,30.89,81.96,1,1,1
283,31,319.57,335.78,30.89,67.28,1,1,1
283,32,732.32,283.84,169.70,502.02,1,1,1
283,33,243.46,340.51,32.49,84.39,1,1,1
283,37,296.33,331.80,33.03,78.90,1,1,1
283,38,278.22,340.89,31.56,72.00,1,1,1
283,43,166.97,343.88,21.71,52.42,1,1,1
283,45,185.47,361.26,16.10,30.24,1,1,1
283,46,217.58,340.11,22.80,61.81,1,1,1
283,47,238.19,335.99,18.96,65.93,1,1,1
283,50,156.57,343.12,21.10,55.05,1,1,1
283,52,174.83,344.11,14.78,52.19,1,1,1
284,3,1168.24,296.47,97.65,234.71,1,1,1
284,4,1162.35,308.24,68.82,212.94,1,1,1
284,7,711.22,323.41,64.39,177.07,1,1,1
284,10,1016.44,291.11,87.11,202.67,1,1,1
284,11,513.33,318.67,76.44,176.00,1,1,1
284,15,1302.99,265.67,70.90,237.31,1,1,1
284,17,409.47,330.36,49.58,122.28,1,1,1
284,19,444.19,319.38,82.95,179.07,1,1,1
284,20,381.62,328.69,18.11,61.28,1,1,1
284,22,593.04,325.91,28.41,65.74,1,1,1
284,23,714.21,323.68,18.94,57.10,1,1,1
284,24,993.29,314.77,30.87,84.56,1,1,1
284,25,415.88,330.36,28.13,85.52,1,1,1
284,26,396.10,333.15,26.74,81.89,1,1,1
284,30,260.72,332.59,28.69,85.79,1,1,1
284,31,328.41,338.44,34.26,76.04,1,1,1
284,32,738.38,285.86,172.73,504.04,1,1,1
284,33,250.98,336.60,35.95,89.54,1,1,1
284,37,304.74,331.20,25.91,81.62,1,1,1
284,38,284.96,340.95,26.18,73.26,1,1,1
284,43,169.96,344.54,19.54,63.24,1,1,1
284,45,188.13,361.55,17.25,28.64,1,1,1
284,46,218.51,336.23,27.53,71.20,1,1,1
284,47,247.63,335.28,19.78,70.09,1,1,1
284,50,155.11,338.67,30.67,72.00,1,1,1
284,52,177.44,344.57,11.98,61.84,1,1,1
285,3,1172.94,297.06,105.29,238.24,1,1,1
285,4,1168.24,311.18,67.06,211.76,1,1,1
285,7,720.32,324.60,61.50,179.68,1,1,1
285,10,1022.46,293.58,81.82,198.40,1,1,1
285,11,521.93,318.18,77.54,180.75,1,1,1
285,15,1308.24,267.06,80.00,239.41,1,1,1
285,17,420.56,335.03,39.59,100.25,1,1,1
285,19,445.99,321.39,81.28,179.14,1,1,1
285,20,384.26,329.19,21.32,68.53,1,1,1
285,23,719.54,324.11,25.38,83.76,1,1,1
285,24,995.95,314.98,34.01,76.92,1,1,1
285,25,422.34,331.73,29.19,88.83,1,1,1
285,26,403.05,333.76,28.93,86.55,1,1,1
285,30,265.48,336.55,31.47,83.25,1,1,1
285,31,334.77,340.10,28.93,71.57,1,1,1
285,32,738.89,286.11,175.93,508.33,1,1,1
285,33,258.00,344.00,31.33,84.00,1,1,1
285,37,304.89,333.78,31.56,81.78,1,1,1
285,38,284.89,345.33,31.56,68.89,1,1,1
285,43,176.88,344.01,24.79,55.43,1,1,1
285,45,201.72,363.67,10.33,21.80,1,1,1
285,46,225.24,337.48,26.58,69.22,1,1,1
285,47,255.45,337.48,25.81,70.36,1,1,1
285,50,165.18,342.91,28.34,59.51,1,1,1
285,52,183.60,344.34,17.55,54.97,1,1,1
286,3,1178.61,294.65,101.60,241.71,1,1,1
286,4,1171.66,310.16,59.89,217.65,1,1,1
286,7,722.94,323.53,60.59,174.71,1,1,1
286,10,1022.99,291.44,85.03,205.35,1,1,1
286,11,526.20,321.39,72.73,179.68,1,1,1
286,15,1316.20,269.72,75.35,237.32,1,1,1
286,17,418.67,331.56,47.11,118.22,1,1,1
286,19,450.32,322.58,76.77,179.35,1,1,1
286,20,387.11,328.00,22.22,65.78,1,1,1
286,22,596.77,324.52,25.16,71.61,1,1,1
286,23,718.67,322.22,20.00,60.00,1,1,1
286,24,998.15,314.76,32.47,76.38,1,1,1
286,25,426.22,330.67,33.78,92.89,1,1,1
286,26,408.89,332.44,22.22,81.78,1,1,1
286,30,269.11,334.86,27.52,83.18,1,1,1
286,31,336.39,341.28,31.50,74.62,1,1,1
286,32,740.40,286.87,175.76,510.10,1,1,1
286,33,261.18,343.04,35.02,84.39,1,1,1
286,37,308.86,328.78,29.52,86.72,1,1,1
286,38,288.93,340.22,26.94,70.85,1,1,1
286,43,176.90,342.89,21.57,56.09,1,1,1
286,45,199.42,361.44,13.53,26.19,1,1,1
286,46,226.96,335.29,28.19,71.81,1,1,1
286,47,258.82,329.66,26.47,77.45,1,1,1
286,50,164.44,340.89,25.78,60.44,1,1,1
286,52,185.76,343.35,13.92,56.01,1,1,1
287,3,1184.12,295.88,95.88,241.18,1,1,1
287,4,1178.24,312.94,52.35,212.35,1,1,1
287,7,724.06,326.20,54.55,159.36,1,1,1
287,10,1021.93,295.72,87.70,204.81,1,1,1
287,11,529.41,323.53,70.59,177.54,1,1,1
287,15,1318.60,270.54,75.19,239.53,1,1,1
287,17,419.04,332.49,45.69,123.10,1,1,1
287,19,450.00,323.53,81.76,178.82,1,1,1
287,20,387.06,328.43,22.59,71.32,1,1,1
287,22,601.48,326.94,21.40,68.27,1,1,1
287,23,719.80,326.14,21.32,59.39,1,1,1
287,24,1011.74,316.60,21.86,83.00,1,1,1
287,25,427.66,331.98,21.83,85.53,1,1,1
287,26,407.61,335.79,21.83,81.73,1,1,1
287,30,265.99,331.22,32.23,92.89,1,1,1
287,31,338.32,341.12,32.74,75.89,1,1,1
287,32,741.38,287.25,179.31,504.60,1,1,1
287,33,258.68,337.72,38.32,89.82,1,1,1
287,37,309.62,330.96,27.20,85.77,1,1,1
287,38,288.28,342.68,26.36,72.80,1,1,1
287,43,174.68,344.62,26.90,59.18,1,1,1
287,45,198.54,363.83,17.13,27.55,1,1,1
287,46,228.42,338.01,28.25,66.10,1,1,1
287,47,258.56,332.02,21.92,73.12,1,1,1
287,50,165.31,340.22,27.68,66.42,1,1,1
287,52,184.82,344.50,17.02,59.42,1,1,1
288,3,1185.85,299.51,93.17,240.00,1,1,1
288,4,1181.46,313.66,48.29,214.15,1,1,1
288,7,722.22,328.70,64.81,183.33,1,1,1
288,10,1021.93,297.33,90.37,201.07,1,1,1
288,11,531.55,323.53,71.66,176.47,1,1,1
288,15,1324.62,273.08,73.08,236.15,1,1,1
288,17,418.04,331.80,49.24,121.71,1,1,1
288,19,452.94,324.06,79.14,179.68,1,1,1
288,20,391.44,330.28,21.41,63.30,1,1,1
288,22,602.58,327.68,25.09,67.16,1,1,1
288,23,720.49,327.22,20.80,52.29,1,1,1
288,24,1011.11,318.22,26.22,84.44,1,1,1
288,25,429.66,331.19,23.55,86.85,1,1,1
288,26,408.87,335.78,25.99,81.04,1,1,1
288,30,262.82,333.72,34.18,89.15,1,1,1
288,31,340.42,340.18,32.33,77.37,1,1,1
288,32,743.93,287.85,176.64,500.93,1,1,1
288,33,259.90,337.28,38.56,93.83,1,1,1
288,37,309.80,331.02,29.80,85.71,1,1,1
288,38,289.80,343.27,27.35,73.88,1,1,1
288,43,177.53,346.07,23.60,59.27,1,1,1
288,45,198.12,364.83,18.67,28.22,1,1,1
288,46,229.44,337.30,27.42,68.55,1,1,1
288,47,256.65,338.71,31.85,69.56,1,1,1
288,50,167.13,339.83,25.63,66.85,1,1,1
288,52,187.76,344.34,14.09,61.43,1,1,1
289,3,1187.17,300.53,91.98,240.64,1,1,1
289,4,1183.96,313.37,50.80,216.04,1,1,1
289,7,727.10,327.10,61.29,162.58,1,1,1
289,10,1023.87,296.77,92.90,200.65,1,1,1
289,11,527.32,323.41,77.07,177.07,1,1,1
289,15,1331.16,273.19,70.29,236.23,1,1,1
289,17,418.33,332.48,52.73,122.51,1,1,1
289,19,456.00,325.33,84.44,178.67,1,1,1
289,20,394.33,331.09,20.59,64.92,1,1,1
289,22,604.28,328.75,19.57,66.67,1,1,1
289,23,724.79,327.73,13.45,51.05,1,1,1
289,24,1013.64,319.48,31.17,87.01,1,1,1
289,25,431.51,330.23,30.55,82.96,1,1,1
289,26,410.93,336.33,25.08,76.53,1,1,1
289,30,268.94,334.36,29.52,81.72,1,1,1
289,31,342.73,340.09,33.92,76.43,1,1,1
289,32,743.33,284.44,181.11,500.00,1,1,1
289,33,262.78,339.65,40.53,90.75,1,1,1
289,37,315.11,332.44,24.44,85.33,1,1,1
289,38,297.78,342.22,24.00,75.11,1,1,1
289,43,183.01,345.13,20.61,60.72,1,1,1
289,45,200.26,364.14,18.98,29.58,1,1,1
289,46,232.00,338.18,31.09,70.18,1,1,1
289,47,260.73,336.36,25.82,70.91,1,1,1
289,50,167.61,342.11,29.15,70.04,1,1,1
289,52,189.14,345.13,16.16,60.72,1,1,1
290,3,1189.84,301.07,90.91,242.25,1,1,1
290,4,1185.83,312.55,65.99,216.19,1,1,1
290,7,729.27,328.78,67.32,173.66,1,1,1
290,10,1018.64,298.31,97.46,201.69,1,1,1
290,11,529.55,324.70,76.92,176.52,1,1,1
290,15,1333.01,272.82,71.84,237.86,1,1,1
290,17,418.71,333.03,54.04,122.86,1,1,1
290,19,458.22,325.78,83.11,181.78,1,1,1
290,20,395.15,330.95,18.24,63.05,1,1,1
290,22,603.36,327.83,26.91,67.89,1,1,1
290,23,724.94,327.25,15.01,51.96,1,1,1
290,24,1015.29,317.65,26.47,84.12,1,1,1
290,25,432.33,330.95,31.87,81.52,1,1,1
290,26,411.78,335.10,27.25,77.83,1,1,1
290,30,270.21,333.49,28.41,82.68,1,1,1
290,31,344.57,339.95,34.87,77.60,1,1,1
290,32,741.86,284.84,187.21,504.65,1,1,1
290,33,264.86,339.86,39.19,91.22,1,1,1
290,37,314.83,331.36,26.69,85.59,1,1,1
290,38,298.40,341.67,21.47,77.24,1,1,1
290,43,182.85,345.89,21.50,62.32,1,1,1
290,45,201.74,364.43,17.54,29.10,1,1,1
290,46,234.03,342.78,24.33,64.26,1,1,1
290,47,257.41,335.93,37.26,73.19,1,1,1
290,50,169.72,341.90,29.97,69.11,1,1,1
290,52,193.04,344.35,12.17,63.65,1,1,1
291,3,1193.66,301.46,92.20,241.95,1,1,1
291,4,1187.58,312.08,57.38,217.79,1,1,1
291,7,730.48,327.27,62.57,176.47,1,1,1
291,10,1017.80,300.85,99.15,200.00,1,1,1
291,11,532.44,324.44,76.00,177.33,1,1,1
291,15,1335.48,270.97,75.48,241.94,1,1,1
291,17,418.46,333.56,54.70,122.15,1,1,1
291,19,458.82,328.34,83.96,177.54,1,1,1
291,20,396.31,331.54,20.47,63.42,1,1,1
291,22,604.03,327.85,24.50,67.79,1,1,1
291,23,725.84,327.52,14.43,49.33,1,1,1
291,24,1016.36,318.69,24.77,82.24,1,1,1
291,25,434.23,330.20,31.21,79.53,1,1,1
291,26,414.09,334.90,20.81,74.83,1,1,1
291,30,273.10,334.01,27.16,82.99,1,1,1
291,31,346.19,339.09,34.77,79.19,1,1,1
291,32,743.52,283.33,187.04,507.41,1,1,1
291,33,265.48,339.59,39.59,91.37,1,1,1
291,37,315.90,331.80,27.52,85.63,1,1,1
291,38,298.17,343.12,25.99,75.23,1,1,1
291,43,184.30,346.88,20.32,61.89,1,1,1
291,45,202.96,364.70,17.91,29.57,1,1,1
291,46,235.13,342.26,25.91,64.35,1,1,1
291,47,262.43,338.78,21.57,70.78,1,1,1
291,50,170.34,341.28,31.50,71.25,1,1,1
291,52,191.65,342.78,16.00,66.09,1,1,1
292,3,1190.00,300.59,95.88,245.88,1,1,1
292,4,1191.18,314.12,48.82,216.47,1,1,1
292,7,731.56,327.56,63.56,180.89,1,1,1
292,10,1017.78,300.89,97.78,199.56,1,1,1
292,11,531.56,324.89,78.22,175.56,1,1,1
292,15,1340.29,273.38,74.82,238.85,1,1,1
292,17,417.64,333.47,53.71,122.24,1,1,1
292,19,459.78,327.31,83.76,178.60,1,1,1
292,20,397.19,331.46,19.04,68.94,1,1,1
292,22,597.72,328.43,35.28,68.27,1,1,1
292,23,726.60,327.66,13.56,49.20,1,1,1
292,24,1016.97,318.82,28.78,82.29,1,1,1
292,25,432.87,330.86,32.26,85.37,1,1,1
292,26,413.43,333.27,26.05,82.97,1,1,1
292,30,270.54,333.87,25.05,78.96,1,1,1
292,31,345.49,339.28,35.87,76.35,1,1,1
292,32,740.00,281.82,192.73,510.91,1,1,1
292,33,265.68,337.29,39.41,94.49,1,1,1
292,37,316.02,332.81,26.95,84.38,1,1,1
292,38,296.09,342.97,26.56,69.92,1,1,1
292,43,184.37,346.02,20.06,61.36,1,1,1
292,45,203.21,363.97,17.56,31.60,1,1,1
292,46,237.71,339.08,25.80,68.24,1,1,1
292,47,259.85,338.63,23.82,70.38,1,1,1
292,50,169.42,342.51,30.89,70.95,1,1,1
292,52,190.55,345.17,16.39,62.39,1,1,1
293,3,1190.91,300.00,97.33,244.39,1,1,1
293,4,1187.45,316.97,56.46,212.18,1,1,1
293,7,731.18,327.65,62.35,177.65,1,1,1
293,10,1022.03,300.85,93.22,198.31,1,1,1
293,11,531.76,322.94,77.65,178.82,1,1,1
293,15,1345.56,271.60,74.56,242.01,1,1,1
293,17,416.83,334.61,55.45,120.46,1,1,1
293,19,460.32,327.13,82.19,178.54,1,1,1
293,20,397.90,331.74,17.97,64.44,1,1,1
293,22,598.22,327.41,32.74,68.78,1,1,1
293,23,726.14,327.41,13.20,51.52,1,1,1
293,24,1017.07,318.54,31.22,84.88,1,1,1
293,25,431.93,330.78,35.95,80.50,1,1,1
293,26,414.53,332.50,26.20,78.59,1,1,1
293,30,270.36,333.46,28.49,86.42,1,1,1
293,31,347.99,340.54,32.89,78.78,1,1,1
293,32,737.14,281.90,197.14,517.14,1,1,1
293,33,265.94,336.96,39.49,97.46,1,1,1
293,37,313.60,331.73,30.31,86.69,1,1,1
293,38,288.95,343.06,30.31,77.62,1,1,1
293,43,181.22,346.48,23.00,61.74,1,1,1
293,45,203.60,364.71,17.04,30.09,1,1,1
293,46,235.42,338.75,29.69,71.77,1,1,1
293,47,262.05,336.88,21.97,71.37,1,1,1
293,50,169.08,340.39,31.20,74.37,1,1,1
293,52,188.58,343.45,17.55,65.18,1,1,1
294,3,1194.71,299.41,94.71,247.06,1,1,1
294,4,1186.23,315.38,61.94,212.55,1,1,1
294,7,734.76,327.81,59.89,180.75,1,1,1
294,10,1022.03,300.00,94.07,200.00,1,1,1
294,11,532.79,322.67,78.95,175.71,1,1,1
294,15,1348.54,269.90,74.76,243.69,1,1,1
294,17,418.02,332.75,55.16,120.22,1,1,1
294,19,461.25,326.57,83.03,179.70,1,1,1
294,20,398.46,332.31,18.90,64.62,1,1,1
294,22,602.04,328.06,37.24,67.35,1,1,1
294,23,725.66,327.99,13.99,48.98,1,1,1
294,24,1015.46,320.62,22.16,82.47,1,1,1
294,25,436.70,330.99,30.99,82.42,1,1,1
294,26,415.60,332.75,25.05,80.88,1,1,1
294,30,269.45,333.85,31.65,79.56,1,1,1
294,31,350.33,339.56,33.19,76.48,1,1,1
294,32,735.64,280.20,199.01,518.81,1,1,1
294,33,267.07,335.65,39.27,98.49,1,1,1
294,37,315.60,333.69,27.30,82.98,1,1,1
294,38,289.72,346.10,29.08,67.02,1,1,1
294,43,184.80,346.93,21.33,60.53,1,1,1
294,45,202.87,364.75,17.85,28.29,1,1,1
294,46,236.01,342.66,29.95,65.81,1,1,1
294,47,265.05,338.43,20.88,70.20,1,1,1
294,50,170.85,341.30,29.15,71.26,1,1,1
294,52,189.56,344.15,17.88,63.77,1,1,1
295,3,1192.94,297.65,99.41,248.24,1,1,1
295,4,1188.56,316.97,60.89,215.13,1,1,1
295,7,736.77,326.45,58.06,182.58,1,1,1
295,10,1022.70,302.13,92.91,197.87,1,1,1
295,11,532.84,321.40,80.81,176.75,1,1,1
295,15,1354.91,270.52,73.41,243.35,1,1,1
295,17,418.78,334.01,55.08,118.27,1,1,1
295,18,406.71,341.95,11.41,45.64,1,1,1
295,19,463.96,325.13,81.50,179.69,1,1,1
295,20,397.72,331.47,20.81,61.93,1,1,1
295,22,601.27,328.43,33.25,65.74,1,1,1
295,23,726.40,328.43,12.44,49.49,1,1,1
295,24,1017.29,315.79,28.20,86.47,1,1,1
295,25,437.56,330.20,31.98,82.23,1,1,1
295,26,416.24,332.74,25.13,79.70,1,1,1
295,30,273.60,332.99,25.89,86.55,1,1,1
295,31,349.75,339.34,35.53,77.41,1,1,1
295,32,736.08,283.51,201.03,516.49,1,1,1
295,33,267.70,335.41,40.08,97.67,1,1,1
295,37,314.60,331.99,28.88,86.34,1,1,1
295,38,288.51,345.65,30.12,71.43,1,1,1
295,43,186.82,346.95,19.94,58.20,1,1,1
295,45,204.34,365.92,17.85,29.74,1,1,1
295,46,240.19,342.93,27.49,64.63,1,1,1
295,47,263.50,336.98,24.60,70.42,1,1,1
295,50,172.32,341.33,28.78,71.96,1,1,1
295,52,193.12,345.12,16.44,60.61,1,1,1
296,3,1193.58,298.40,101.07,245.45,1,1,1
296,4,1189.26,316.11,61.74,215.77,1,1,1
296,7,738.30,326.24,57.45,181.56,1,1,1
296,10,1020.65,300.65,92.26,199.35,1,1,1
296,11,535.48,321.29,80.65,176.13,1,1,1
296,15,1355.48,268.49,74.66,245.89,1,1,1
296,17,419.30,331.01,53.01,122.15,1,1,1
296,18,404.59,342.81,15.90,46.79,1,1,1
296,19,461.94,325.10,84.62,180.16,1,1,1
296,20,399.21,331.33,19.46,63.45,1,1,1
296,22,602.02,327.94,34.41,65.59,1,1,1
296,23,723.85,327.52,15.60,55.05,1,1,1
296,24,1010.48,313.81,35.71,85.24,1,1,1
296,25,439.87,331.49,28.96,82.75,1,1,1
296,26,416.30,333.23,27.06,81.01,1,1,1
296,30,270.73,333.54,32.44,84.97,1,1,1
296,31,352.53,340.03,33.54,76.27,1,1,1
296,32,734.44,284.44,204.44,518.89,1,1,1
296,33,267.43,336.57,41.14,93.71,1,1,1
296,37,314.43,333.89,26.85,83.89,1,1,1
296,38,288.93,346.31,31.54,72.82,1,1,1
296,43,186.34,346.85,20.80,59.03,1,1,1
296,45,203.99,366.18,16.60,26.26,1,1,1
296,46,238.45,341.61,29.59,66.61,1,1,1
296,47,263.61,336.87,23.89,71.52,1,1,1
296,50,172.14,340.39,28.13,72.70,1,1,1
296,52,196.35,346.43,12.70,59.30,1,1,1
297,3,1194.57,298.45,103.10,248.06,1,1,1
297,4,1191.11,316.00,69.78,215.56,1,1,1
297,7,739.27,326.32,58.70,181.78,1,1,1
297,10,1019.51,300.49,94.15,199.02,1,1,1
297,11,532.39,320.65,83.81,178.54,1,1,1
297,15,1359.84,270.87,76.38,244.88,1,1,1
297,17,420.81,331.98,50.76,122.84,1,1,1
297,18,404.06,342.07,20.30,49.08,1,1,1
297,19,464.17,324.60,83.42,178.61,1,1,1
297,20,400.00,331.98,19.54,63.96,1,1,1
297,22,604.36,328.19,31.21,63.76,1,1,1
297,23,723.10,326.40,16.50,51.52,1,1,1
297,24,1017.86,319.39,25.51,85.20,1,1,1
297,25,440.61,334.01,32.23,91.12,1,1,1
297,26,413.45,334.52,28.43,90.61,1,1,1
297,30,273.80,334.42,27.92,86.04,1,1,1
297,31,352.39,339.77,34.61,76.29,1,1,1
297,32,736.90,284.90,204.76,520.24,1,1,1
297,33,268.33,336.67,40.00,95.00,1,1,1
297,37,312.53,333.87,30.13,83.47,1,1,1
297,38,285.87,344.00,34.93,76.00,1,1,1
297,43,186.84,347.17,20.11,57.40,1,1,1
297,45,202.74,367.64,18.46,25.78,1,1,1
297,46,237.84,344.97,28.88,62.34,1,1,1
297,47,262.89,336.56,26.87,71.66,1,1,1
297,50,172.48,342.20,27.83,73.09,1,1,1
297,52,194.42,345.94,12.44,58.63,1,1,1
298,3,1196.12,298.45,102.33,249.61,1,1,1
298,4,1195.72,316.04,75.40,218.72,1,1,1
298,7,741.71,327.27,59.36,183.42,1,1,1
298,10,1018.44,301.42,93.62,197.87,1,1,1
298,11,533.20,321.05,86.23,179.35,1,1,1
298,15,1365.94,268.12,74.64,247.10,1,1,1
298,17,423.09,333.49,49.88,121.71,1,1,1
298,18,408.29,343.90,20.98,48.29,1,1,1
298,19,462.75,324.29,87.85,179.35,1,1,1
298,20,401.62,332.79,15.70,60.05,1,1,1
298,22,602.45,329.97,33.33,62.39,1,1,1
298,23,725.69,330.58,15.90,55.66,1,1,1
298,24,1019.23,316.67,29.49,91.88,1,1,1
298,25,441.57,333.49,31.41,85.91,1,1,1
298,26,418.01,335.10,25.17,83.83,1,1,1
298,30,277.83,334.87,28.41,83.60,1,1,1
298,31,354.04,340.88,35.33,77.14,1,1,1
298,32,740.62,286.46,204.17,523.96,1,1,1
298,33,270.83,336.46,36.46,97.92,1,1,1
298,37,310.80,334.51,34.04,85.21,1,1,1
298,38,288.79,346.42,33.64,71.65,1,1,1
298,43,188.03,348.83,19.95,58.45,1,1,1
298,45,203.22,368.76,11.92,34.14,1,1,1
298,46,241.22,345.09,26.57,62.32,1,1,1
298,47,262.32,338.00,24.15,71.82,1,1,1
298,50,175.49,342.90,25.35,67.97,1,1,1
298,52,195.73,345.73,14.40,61.55,1,1,1
299,3,1197.86,298.93,103.74,249.20,1,1,1
299,4,1198.48,318.94,71.97,216.67,1,1,1
299,7,741.09,327.13,58.14,186.05,1,1,1
299,10,1014.89,300.71,95.74,202.13,1,1,1
299,11,530.77,320.65,86.23,179.35,1,1,1
299,15,1369.29,270.08,74.80,245.67,1,1,1
299,17,421.64,332.77,50.42,123.11,1,1,1
299,18,406.38,343.96,21.14,44.97,1,1,1
299,19,463.56,324.29,84.62,178.95,1,1,1
299,20,400.84,332.98,19.12,57.98,1,1,1
299,22,598.89,329.81,37.60,63.79,1,1,1
299,23,722.48,331.72,18.70,44.96,1,1,1
299,24,1018.22,321.50,25.23,80.37,1,1,1
299,25,442.44,335.08,34.66,88.24,1,1,1
299,26,417.65,335.08,27.31,88.66,1,1,1
299,30,275.63,334.45,29.41,85.92,1,1,1
299,31,354.83,341.60,35.08,76.89,1,1,1
299,32,742.55,291.49,205.32,520.21,1,1,1
299,33,267.44,338.24,42.23,95.59,1,1,1
299,37,314.25,335.51,29.23,82.85,1,1,1
299,38,290.58,346.38,28.26,75.85,1,1,1
299,41,272.55,338.73,20.00,71.09,1,1,1
299,43,188.00,346.73,20.18,60.55,1,1,1
299,45,203.45,368.36,13.64,29.45,1,1,1
299,46,242.73,342.73,23.45,65.64,1,1,1
299,47,264.18,338.00,20.91,70.00,1,1,1
299,50,174.01,343.12,28.75,69.42,1,1,1
299,52,198.85,343.88,10.85,63.74,1,1,1
300,3,1203.21,298.93,102.67,252.41,1,1,1
300,4,1197.65,319.80,71.14,217.11,1,1,1
300,7,745.16,327.74,56.77,187.10,1,1,1
300,10,1019.49,303.39,92.37,197.46,1,1,1
300,11,533.58,321.77,86.35,178.23,1,1,1
300,15,1372.55,268.63,73.53,247.06,1,1,1
300,17,421.32,334.52,49.24,122.34,1,1,1
300,18,409.40,342.62,16.11,51.01,1,1,1
300,19,467.80,323.90,81.46,179.51,1,1,1
300,20,402.03,332.23,18.27,61.93,1,1,1
300,22,604.03,328.86,32.89,66.44,1,1,1
300,23,725.63,330.20,14.47,46.95,1,1,1
300,24,1020.93,323.26,23.26,80.62,1,1,1
300,25,437.31,333.50,35.79,92.39,1,1,1
300,26,417.51,334.26,29.70,91.12,1,1,1
300,30,275.38,335.28,28.17,86.29,1,1,1
300,31,354.06,342.13,37.06,76.65,1,1,1
300,32,744.33,291.75,205.15,523.71,1,1,1
300,33,267.26,338.07,41.12,97.21,1,1,1
300,37,314.69,337.01,29.94,82.49,1,1,1
300,38,293.79,346.05,24.29,75.14,1,1,1
300,39,311.30,339.27,38.42,70.62,1,1,1
300,41,272.82,341.17,19.42,68.16,1,1,1
300,43,188.93,347.77,18.64,61.17,1,1,1
300,45,204.66,367.57,12.04,32.23,1,1,1
300,46,243.30,344.66,26.02,65.05,1,1,1
300,47,263.50,337.28,23.11,72.82,1,1,1
300,50,171.56,342.20,29.36,75.84,1,1,1
300,52,196.77,344.34,15.24,65.13,1,1,1
301,3,1208.29,299.51,101.46,254.15,1,1,1
301,4,1196.94,321.71,72.48,215.60,1,1,1
301,7,747.80,327.32,60.00,188.29,1,1,1
301,10,1015.25,301.69,98.31,200.00,1,1,1
301,11,537.65,323.08,81.78,175.30,1,1,1
301,15,1375.74,269.85,75.74,249.26,1,1,1
301,17,422.86,336.00,50.00,121.71,1,1,1
301,18,410.73,343.90,18.05,52.20,1,1,1
301,19,467.11,324.89,83.11,181.78,1,1,1
301,20,402.08,333.03,18.01,67.44,1,1,1
301,22,601.22,331.19,32.72,62.69,1,1,1
301,23,722.86,327.94,16.63,50.58,1,1,1
301,24,1018.97,318.97,26.72,107.76,1,1,1
301,25,446.29,333.14,30.86,95.71,1,1,1
301,26,419.43,336.86,28.00,91.71,1,1,1
301,30,280.86,336.29,24.57,87.71,1,1,1
301,31,354.86,343.14,38.00,74.29,1,1,1
301,32,751.04,292.71,203.12,525.00,1,1,1
301,33,266.86,340.86,44.29,96.86,1,1,1
301,37,312.15,338.01,30.53,83.49,1,1,1
301,38,296.15,348.08,23.08,72.86,1,1,1
301,39,322.01,340.60,28.85,72.44,1,1,1
301,41,271.58,342.52,22.01,67.09,1,1,1
301,43,186.75,347.86,22.65,61.97,1,1,1
301,45,204.70,367.09,12.82,29.91,1,1,1
301,46,243.38,345.09,25.64,63.68,1,1,1
301,47,263.03,339.32,23.08,68.59,1,1,1
301,50,173.15,343.96,28.86,71.48,1,1,1
301,52,194.63,347.32,17.79,62.75,1,1,1
302,3,1210.08,300.00,104.65,257.36,1,1,1
302,4,1201.46,322.93,67.80,221.95,1,1,1
302,7,748.58,328.34,60.73,195.14,1,1,1
302,10,1023.15,302.78,89.81,200.93,1,1,1
302,11,537.97,326.20,84.49,177.01,1,1,1
302,15,1381.44,272.16,76.29,251.55,1,1,1
302,17,423.35,336.80,50.25,120.81,1,1,1
302,18,413.28,343.54,15.13,53.14,1,1,1
302,19,468.63,326.20,82.29,182.29,1,1,1
302,20,404.06,333.25,17.26,64.72,1,1,1
302,22,602.03,331.22,27.16,61.93,1,1,1
302,23,724.87,328.68,16.50,49.24,1,1,1
302,25,449.24,332.74,28.17,86.04,1,1,1
302,26,421.07,336.80,27.92,82.49,1,1,1
302,30,279.70,337.06,27.66,82.23,1,1,1
302,31,355.58,342.13,37.56,76.14,1,1,1
302,32,756.70,294.85,201.03,529.90,1,1,1
302,33,268.78,341.37,42.64,96.45,1,1,1
302,37,310.11,338.20,34.08,80.15,1,1,1
302,38,298.20,348.07,21.08,76.86,1,1,1
302,39,320.78,340.39,30.68,68.74,1,1,1
302,41,273.01,339.61,21.94,68.35,1,1,1
302,43,187.96,347.77,21.55,59.81,1,1,1
302,45,203.69,365.05,14.76,35.92,1,1,1
302,46,246.02,346.41,24.08,60.00,1,1,1
302,47,265.63,338.64,17.48,69.13,1,1,1
302,50,174.93,343.45,27.86,71.59,1,1,1
302,52,199.04,347.42,14.15,60.42,1,1,1
303,3,1219.47,302.65,96.46,253.98,1,1,1
303,4,1203.81,323.73,68.64,217.80,1,1,1
303,7,751.22,329.27,62.93,196.10,1,1,1
303,10,1024.07,300.93,92.59,204.63,1,1,1
303,11,540.08,327.13,83.81,176.11,1,1,1
303,15,1387.30,270.63,75.40,253.97,1,1,1
303,17,424.62,336.80,51.78,122.34,1,1,1
303,18,414.17,344.13,18.62,48.99,1,1,1
303,19,470.85,327.68,81.55,179.70,1,1,1
303,20,406.85,333.76,15.99,63.45,1,1,1
303,22,602.79,330.71,30.46,66.75,1,1,1
303,23,729.44,331.73,12.69,43.65,1,1,1
303,25,450.51,334.01,28.17,79.44,1,1,1
303,26,422.08,337.31,28.93,76.65,1,1,1
303,30,281.47,337.31,26.14,84.01,1,1,1
303,31,357.11,342.89,32.23,80.46,1,1,1
303,32,758.62,295.30,205.75,528.74,1,1,1
303,33,270.56,340.61,42.64,98.22,1,1,1
303,37,313.92,338.29,30.70,83.86,1,1,1
303,38,297.83,348.26,22.83,75.22,1,1,1
303,39,323.91,343.70,27.61,70.00,1,1,1
303,41,273.48,340.65,25.22,70.00,1,1,1
303,43,190.00,349.35,21.09,59.57,1,1,1
303,45,205.87,368.04,15.00,31.74,1,1,1
303,46,250.00,346.09,20.87,60.22,1,1,1
303,47,265.87,339.35,25.00,70.87,1,1,1
303,50,175.63,344.67,29.19,73.35,1,1,1
303,52,201.78,349.24,12.94,59.39,1,1,1
304,3,1224.52,305.16,94.84,254.19,1,1,1
304,4,1206.88,323.89,67.61,219.84,1,1,1
304,7,755.06,331.17,63.56,183.40,1,1,1
304,10,1029.66,304.24,88.14,205.08,1,1,1
304,11,545.57,327.52,81.35,178.29,1,1,1
304,15,1392.17,271.30,76.52,256.52,1,1,1
304,17,429.74,335.57,49.27,122.16,1,1,1
304,18,417.83,345.68,16.71,48.19,1,1,1
304,19,473.26,326.74,82.35,182.35,1,1,1
304,20,407.29,334.99,15.45,63.85,1,1,1
304,22,604.43,332.84,24.72,63.47,1,1,1
304,25,450.15,333.82,30.32,93.00,1,1,1
304,26,426.24,340.52,27.41,86.01,1,1,1
304,30,285.42,335.86,28.57,90.96,1,1,1
304,31,360.06,344.02,37.90,75.51,1,1,1
304,32,767.62,296.19,199.05,521.90,1,1,1
304,33,271.43,341.96,39.73,95.98,1,1,1
304,37,314.69,340.72,32.47,81.96,1,1,1
304,38,296.64,350.09,25.13,75.58,1,1,1
304,39,320.71,343.54,33.45,68.67,1,1,1
304,41,277.17,343.19,18.76,67.26,1,1,1
304,43,195.22,348.67,18.41,60.00,1,1,1
304,45,210.44,370.09,16.11,27.79,1,1,1
304,46,251.15,345.13,23.19,64.60,1,1,1
304,47,272.21,342.30,20.00,66.02,1,1,1
304,50,178.29,345.26,29.05,72.17,1,1,1
304,52,204.18,348.75,11.70,60.45,1,1,1
305,3,1227.12,307.63,100.85,253.39,1,1,1
305,4,1211.76,326.47,65.88,217.06,1,1,1
305,7,759.56,332.00,64.00,186.67,1,1,1
305,10,1027.78,304.63,88.89,201.85,1,1,1
305,11,547.97,328.41,83.76,178.97,1,1,1
305,15,1398.10,272.38,79.05,255.24,1,1,1
305,17,434.82,336.77,42.06,121.73,1,1,1
305,18,420.33,346.52,18.94,46.24,1,1,1
305,19,475.29,327.65,84.71,180.00,1,1,1
305,20,410.03,334.82,16.16,62.12,1,1,1
305,22,605.67,333.20,25.91,65.59,1,1,1
305,25,453.76,333.43,30.92,94.99,1,1,1
305,26,428.69,338.44,28.41,89.14,1,1,1
305,30,287.74,337.60,29.53,86.91,1,1,1
305,31,359.89,344.29,30.64,73.82,1,1,1
305,32,771.50,292.75,201.25,522.50,1,1,1
305,33,272.70,343.18,40.95,95.82,1,1,1
305,37,315.07,340.75,34.59,82.53,1,1,1
305,38,298.20,348.97,24.48,81.96,1,1,1
305,39,326.85,344.55,28.99,68.48,1,1,1
305,41,277.82,343.19,21.21,68.48,1,1,1
305,43,196.50,351.95,19.26,56.81,1,1,1
305,45,212.45,371.21,13.62,27.04,1,1,1
305,46,249.81,342.41,23.15,67.32,1,1,1
305,47,268.09,343.77,21.40,66.73,1,1,1
305,50,182.99,346.19,24.11,66.75,1,1,1
305,52,204.57,350.51,14.21,57.87,1,1,1
306,3,1235.29,308.56,100.53,252.41,1,1,1
306,4,1215.51,324.60,60.96,219.79,1,1,1
306,5,639.75,340.17,33.47,95.82,1,1,1
306,7,763.56,333.33,64.00,188.89,1,1,1
306,10,1032.56,304.65,89.15,206.20,1,1,1
306,11,549.78,328.89,84.89,178.67,1,1,1
306,15,1404.17,272.92,79.17,255.21,1,1,1
306,17,442.06,337.88,39.55,120.06,1,1,1
306,18,424.46,346.79,16.21,48.32,1,1,1
306,19,478.54,328.74,82.59,181.78,1,1,1
306,20,412.26,335.93,15.60,62.40,1,1,1
306,22,608.36,333.70,27.30,66.57,1,1,1
306,25,453.20,333.70,35.65,94.43,1,1,1
306,26,430.36,339.83,24.79,86.63,1,1,1
306,30,294.43,337.05,28.13,87.74,1,1,1
306,31,364.35,344.29,37.60,74.09,1,1,1
306,32,779.09,292.73,200.00,512.73,1,1,1
306,33,277.44,342.90,39.55,96.94,1,1,1
306,37,319.09,341.10,33.01,82.85,1,1,1
306,38,299.27,351.59,22.74,74.57,1,1,1
306,39,333.87,343.41,23.33,67.75,1,1,1
306,41,283.57,343.81,20.49,68.76,1,1,1
306,43,197.64,349.58,21.11,60.00,1,1,1
306,45,216.81,370.97,13.61,26.81,1,1,1
306,46,251.25,342.36,27.92,68.61,1,1,1
306,47,275.14,343.33,22.22,67.64,1,1,1
306,50,183.83,345.96,28.87,71.82,1,1,1
306,52,207.95,348.32,14.37,60.24,1,1,1
307,3,1240.98,307.32,100.49,257.07,1,1,1
307,4,1221.46,326.83,58.05,218.05,1,1,1
307,5,642.04,340.41,25.31,82.45,1,1,1
307,7,769.23,331.98,65.99,185.83,1,1,1
307,10,1032.56,301.55,92.25,210.85,1,1,1
307,11,552.94,329.41,85.56,178.61,1,1,1
307,15,1412.64,275.76,75.86,252.87,1,1,1
307,17,443.45,338.44,40.11,115.32,1,1,1
307,18,426.30,348.62,15.90,40.37,1,1,1
307,19,480.16,330.36,85.83,181.78,1,1,1
307,20,415.88,335.93,15.60,63.51,1,1,1
307,22,611.42,333.70,23.40,65.74,1,1,1
307,25,458.50,335.10,33.70,93.59,1,1,1
307,26,434.54,338.72,25.63,84.96,1,1,1
307,30,295.82,337.60,28.97,81.06,1,1,1
307,31,366.85,344.57,38.16,79.94,1,1,1
307,32,786.36,290.91,198.18,512.73,1,1,1
307,33,281.62,342.62,42.34,97.21,1,1,1
307,37,322.01,339.48,31.72,84.79,1,1,1
307,38,302.31,350.00,24.62,75.90,1,1,1
307,39,335.91,344.02,23.94,65.83,1,1,1
307,41,286.29,344.21,21.62,67.95,1,1,1
307,43,199.03,352.12,21.43,57.14,1,1,1
307,45,219.88,370.66,14.86,27.80,1,1,1
307,46,257.50,342.79,27.22,69.29,1,1,1
307,47,278.89,342.07,18.78,57.79,1,1,1
307,50,184.13,346.49,30.26,69.74,1,1,1
307,52,210.07,347.65,13.42,61.74,1,1,1
308,3,1247.06,306.42,102.67,260.96,1,1,1
308,4,1223.83,324.16,61.74,223.83,1,1,1
308,5,645.25,339.11,26.82,91.62,1,1,1
308,7,774.15,334.15,61.46,185.37,1,1,1
308,10,1027.78,307.41,99.07,201.85,1,1,1
308,11,555.56,330.22,85.33,180.00,1,1,1
308,15,1418.45,277.67,78.64,255.34,1,1,1
308,17,441.12,339.85,43.91,115.74,1,1,1
308,18,427.11,348.89,18.67,46.67,1,1,1
308,19,483.42,333.16,80.21,180.75,1,1,1
308,20,418.53,337.06,14.72,60.15,1,1,1
308,22,611.07,335.79,24.35,66.79,1,1,1
308,25,464.72,336.55,32.49,94.16,1,1,1
308,26,436.80,339.85,28.93,85.53,1,1,1
308,30,299.24,338.07,27.66,89.85,1,1,1
308,31,369.54,346.95,35.03,78.68,1,1,1
308,32,792.78,288.66,200.00,519.59,1,1,1
308,33,286.55,342.89,37.06,100.00,1,1,1
308,37,324.94,340.62,31.88,84.06,1,1,1
308,38,304.69,349.89,25.37,76.55,1,1,1
308,39,338.59,346.06,23.88,66.74,1,1,1
308,41,289.77,344.35,21.54,69.30,1,1,1
308,43,202.89,351.61,20.90,58.84,1,1,1
308,45,223.47,373.47,12.86,26.05,1,1,1
308,46,262.70,350.32,22.67,61.90,1,1,1
308,47,281.35,344.21,18.01,57.40,1,1,1
308,50,186.63,345.96,32.31,69.36,1,1,1
308,52,215.24,349.65,13.63,60.51,1,1,1
309,3,1255.93,308.47,100.85,258.47,1,1,1
309,4,1229.78,328.00,59.11,220.44,1,1,1
309,5,647.02,343.71,29.80,93.38,1,1,1
309,7,779.51,340.49,65.85,188.78,1,1,1
309,10,1027.66,305.67,102.84,208.51,1,1,1
309,11,560.00,330.22,84.00,180.44,1,1,1
309,12,852.60,332.72,15.90,62.39,1,1,1
309,15,1421.57,276.47,82.35,254.90,1,1,1
309,17,444.30,341.95,47.32,118.79,1,1,1
309,18,431.02,349.73,20.32,50.27,1,1,1
309,19,488.29,334.63,80.49,180.49,1,1,1
309,20,421.81,338.59,14.09,62.42,1,1,1
309,22,611.07,336.24,27.18,68.46,1,1,1
309,25,470.13,337.92,30.20,90.27,1,1,1
309,26,442.28,340.27,26.85,86.24,1,1,1
309,30,304.36,339.26,26.85,76.51,1,1,1
309,31,371.81,346.31,38.26,81.88,1,1,1
309,32,797.78,290.00,201.11,523.33,1,1,1
309,33,288.59,342.28,41.61,100.00,1,1,1
309,37,327.52,340.98,30.58,85.02,1,1,1
309,38,306.47,350.81,22.63,73.44,1,1,1
309,39,344.62,346.84,20.09,65.66,1,1,1
309,43,206.75,353.28,21.17,60.58,1,1,1
309,45,225.55,372.26,12.77,27.74,1,1,1
309,46,262.41,346.53,26.28,65.88,1,1,1
309,47,284.49,342.70,22.63,73.54,1,1,1
309,50,192.97,347.09,30.58,74.62,1,1,1
309,52,217.65,351.47,11.97,62.18,1,1,1
310,3,1263.90,310.73,98.05,258.54,1,1,1
310,4,1234.01,329.55,61.94,219.03,1,1,1
310,5,648.51,335.07,36.57,100.00,1,1,1
310,7,782.67,337.78,66.67,184.00,1,1,1
310,10,1037.37,314.14,92.93,202.02,1,1,1
310,11,565.78,331.55,81.82,179.14,1,1,1
310,12,855.87,332.79,20.65,76.11,1,1,1
310,15,1433.83,278.20,78.95,257.89,1,1,1
310,17,449.75,343.40,44.92,115.48,1,1,1
310,18,435.06,351.29,16.61,49.45,1,1,1
310,19,489.33,335.56,86.22,180.89,1,1,1
310,20,424.16,340.37,13.15,63.91,1,1,1
310,22,616.51,339.14,25.08,66.06,1,1,1
310,25,472.34,339.34,34.26,92.13,1,1,1
310,26,444.92,341.37,34.77,86.29,1,1,1
310,30,308.63,341.12,24.11,77.41,1,1,1
310,31,375.63,347.97,37.06,80.71,1,1,1
310,32,804.12,290.72,200.00,525.77,1,1,1
310,33,293.65,344.16,39.09,100.51,1,1,1
310,37,328.88,341.93,31.99,87.27,1,1,1
310,39,347.55,348.19,19.62,62.69,1,1,1
310,43,208.36,354.66,21.06,59.81,1,1,1
310,45,228.30,373.15,13.34,27.97,1,1,1
310,46,264.47,350.48,28.30,64.47,1,1,1
310,47,291.32,345.66,20.58,70.26,1,1,1
310,50,195.12,348.78,32.20,71.22,1,1,1
310,52,215.76,351.89,18.07,62.18,1,1,1
311,3,1258.29,313.90,109.09,256.68,1,1,1
311,4,1238.46,331.17,60.73,221.86,1,1,1
311,5,650.19,342.70,31.46,89.89,1,1,1
311,7,786.67,339.11,67.56,190.22,1,1,1
311,10,1038.89,317.59,95.37,199.07,1,1,1
311,11,567.91,333.16,81.82,179.68,1,1,1
311,12,856.28,337.65,30.77,74.49,1,1,1
311,15,1437.27,281.82,79.09,260.00,1,1,1
311,17,449.90,345.89,46.27,113.77,1,1,1
311,18,438.22,354.67,15.11,47.56,1,1,1
311,19,492.62,338.38,81.55,180.44,1,1,1
311,20,425.43,342.26,14.53,65.20,1,1,1
311,22,618.53,343.40,24.87,66.24,1,1,1
311,25,476.10,341.49,33.84,93.12,1,1,1
311,26,446.65,342.64,29.06,91.78,1,1,1
311,30,310.13,343.79,23.14,74.00,1,1,1
311,31,379.35,349.90,34.42,80.69,1,1,1
311,32,810.71,292.05,197.62,528.57,1,1,1
311,33,294.47,345.00,41.32,104.21,1,1,1
311,37,330.79,345.16,31.09,85.34,1,1,1
311,39,349.89,352.10,18.76,58.50,1,1,1
311,41,298.79,349.28,20.05,67.39,1,1,1
311,43,209.90,356.04,25.85,60.14,1,1,1
311,45,232.85,378.26,10.63,25.60,1,1,1
311,46,267.60,352.89,25.62,64.79,1,1,1
311,47,292.07,350.58,19.83,64.30,1,1,1
311,50,197.42,350.55,29.15,70.11,1,1,1
311,52,222.69,355.67,14.29,60.71,1,1,1
312,3,1265.24,319.25,108.56,255.61,1,1,1
312,4,1236.53,335.42,66.05,221.40,1,1,1
312,5,650.62,345.65,33.54,91.30,1,1,1
312,7,788.77,342.25,73.80,191.44,1,1,1
312,10,1036.11,318.52,95.37,204.63,1,1,1
312,11,568.00,334.67,84.00,176.89,1,1,1
312,12,860.24,339.76,20.18,71.87,1,1,1
312,15,1444.44,284.85,79.80,259.60,1,1,1
312,17,453.54,348.37,44.36,120.46,1,1,1
312,18,439.51,357.07,15.61,47.80,1,1,1
312,19,494.67,339.85,85.03,180.96,1,1,1
312,20,425.43,345.51,16.25,65.01,1,1,1
312,22,622.18,347.61,17.40,65.58,1,1,1
312,25,477.06,345.51,36.71,91.78,1,1,1
312,26,448.18,346.08,34.61,88.53,1,1,1
312,30,310.52,346.65,27.72,87.95,1,1,1
312,31,379.54,352.39,34.42,77.82,1,1,1
312,32,813.33,295.24,199.05,530.48,1,1,1
312,33,296.37,348.95,41.49,101.15,1,1,1
312,37,332.63,347.42,30.28,85.92,1,1,1
312,39,354.43,355.07,16.26,58.62,1,1,1
312,41,299.40,349.20,24.30,69.12,1,1,1
312,45,232.67,379.48,12.95,25.70,1,1,1
312,46,271.21,353.52,23.24,67.77,1,1,1
312,47,292.95,353.37,16.94,49.78,1,1,1
312,50,199.19,353.04,34.01,75.71,1,1,1
312,52,223.81,356.79,16.07,60.00,1,1,1
313,3,1277.52,321.71,100.78,254.26,1,1,1
313,4,1235.29,338.50,70.59,222.99,1,1,1
313,5,652.88,348.14,33.22,98.98,1,1,1
313,7,796.44,344.89,67.11,193.78,1,1,1
313,10,1059.32,328.81,80.51,198.31,1,1,1
313,11,574.37,338.16,79.94,179.39,1,1,1
313,12,861.41,345.02,21.86,72.03,1,1,1
313,15,1449.65,290.78,80.85,258.16,1,1,1
313,17,457.49,352.60,44.04,120.18,1,1,1
313,18,443.85,359.89,14.44,49.20,1,1,1
313,19,496.76,343.32,86.23,180.97,1,1,1
313,20,429.05,348.01,14.68,65.75,1,1,1
313,22,623.55,350.46,18.96,54.13,1,1,1
313,25,478.59,349.85,29.05,93.88,1,1,1
313,26,451.68,350.15,27.83,90.52,1,1,1
313,30,314.37,349.85,24.46,88.38,1,1,1
313,31,381.04,354.74,36.09,82.87,1,1,1
313,32,821.35,301.12,196.63,532.58,1,1,1
313,33,298.83,353.22,42.11,97.66,1,1,1
313,37,335.31,350.85,28.53,85.59,1,1,1
313,39,352.62,358.45,19.03,61.36,1,1,1
313,41,302.30,353.89,18.02,67.49,1,1,1
313,45,234.45,380.39,13.96,29.15,1,1,1
313,46,274.73,359.36,24.20,65.37,1,1,1
313,47,293.70,357.77,22.69,64.29,1,1,1
313,50,202.21,356.09,39.48,74.54,1,1,1
313,52,221.01,360.29,20.80,62.82,1,1,1
314,3,1286.83,327.32,95.12,255.12,1,1,1
314,4,1232.20,342.93,76.10,223.41,1,1,1
314,5,653.50,354.78,38.22,93.63,1,1,1
314,7,797.78,348.89,64.00,194.67,1,1,1
314,10,1046.61,340.68,88.98,189.83,1,1,1
314,11,577.65,341.76,81.18,179.41,1,1,1
314,12,864.68,347.66,22.55,74.04,1,1,1
314,15,1455.32,294.68,80.85,262.77,1,1,1
314,17,457.72,355.37,45.64,121.14,1,1,1
314,18,444.92,364.17,14.44,49.73,1,1,1
314,19,502.44,345.37,79.02,179.51,1,1,1
314,20,428.19,351.68,15.77,63.76,1,1,1
314,22,621.14,356.04,22.15,61.41,1,1,1
314,25,475.84,352.68,38.59,92.28,1,1,1
314,26,453.69,354.70,23.83,86.58,1,1,1
314,30,314.72,354.06,24.62,78.68,1,1,1
314,31,384.01,359.14,33.76,77.16,1,1,1
314,32,823.71,309.28,197.94,527.84,1,1,1
314,33,301.27,356.60,40.61,98.73,1,1,1
314,37,336.52,355.29,29.69,84.98,1,1,1
314,39,356.81,361.70,16.97,59.38,1,1,1
314,41,304.27,360.39,20.00,64.27,1,1,1
314,45,236.89,385.63,11.84,26.99,1,1,1
314,46,275.53,361.17,24.66,67.77,1,1,1
314,47,299.77,361.20,19.40,62.36,1,1,1
314,50,204.59,361.16,36.39,73.70,1,1,1
315,3,1289.03,334.19,93.55,252.90,1,1,1
315,4,1225.37,351.22,89.27,220.98,1,1,1
315,5,655.14,359.46,30.27,80.54,1,1,1
315,7,802.44,353.17,57.56,195.12,1,1,1
315,10,1038.89,346.30,95.37,192.59,1,1,1
315,11,582.44,345.85,80.49,179.51,1,1,1
315,12,861.62,352.77,26.20,78.60,1,1,1
315,15,1466.04,300.94,76.42,260.38,1,1,1
315,17,457.93,358.67,42.07,108.49,1,1,1
315,19,501.60,350.80,77.01,176.47,1,1,1
315,31,385.24,370.11,28.41,64.58,1,1,1
315,32,827.45,312.75,191.18,532.35,1,1,1
315,33,307.39,367.05,34.09,95.45,1,1,1
315,37,334.11,356.54,36.45,86.45,1,1,1
315,39,363.44,368.52,15.50,50.36,1,1,1
315,45,236.80,391.04,9.44,26.88,1,1,1
315,46,272.40,364.89,18.64,51.33,1,1,1
315,47,300.40,363.97,22.67,66.40,1,1,1
315,50,210.24,367.80,23.41,56.59,1,1,1
315,52,226.89,368.91,13.87,54.41,1,1,1
316,3,1288.65,345.39,94.33,250.35,1,1,1
316,4,1222.44,360.98,92.68,224.88,1,1,1
316,5,647.03,363.78,35.68,89.19,1,1,1
316,7,800.00,363.64,57.75,193.05,1,1,1
316,10,1037.02,358.76,92.68,190.24,1,1,1
316,11,575.29,352.94,84.12,180.59,1,1,1
316,12,860.73,361.54,25.51,60.32,1,1,1
316,15,1457.28,312.62,87.38,264.08,1,1,1
316,17,452.03,364.21,51.66,122.51,1,1,1
316,19,499.47,355.61,78.07,181.28,1,1,1
316,31,380.78,370.75,30.36,74.09,1,1,1
316,32,826.26,325.25,193.94,530.30,1,1,1
316,33,300.00,366.30,40.11,103.62,1,1,1
316,37,329.89,363.47,33.58,85.61,1,1,1
316,39,355.43,371.59,17.83,54.32,1,1,1
316,41,301.39,369.36,24.51,65.46,1,1,1
316,45,228.97,394.99,10.31,26.46,1,1,1
316,46,266.57,369.08,22.01,56.55,1,1,1
316,47,295.95,369.64,17.00,64.78,1,1,1
316,50,204.45,374.09,23.48,55.06,1,1,1
316,52,219.22,374.37,15.04,53.48,1,1,1
317,2,1775.05,328.27,85.37,203.66,1,1,1
317,3,1291.47,344.19,99.22,255.81,1,1,1
317,4,1228.68,368.22,82.95,216.28,1,1,1
317,5,640.20,368.34,42.21,91.96,1,1,1
317,7,804.88,363.41,58.54,196.59,1,1,1
317,10,1047.22,355.56,88.89,197.22,1,1,1
317,11,583.42,354.55,76.47,180.75,1,1,1
317,12,862.22,362.22,24.00,61.33,1,1,1
317,15,1467.02,313.83,88.30,263.83,1,1,1
317,17,451.07,366.06,51.07,122.63,1,1,1
317,18,447.59,376.47,14.44,46.52,1,1,1
317,19,504.96,356.74,76.60,180.14,1,1,1
317,20,423.55,363.91,23.55,69.42,1,1,1
317,25,485.63,370.34,32.72,88.38,1,1,1
317,26,454.13,368.50,29.05,82.57,1,1,1
317,30,313.15,365.75,24.16,81.35,1,1,1
317,31,382.87,372.17,32.42,76.76,1,1,1
317,32,830.30,329.29,192.93,538.38,1,1,1
317,33,302.11,369.62,37.13,97.05,1,1,1
317,37,335.23,367.45,30.54,83.89,1,1,1
317,39,356.81,372.06,17.32,61.20,1,1,1
317,41,305.31,367.44,26.10,74.13,1,1,1
317,45,232.79,397.92,11.09,30.72,1,1,1
317,46,272.06,370.90,26.33,67.67,1,1,1
317,47,296.77,370.21,16.63,68.82,1,1,1
317,50,202.83,372.06,31.98,68.42,1,1,1
317,52,220.61,372.70,21.45,62.12,1,1,1
318,2,1781.15,322.17,82.93,220.73,1,1,1
318,3,1292.51,343.85,96.79,262.57,1,1,1
318,4,1225.13,363.10,93.05,226.74,1,1,1
318,5,647.45,368.61,35.77,91.97,1,1,1
318,7,804.00,365.33,58.67,196.00,1,1,1
318,10,1046.30,373.15,87.04,179.63,1,1,1
318,11,577.33,360.00,85.33,176.00,1,1,1
318,12,862.67,361.78,32.44,100.00,1,1,1
318,15,1475.00,315.32,76.61,265.32,1,1,1
318,17,450.61,365.99,50.20,123.48,1,1,1
318,19,489.92,361.24,93.80,182.95,1,1,1
318,20,424.06,363.10,19.79,70.05,1,1,1
318,31,380.97,377.33,33.20,66.40,1,1,1
318,32,830.49,333.65,191.89,529.73,1,1,1
318,33,304.05,372.47,36.03,96.76,1,1,1
318,37,330.45,367.90,34.57,88.89,1,1,1
318,39,356.50,377.12,17.51,53.39,1,1,1
318,41,303.95,369.77,27.12,69.21,1,1,1
318,45,231.92,399.15,11.58,34.46,1,1,1
318,46,270.62,371.75,20.34,50.56,1,1,1
318,47,286.72,370.34,27.68,63.56,1,1,1
318,50,206.67,374.67,27.56,62.22,1,1,1
318,52,216.50,372.84,25.89,61.17,1,1,1
319,2,1781.15,319.73,84.15,225.61,1,1,1
319,3,1294.33,348.94,99.29,259.57,1,1,1
319,4,1228.78,362.93,95.12,231.22,1,1,1
319,5,642.17,373.49,34.94,90.36,1,1,1
319,7,804.89,369.78,59.56,196.89,1,1,1
319,10,1045.37,358.33,88.89,199.07,1,1,1
319,11,578.07,361.50,80.75,180.21,1,1,1
319,12,860.15,366.79,26.57,69.74,1,1,1
319,15,1474.53,315.09,83.02,269.81,1,1,1
319,17,447.99,367.79,50.34,124.83,1,1,1
319,18,446.52,376.47,15.51,51.34,1,1,1
319,19,499.22,362.02,78.29,185.27,1,1,1
319,20,421.78,363.11,23.56,69.33,1,1,1
319,25,482.21,368.79,36.58,95.97,1,1,1
319,26,453.02,368.79,26.51,82.21,1,1,1
319,30,315.77,366.44,22.48,80.54,1,1,1
319,31,380.87,376.17,30.87,74.83,1,1,1
319,32,832.22,337.78,193.33,533.33,1,1,1
319,33,305.77,373.72,30.13,100.00,1,1,1
319,37,331.98,367.61,31.17,86.64,1,1,1
319,39,354.41,376.68,19.54,57.98,1,1,1
319,41,303.15,372.27,22.69,70.17,1,1,1
319,45,232.98,401.05,10.08,25.63,1,1,1
319,46,268.17,374.28,26.05,63.99,1,1,1
319,47,292.93,372.99,23.79,66.56,1,1,1
319,50,204.05,373.28,31.98,74.90,1,1,1
319,52,218.65,372.78,22.94,66.36,1,1,1
320,2,1790.90,328.27,86.59,214.63,1,1,1
320,3,1302.44,354.15,97.07,254.63,1,1,1
320,4,1232.20,368.29,89.76,226.34,1,1,1
320,5,644.37,372.85,39.07,96.03,1,1,1
320,7,802.93,368.78,63.41,196.59,1,1,1
320,10,1057.63,366.10,75.42,192.37,1,1,1
320,11,582.44,360.49,79.02,179.51,1,1,1
320,12,863.10,366.79,22.51,69.74,1,1,1
320,15,1476.42,318.87,83.02,266.04,1,1,1
320,17,446.56,369.64,54.66,122.27,1,1,1
320,18,445.69,379.70,18.02,50.76,1,1,1
320,19,494.71,360.59,85.88,182.35,1,1,1
320,20,422.27,366.80,23.48,65.18,1,1,1
320,25,478.14,367.61,38.06,94.33,1,1,1
320,26,454.66,371.26,27.13,82.19,1,1,1
320,30,313.39,366.28,27.02,89.61,1,1,1
320,31,382.45,375.06,32.10,80.14,1,1,1
320,32,834.38,334.38,194.79,534.38,1,1,1
320,33,300.92,372.29,36.26,99.31,1,1,1
320,37,333.46,369.17,28.57,87.59,1,1,1
320,39,353.70,373.93,21.79,66.15,1,1,1
320,41,304.86,372.18,23.15,79.18,1,1,1
320,45,235.60,400.78,11.28,25.29,1,1,1
320,46,269.25,371.94,23.58,68.36,1,1,1
320,47,293.73,367.16,20.90,73.13,1,1,1
320,50,203.06,373.09,34.56,78.29,1,1,1
320,52,221.71,375.54,21.71,63.91,1,1,1
321,2,1804.32,324.61,81.71,218.29,1,1,1
321,3,1306.22,354.67,95.56,254.22,1,1,1
321,4,1235.71,366.67,90.82,230.61,1,1,1
321,5,642.73,371.82,40.00,98.18,1,1,1
321,7,806.95,369.52,59.89,197.86,1,1,1
321,10,1032.15,361.20,104.88,195.12,1,1,1
321,11,579.35,362.75,81.38,176.11,1,1,1
321,12,864.21,367.26,22.84,69.29,1,1,1
321,15,1482.95,320.16,80.62,267.44,1,1,1
321,17,448.01,369.11,54.43,121.41,1,1,1
321,18,445.64,380.54,18.12,50.67,1,1,1
321,19,495.72,360.43,84.49,183.42,1,1,1
321,20,425.46,366.79,19.93,65.31,1,1,1
321,25,484.50,366.42,33.21,97.42,1,1,1
321,26,455.35,372.17,26.61,83.79,1,1,1
321,30,313.39,366.74,27.48,94.00,1,1,1
321,31,381.29,375.29,33.49,77.37,1,1,1
321,32,836.46,334.38,193.75,534.38,1,1,1
321,33,301.62,371.82,41.34,99.54,1,1,1
321,37,333.80,369.25,28.40,89.44,1,1,1
321,39,356.11,372.74,21.06,66.55,1,1,1
321,41,304.78,372.74,23.01,75.40,1,1,1
321,45,235.75,399.82,9.91,25.31,1,1,1
321,46,270.73,372.09,23.58,66.40,1,1,1
321,47,294.58,368.29,22.76,72.09,1,1,1
321,50,203.81,372.34,35.53,79.44,1,1,1
321,52,223.15,376.51,20.13,61.41,1,1,1
322,2,1806.77,325.32,86.30,220.55,1,1,1
322,3,1301.10,354.95,103.85,256.04,1,1,1
322,4,1240.66,369.23,91.76,229.12,1,1,1
322,5,642.77,372.29,38.55,89.16,1,1,1
322,7,808.78,369.27,62.93,199.02,1,1,1
322,10,1035.19,353.70,100.93,233.33,1,1,1
322,11,578.82,363.53,85.88,175.29,1,1,1
322,12,863.16,368.02,24.29,70.85,1,1,1
322,15,1486.47,320.30,79.70,268.42,1,1,1
322,17,446.59,369.32,55.68,121.97,1,1,1
322,18,445.99,379.68,19.79,57.22,1,1,1
322,19,496.26,361.50,86.10,183.42,1,1,1
322,20,423.24,366.36,22.63,65.44,1,1,1
322,25,481.04,366.67,39.76,97.55,1,1,1
322,26,456.88,371.87,28.44,84.40,1,1,1
322,30,314.55,367.27,28.05,89.87,1,1,1
322,31,381.04,374.81,34.29,77.40,1,1,1
322,32,835.04,330.77,196.58,529.06,1,1,1
322,33,301.82,370.91,41.04,103.38,1,1,1
322,37,333.64,367.28,29.32,90.12,1,1,1
322,39,356.58,372.36,22.14,64.83,1,1,1
322,41,305.07,373.08,19.83,67.87,1,1,1
322,45,235.60,400.43,10.71,24.60,1,1,1
322,46,270.33,374.45,24.73,64.01,1,1,1
322,47,295.05,367.58,25.82,72.53,1,1,1
322,50,204.46,372.14,35.10,78.55,1,1,1
322,52,222.34,376.65,20.05,61.17,1,1,1
323,2,1809.62,323.23,83.08,226.15,1,1,1
323,3,1306.18,356.18,101.69,255.06,1,1,1
323,4,1244.52,368.55,85.87,231.10,1,1,1
323,5,642.15,371.69,33.93,88.44,1,1,1
323,7,811.22,369.76,59.02,197.07,1,1,1
323,10,1030.56,345.37,106.48,237.96,1,1,1
323,11,579.68,362.03,86.63,178.61,1,1,1
323,12,865.68,368.27,23.99,74.54,1,1,1
323,15,1489.71,319.85,81.62,266.91,1,1,1
323,17,450.67,369.46,52.01,117.79,1,1,1
323,18,446.34,379.51,23.90,61.46,1,1,1
323,19,496.47,361.76,86.47,182.94,1,1,1
323,20,423.15,366.78,22.82,65.44,1,1,1
323,25,484.56,365.44,36.58,95.30,1,1,1
323,26,459.06,371.14,24.83,86.58,1,1,1
323,30,316.24,366.50,25.63,89.09,1,1,1
323,31,383.76,374.11,32.23,79.44,1,1,1
323,32,837.11,327.84,197.94,522.68,1,1,1
323,33,303.30,370.30,39.85,101.52,1,1,1
323,37,333.74,366.67,28.81,89.30,1,1,1
323,39,358.06,372.23,20.97,65.63,1,1,1
323,41,305.05,372.62,23.30,67.96,1,1,1
323,45,236.70,400.00,11.07,25.44,1,1,1
323,46,271.73,374.70,25.60,65.77,1,1,1
323,47,295.09,366.67,28.22,71.57,1,1,1
323,50,204.74,371.59,35.65,79.67,1,1,1
323,52,221.40,374.91,23.62,64.21,1,1,1
324,2,1811.63,322.17,98.78,229.27,1,1,1
324,3,1310.32,354.19,101.29,257.42,1,1,1
324,4,1248.00,369.33,91.11,228.44,1,1,1
324,5,642.38,370.26,30.48,90.71,1,1,1
324,7,814.97,368.98,60.43,202.14,1,1,1
324,10,1033.37,345.34,103.66,239.02,1,1,1
324,11,580.65,361.94,86.45,177.42,1,1,1
324,12,864.89,366.67,25.33,71.56,1,1,1
324,15,1493.55,317.74,79.84,270.16,1,1,1
324,17,448.32,370.64,55.96,118.04,1,1,1
324,18,448.58,379.35,17.81,53.44,1,1,1
324,19,497.42,361.29,85.16,182.58,1,1,1
324,20,423.55,365.14,23.24,66.67,1,1,1
324,25,485.93,365.75,35.78,98.17,1,1,1
324,26,459.02,370.03,30.28,89.30,1,1,1
324,31,384.53,373.90,32.10,77.83,1,1,1
324,32,834.38,328.12,204.17,518.75,1,1,1
324,33,303.93,369.05,41.80,103.46,1,1,1
324,37,331.95,368.05,31.58,88.35,1,1,1
324,39,359.73,371.79,21.01,65.56,1,1,1
324,41,305.25,372.37,24.71,67.32,1,1,1
324,45,237.35,399.22,11.09,26.07,1,1,1
324,46,272.39,371.31,26.54,66.76,1,1,1
324,47,295.71,366.49,27.61,73.46,1,1,1
324,50,206.13,371.31,34.54,77.99,1,1,1
324,52,223.24,376.76,22.94,63.61,1,1,1
325,2,1812.25,321.21,104.11,227.40,1,1,1
325,3,1310.14,354.35,105.07,255.07,1,1,1
325,4,1253.18,368.18,84.09,226.82,1,1,1
325,5,640.84,369.47,30.15,89.31,1,1,1
325,7,816.31,368.79,62.41,221.99,1,1,1
325,10,1026.05,344.12,108.54,245.12,1,1,1
325,11,577.97,360.17,91.53,181.36,1,1,1
325,12,867.11,365.78,23.11,71.56,1,1,1
325,15,1500.75,316.42,80.60,270.90,1,1,1
325,17,448.27,369.52,55.89,121.48,1,1,1
325,18,449.33,378.22,21.33,60.00,1,1,1
325,19,499.51,361.46,87.32,183.41,1,1,1
325,20,424.94,365.13,23.33,66.28,1,1,1
325,25,485.22,364.90,37.41,98.61,1,1,1
325,26,460.28,367.90,33.26,92.15,1,1,1
325,31,384.99,373.44,32.33,81.06,1,1,1
325,32,834.59,322.17,204.88,529.27,1,1,1
325,33,303.34,369.41,43.19,101.54,1,1,1
325,37,335.13,367.42,28.33,88.10,1,1,1
325,39,360.88,370.80,23.19,65.84,1,1,1
325,41,306.37,370.09,28.14,70.09,1,1,1
325,45,238.76,400.18,10.27,24.78,1,1,1
325,46,272.21,372.39,27.26,66.90,1,1,1
325,47,297.52,367.26,21.95,71.68,1,1,1
325,50,207.11,371.32,35.03,78.17,1,1,1
325,52,224.62,375.89,20.30,58.88,1,1,1
326,2,1825.00,320.15,94.00,219.85,1,1,1
326,3,1322.47,351.69,93.26,258.43,1,1,1
326,4,1261.24,365.73,73.60,230.34,1,1,1
326,5,641.71,368.34,28.14,93.97,1,1,1
326,7,819.19,367.16,61.99,202.95,1,1,1
326,10,1033.37,347.78,103.66,239.02,1,1,1
326,11,578.06,360.00,90.97,179.35,1,1,1
326,12,869.80,367.11,21.48,62.75,1,1,1
326,15,1504.63,314.81,83.33,271.30,1,1,1
326,17,449.65,369.75,55.66,118.94,1,1,1
326,18,450.27,378.61,19.79,57.75,1,1,1
326,19,498.82,362.35,87.65,181.76,1,1,1
326,20,425.63,366.02,22.01,65.46,1,1,1
326,25,487.53,365.59,36.26,99.31,1,1,1
326,26,461.43,368.36,31.64,90.76,1,1,1
326,31,385.45,372.52,32.79,81.29,1,1,1
326,32,839.58,318.75,203.13,532.29,1,1,1
326,33,304.29,368.29,43.14,105.14,1,1,1
326,37,336.86,364.69,27.84,90.46,1,1,1
326,39,360.70,371.98,24.51,65.18,1,1,1
326,41,307.26,372.92,19.29,68.67,1,1,1
326,45,239.65,399.82,9.56,24.42,1,1,1
326,46,273.82,373.43,25.98,66.93,1,1,1
326,47,297.64,366.54,25.20,73.82,1,1,1
326,50,207.65,370.34,35.47,80.73,1,1,1
326,52,224.51,374.93,21.73,64.90,1,1,1
327,2,1823.21,318.47,95.79,227.53,1,1,1
327,3,1323.72,351.16,96.28,257.21,1,1,1
327,4,1262.33,362.79,75.81,230.70,1,1,1
327,5,641.25,368.12,27.50,90.62,1,1,1
327,7,818.82,365.29,63.53,202.94,1,1,1
327,10,1032.15,345.34,106.10,237.80,1,1,1
327,11,578.72,357.45,91.49,179.43,1,1,1
327,12,871.11,366.22,21.78,69.33,1,1,1
327,15,1511.70,310.64,82.98,273.40,1,1,1
327,17,452.09,368.52,52.92,120.33,1,1,1
327,18,450.80,378.07,18.18,54.55,1,1,1
327,19,500.00,360.98,86.83,183.41,1,1,1
327,20,426.20,365.31,22.14,66.05,1,1,1
327,25,490.81,365.46,33.43,98.61,1,1,1
327,26,462.40,367.13,29.25,91.64,1,1,1
327,31,385.91,371.13,33.72,81.76,1,1,1
327,32,842.99,316.82,204.67,538.32,1,1,1
327,33,303.93,367.67,45.27,105.08,1,1,1
327,37,336.61,366.44,28.47,88.47,1,1,1
327,38,310.17,372.20,27.80,82.03,1,1,1
327,39,360.23,373.72,26.74,62.56,1,1,1
327,41,310.47,370.47,20.70,68.37,1,1,1
327,45,240.73,399.65,9.97,25.17,1,1,1
327,46,276.40,370.63,23.78,70.10,1,1,1
327,47,297.90,367.66,22.73,71.68,1,1,1
327,50,209.19,371.59,35.38,77.72,1,1,1
327,52,224.58,375.21,19.33,64.71,1,1,1
328,2,1834.16,316.47,84.84,230.53,1,1,1
328,3,1326.42,349.53,97.64,258.49,1,1,1
328,4,1263.21,360.85,77.83,228.77,1,1,1
328,5,645.08,368.91,22.80,91.71,1,1,1
328,7,821.33,364.44,64.44,214.22,1,1,1
328,8,777.33,383.56,20.44,82.22,1,1,1
328,10,1043.22,350.00,94.07,233.90,1,1,1
328,11,580.51,358.47,91.53,177.12,1,1,1
328,12,871.36,364.32,24.62,71.36,1,1,1
328,15,1517.92,312.26,82.08,275.47,1,1,1
328,17,452.91,367.89,53.21,121.71,1,1,1
328,18,452.77,376.38,18.45,54.61,1,1,1
328,19,501.07,360.96,85.56,182.89,1,1,1
328,20,426.61,365.44,22.32,65.44,1,1,1
328,25,488.99,365.14,37.00,96.94,1,1,1
328,26,463.30,367.89,29.05,87.46,1,1,1
328,31,388.03,371.64,32.77,81.51,1,1,1
328,32,843.81,316.19,207.62,541.90,1,1,1
328,33,304.62,368.50,45.38,104.62,1,1,1
328,37,338.01,366.98,28.04,87.54,1,1,1
328,38,310.90,375.39,23.36,78.19,1,1,1
328,39,360.56,372.77,28.87,63.38,1,1,1
328,41,312.44,372.77,21.36,66.67,1,1,1
328,45,240.14,400.23,11.27,25.35,1,1,1
328,46,277.46,371.83,23.24,68.78,1,1,1
328,47,300.00,367.61,28.17,71.60,1,1,1
328,50,210.66,371.83,33.25,76.65,1,1,1
328,52,226.94,374.54,21.03,63.84,1,1,1
329,2,1845.12,312.99,73.88,231.01,1,1,1
329,3,1333.11,347.02,94.70,260.26,1,1,1
329,4,1264.90,359.60,80.13,229.80,1,1,1
329,5,641.13,367.38,29.08,95.04,1,1,1
329,7,820.86,364.17,70.59,206.95,1,1,1
329,8,775.40,383.42,28.88,83.42,1,1,1
329,10,1027.27,339.24,112.20,229.27,1,1,1
329,11,584.62,357.09,89.47,177.33,1,1,1
329,12,874.84,364.19,20.00,62.26,1,1,1
329,15,1526.19,307.52,83.33,279.76,1,1,1
329,17,454.74,368.20,51.99,121.41,1,1,1
329,18,453.04,376.11,22.67,55.47,1,1,1
329,19,503.74,359.89,82.35,183.96,1,1,1
329,20,427.83,365.14,22.32,65.75,1,1,1
329,25,493.27,365.44,32.72,96.94,1,1,1
329,26,463.61,367.58,34.86,89.60,1,1,1
329,31,388.68,371.13,33.03,76.21,1,1,1
329,32,846.51,316.23,206.98,543.02,1,1,1
329,33,303.94,368.50,48.43,105.91,1,1,1
329,37,338.20,366.31,28.65,88.59,1,1,1
329,38,314.85,374.27,21.22,82.49,1,1,1
329,39,362.60,374.80,27.40,63.20,1,1,1
329,41,311.40,370.60,20.00,69.40,1,1,1
329,45,242.00,398.60,12.00,26.60,1,1,1
329,46,278.20,371.60,24.00,69.00,1,1,1
329,47,301.00,370.20,17.20,61.20,1,1,1
329,50,211.74,371.14,34.23,79.87,1,1,1
329,52,226.85,374.83,24.16,63.42,1,1,1
330,2,1856.08,312.99,62.92,224.01,1,1,1
330,3,1334.00,347.00,97.00,260.00,1,1,1
330,4,1266.36,357.27,76.82,230.45,1,1,1
330,5,638.30,369.15,30.85,91.49,1,1,1
330,7,821.71,364.34,72.09,200.78,1,1,1
330,8,768.26,368.26,37.13,102.99,1,1,1
330,11,586.35,355.72,87.45,180.07,1,1,1
330,12,876.21,366.02,22.33,62.62,1,1,1
330,15,1526.09,305.43,88.04,278.26,1,1,1
330,17,456.27,367.28,50.15,122.32,1,1,1
330,18,454.71,376.47,17.65,56.47,1,1,1
330,19,505.88,358.82,81.28,183.42,1,1,1
330,20,428.44,365.14,22.32,66.06,1,1,1
330,25,492.05,365.75,34.86,96.02,1,1,1
330,26,467.89,368.81,28.44,92.05,1,1,1
330,31,390.52,371.56,32.11,77.37,1,1,1
330,32,848.72,315.38,208.55,544.44,1,1,1
330,33,305.04,368.70,47.90,106.30,1,1,1
330,37,339.41,366.91,26.77,86.25,1,1,1
330,38,312.27,377.70,26.39,78.81,1,1,1
330,39,363.20,372.75,28.93,62.92,1,1,1
330,41,310.67,374.44,24.16,65.45,1,1,1
330,45,243.34,398.31,10.78,25.79,1,1,1
330,46,279.28,370.82,23.47,70.40,1,1,1
330,47,300.21,370.61,20.51,60.89,1,1,1
330,50,212.15,372.06,31.58,78.95,1,1,1
330,52,229.19,375.13,21.83,61.42,1,1,1
331,2,1862.93,312.99,56.07,229.01,1,1,1
331,3,1339.86,347.83,94.93,257.97,1,1,1
331,4,1267.47,357.83,74.10,230.12,1,1,1
331,5,643.42,369.08,25.00,90.13,1,1,1
331,7,822.99,364.71,75.40,198.93,1,1,1
331,8,770.05,374.87,40.11,103.21,1,1,1
331,11,588.19,354.61,86.72,181.55,1,1,1
331,12,874.91,367.16,20.30,65.68,1,1,1
331,15,1535.25,307.75,83.75,277.50,1,1,1
331,17,457.38,366.57,49.30,122.01,1,1,1
331,18,455.08,374.33,17.65,59.89,1,1,1
331,19,507.32,360.00,81.46,181.46,1,1,1
331,20,428.97,364.35,22.01,66.85,1,1,1
331,25,493.87,365.18,35.93,98.33,1,1,1
331,26,472.14,369.64,26.18,93.31,1,1,1
331,31,389.87,371.70,34.80,78.78,1,1,1
331,32,853.19,318.09,208.51,546.81,1,1,1
331,33,305.53,371.05,47.89,103.16,1,1,1
331,37,338.14,368.27,29.81,87.82,1,1,1
331,38,315.71,377.88,24.04,79.49,1,1,1
331,39,364.98,372.95,22.71,64.98,1,1,1
331,41,313.45,374.00,22.91,66.55,1,1,1
331,45,243.45,401.09,12.18,24.00,1,1,1
331,46,281.33,370.63,21.40,68.94,1,1,1
331,47,301.87,373.24,16.65,58.02,1,1,1
331,50,213.22,372.20,32.20,78.98,1,1,1
331,52,230.02,374.83,20.55,62.59,1,1,1
332,2,1869.62,312.46,49.38,225.54,1,1,1
332,3,1342.57,346.62,95.95,257.43,1,1,1
332,4,1270.27,357.43,74.32,231.08,1,1,1
332,5,642.72,369.01,25.35,71.36,1,1,1
332,7,823.41,364.88,77.07,202.93,1,1,1
332,8,769.27,371.71,44.39,109.27,1,1,1
332,11,589.36,356.03,87.23,180.85,1,1,1
332,14,914.98,361.94,15.38,74.09,1,1,1
332,15,1538.71,307.26,87.90,279.03,1,1,1
332,17,459.33,366.30,47.08,121.73,1,1,1
332,18,455.48,376.13,19.35,56.13,1,1,1
332,19,509.63,358.82,81.28,180.75,1,1,1
332,20,429.53,365.18,22.84,66.57,1,1,1
332,25,491.92,364.90,37.88,99.16,1,1,1
332,31,388.86,372.98,35.65,77.16,1,1,1
332,32,857.58,322.22,208.08,545.45,1,1,1
332,33,307.80,370.47,47.35,104.18,1,1,1
332,37,336.90,368.27,32.84,86.35,1,1,1
332,38,313.65,383.76,19.19,74.17,1,1,1
332,39,364.35,373.82,21.73,60.45,1,1,1
332,45,242.34,395.26,13.37,28.41,1,1,1
332,46,278.27,371.31,26.18,67.41,1,1,1
332,47,299.44,371.59,15.04,54.04,1,1,1
332,50,212.76,373.66,34.16,77.37,1,1,1
332,52,229.66,375.84,20.18,67.89,1,1,1
333,2,1871.15,309.38,47.85,224.62,1,1,1
333,3,1347.18,346.67,93.85,257.95,1,1,1
333,4,1273.33,356.41,76.92,234.87,1,1,1
333,5,640.52,372.41,29.31,75.00,1,1,1
333,7,825.85,364.39,76.10,203.41,1,1,1
333,8,763.84,367.53,54.61,111.81,1,1,1
333,11,589.67,354.89,89.13,182.61,1,1,1
333,14,917.91,361.57,11.57,56.34,1,1,1
333,15,1543.69,307.77,90.29,277.67,1,1,1
333,17,459.02,366.06,48.01,121.71,1,1,1
333,18,456.59,377.56,19.51,57.07,1,1,1
333,19,512.00,359.56,77.78,180.89,1,1,1
333,20,429.66,365.75,22.32,66.36,1,1,1
333,25,496.33,365.14,34.25,95.11,1,1,1
333,31,391.92,372.52,31.41,78.52,1,1,1
333,32,859.30,323.21,210.47,547.67,1,1,1
333,33,307.62,371.59,47.58,105.31,1,1,1
333,37,337.45,367.57,33.59,87.64,1,1,1
333,38,313.51,374.90,22.39,84.17,1,1,1
333,39,364.62,374.07,22.20,61.98,1,1,1
333,45,244.40,394.95,11.21,29.67,1,1,1
333,46,283.79,372.48,22.94,66.36,1,1,1
333,47,300.61,373.70,23.24,56.27,1,1,1
333,50,214.68,373.70,36.39,77.98,1,1,1
333,52,230.54,377.52,20.81,62.75,1,1,1
334,2,1876.87,313.36,42.13,224.64,1,1,1
334,3,1349.20,344.39,97.33,261.50,1,1,1
334,4,1277.01,356.15,78.07,239.04,1,1,1
334,5,639.86,370.29,27.54,77.54,1,1,1
334,7,827.80,364.39,76.10,206.34,1,1,1
334,8,772.32,366.05,52.03,118.08,1,1,1
334,11,590.78,356.74,87.23,180.14,1,1,1
334,14,916.10,359.93,15.73,72.66,1,1,1
334,15,1550.00,306.38,87.23,282.98,1,1,1
334,17,459.64,365.48,50.00,124.37,1,1,1
334,18,456.47,374.71,22.94,62.94,1,1,1
334,19,511.11,360.00,79.11,182.67,1,1,1
334,20,431.47,363.71,21.07,69.04,1,1,1
334,25,497.72,364.21,31.98,100.25,1,1,1
334,31,392.61,374.60,33.49,76.44,1,1,1
334,32,867.44,327.86,210.47,544.19,1,1,1
334,33,308.31,369.75,48.04,106.70,1,1,1
334,37,339.08,368.31,28.87,88.03,1,1,1
334,38,311.27,370.77,27.46,84.86,1,1,1
334,39,367.00,374.00,27.40,62.60,1,1,1
334,45,244.60,397.00,12.80,28.60,1,1,1
334,46,283.14,375.06,23.09,66.97,1,1,1
334,47,302.08,372.29,20.32,62.12,1,1,1
334,50,212.00,372.57,37.14,83.14,1,1,1
334,52,233.20,375.30,18.22,64.37,1,1,1
335,2,1882.11,311.62,36.89,226.38,1,1,1
335,3,1354.00,344.00,95.50,265.00,1,1,1
335,4,1278.00,356.50,79.00,240.00,1,1,1
335,5,642.38,375.50,23.84,65.56,1,1,1
335,7,828.88,365.78,76.47,202.67,1,1,1
335,8,779.70,365.31,52.77,115.50,1,1,1
335,11,594.12,355.61,85.56,182.89,1,1,1
335,14,919.03,360.73,13.36,72.87,1,1,1
335,15,1554.55,306.06,89.90,282.83,1,1,1
335,17,460.78,366.67,49.67,124.40,1,1,1
335,18,458.05,376.10,13.66,54.15,1,1,1
335,19,511.76,358.82,80.00,184.12,1,1,1
335,20,431.65,364.08,22.94,69.62,1,1,1
335,25,500.32,363.92,31.01,99.21,1,1,1
335,31,391.07,375.60,35.73,76.03,1,1,1
335,32,871.29,330.69,210.89,546.53,1,1,1
335,33,310.60,370.05,46.08,107.83,1,1,1
335,37,338.71,366.13,30.65,91.61,1,1,1
335,38,311.61,372.26,30.97,87.74,1,1,1
335,39,368.21,372.63,24.50,64.68,1,1,1
335,45,248.57,396.25,9.27,27.59,1,1,1
335,46,283.76,372.84,24.87,69.54,1,1,1
335,47,305.33,368.53,24.11,71.57,1,1,1
335,50,215.15,372.73,35.50,74.03,1,1,1
335,52,231.11,375.56,20.00,65.33,1,1,1
336,2,1891.70,319.84,27.30,220.16,1,1,1
336,3,1353.61,346.99,100.00,263.25,1,1,1
336,4,1281.33,358.43,79.52,237.95,1,1,1
336,7,828.82,365.29,86.47,205.88,1,1,1
336,8,776.38,362.73,58.67,114.39,1,1,1
336,11,594.12,357.65,84.71,178.82,1,1,1
336,14,915.38,361.13,17.81,69.64,1,1,1
336,15,1565.12,306.93,80.23,284.88,1,1,1
336,17,460.91,366.75,51.27,124.62,1,1,1
336,18,457.78,375.11,17.78,55.56,1,1,1
336,19,512.35,357.06,78.82,187.06,1,1,1
336,20,431.47,365.23,22.08,67.77,1,1,1
336,25,498.48,363.71,33.76,101.27,1,1,1
336,31,391.88,374.37,37.31,73.86,1,1,1
336,32,877.01,330.93,209.20,547.13,1,1,1
336,33,311.29,370.97,47.31,104.84,1,1,1
336,37,338.33,367.15,31.70,91.07,1,1,1
336,38,311.53,372.62,31.12,88.18,1,1,1
336,39,366.80,371.94,27.87,66.01,1,1,1
336,45,247.23,395.06,11.26,30.24,1,1,1
336,46,284.99,371.36,25.64,69.98,1,1,1
336,47,305.31,369.98,19.17,66.74,1,1,1
336,50,213.02,371.43,39.05,80.32,1,1,1
336,52,230.77,374.49,22.27,63.97,1,1,1
337,3,1361.94,346.27,97.76,261.94,1,1,1
337,4,1283.58,356.34,80.97,240.67,1,1,1
337,7,832.09,364.71,77.01,207.49,1,1,1
337,8,784.21,363.16,59.11,111.74,1,1,1
337,11,596.77,357.42,83.23,182.58,1,1,1
337,14,914.43,359.73,18.46,70.81,1,1,1
337,15,1568.09,307.45,86.17,284.04,1,1,1
337,17,461.78,368.15,50.00,122.29,1,1,1
337,18,457.75,374.33,20.86,55.08,1,1,1
337,19,511.23,358.29,81.28,184.49,1,1,1
337,20,432.74,365.74,22.84,66.24,1,1,1
337,25,499.24,363.20,33.50,101.27,1,1,1
337,31,392.31,374.52,35.58,75.00,1,1,1
337,32,883.53,328.42,211.11,550.62,1,1,1
337,33,311.78,369.95,47.36,107.21,1,1,1
337,37,338.20,365.84,30.43,94.41,1,1,1
337,38,311.49,379.19,27.95,81.37,1,1,1
337,39,369.30,370.15,23.88,68.44,1,1,1
337,45,246.91,395.52,14.07,30.28,1,1,1
337,46,286.37,371.82,23.33,68.36,1,1,1
337,47,308.08,369.98,20.09,69.75,1,1,1
337,50,215.70,372.06,35.57,76.21,1,1,1
337,52,231.73,376.65,21.07,63.20,1,1,1
338,3,1366.00,346.50,96.50,262.50,1,1,1
338,4,1286.00,356.50,81.00,239.50,1,1,1
338,7,830.59,366.47,80.59,203.53,1,1,1
338,8,784.87,362.73,61.99,107.75,1,1,1
338,11,597.65,358.24,84.12,178.82,1,1,1
338,14,915.29,360.24,20.49,66.67,1,1,1
338,15,1572.41,303.45,87.93,287.07,1,1,1
338,17,463.62,366.45,50.11,117.65,1,1,1
338,18,459.02,373.17,18.54,54.63,1,1,1
338,19,512.08,356.04,81.88,185.91,1,1,1
338,20,433.07,364.56,21.04,66.14,1,1,1
338,25,500.47,361.39,33.39,102.53,1,1,1
338,31,394.34,372.33,35.08,76.69,1,1,1
338,32,891.09,325.74,208.91,546.53,1,1,1
338,33,313.73,368.19,46.19,107.63,1,1,1
338,37,338.71,363.23,31.29,93.23,1,1,1
338,38,311.29,375.48,29.35,81.94,1,1,1
338,39,367.99,371.08,26.93,62.69,1,1,1
338,45,246.58,393.82,14.79,31.35,1,1,1
338,46,286.04,372.84,24.11,63.96,1,1,1
338,47,302.79,368.78,23.60,64.47,1,1,1
338,50,216.24,370.56,38.07,75.13,1,1,1
338,52,235.03,373.86,20.56,64.72,1,1,1
339,3,1371.11,344.89,98.67,263.56,1,1,1
339,4,1288.89,354.67,82.67,240.00,1,1,1
339,7,834.22,364.17,78.61,207.49,1,1,1
339,8,795.57,363.10,56.09,104.80,1,1,1
339,11,599.41,354.71,81.76,182.94,1,1,1
339,14,916.21,358.10,20.49,66.97,1,1,1
339,15,1579.65,304.42,88.50,284.96,1,1,1
339,17,462.82,365.34,51.47,122.27,1,1,1
339,18,459.57,371.63,23.40,58.87,1,1,1
339,19,511.71,355.61,82.44,185.37,1,1,1
339,20,432.77,363.87,22.48,65.76,1,1,1
339,25,501.89,360.08,33.40,104.41,1,1,1
339,31,393.49,371.64,35.50,75.63,1,1,1
339,32,897.62,324.19,209.52,540.48,1,1,1
339,33,316.34,366.83,45.05,108.42,1,1,1
339,37,339.35,363.23,31.94,94.19,1,1,1
339,38,310.65,372.90,31.61,85.48,1,1,1
339,39,367.77,368.65,25.61,63.58,1,1,1
339,45,249.01,393.38,13.25,31.35,1,1,1
339,46,287.00,372.66,23.90,64.05,1,1,1
339,47,308.80,364.82,21.41,73.42,1,1,1
339,50,217.59,367.88,33.65,83.75,1,1,1
339,52,233.89,372.82,21.14,64.09,1,1,1
340,3,1375.62,342.79,98.01,265.67,1,1,1
340,4,1292.54,352.24,84.58,240.30,1,1,1
340,7,835.12,357.56,82.44,211.22,1,1,1
340,8,801.46,360.49,54.63,113.66,1,1,1
340,11,601.29,354.84,81.94,180.00,1,1,1
340,14,916.24,357.11,22.34,68.02,1,1,1
340,15,1585.06,302.20,89.66,288.51,1,1,1
340,17,463.45,363.45,52.03,122.84,1,1,1
340,18,459.92,370.85,17.81,53.04,1,1,1
340,19,515.29,353.53,80.00,185.29,1,1,1
340,20,433.50,361.42,22.08,66.75,1,1,1
340,25,503.30,358.63,33.50,105.84,1,1,1
340,31,392.39,369.04,38.32,75.38,1,1,1
340,32,901.03,318.56,211.34,530.93,1,1,1
340,33,317.39,364.25,45.41,108.70,1,1,1
340,37,341.61,360.87,29.81,94.41,1,1,1
340,38,311.49,370.81,31.06,84.78,1,1,1
340,39,368.87,366.31,23.24,62.26,1,1,1
340,45,249.89,391.26,13.22,31.13,1,1,1
340,46,286.81,370.36,25.62,63.86,1,1,1
340,47,309.18,361.57,19.89,65.58,1,1,1
340,50,219.12,367.11,34.23,81.26,1,1,1
340,52,232.39,370.85,22.27,63.56,1,1,1
341,3,1380.44,340.00,98.22,266.67,1,1,1
341,4,1294.67,351.56,84.44,240.44,1,1,1
341,7,838.50,357.75,81.82,209.09,1,1,1
341,8,807.75,358.30,53.87,107.75,1,1,1
341,11,603.87,351.61,78.71,181.94,1,1,1
341,14,919.96,355.88,18.70,63.87,1,1,1
341,15,1590.68,298.31,89.83,292.37,1,1,1
341,17,466.75,361.17,50.76,122.34,1,1,1
341,18,460.96,368.45,19.79,54.01,1,1,1
341,19,512.68,352.68,83.41,185.85,1,1,1
341,20,433.76,360.66,23.10,65.48,1,1,1
341,25,505.33,357.61,31.47,104.31,1,1,1
341,31,393.65,366.24,35.79,76.90,1,1,1
341,32,908.43,314.19,209.64,527.71,1,1,1
341,33,319.78,362.27,43.22,110.62,1,1,1
341,37,338.19,357.93,33.66,95.79,1,1,1
341,38,310.68,367.96,28.80,86.08,1,1,1
341,39,370.16,365.03,24.05,63.92,1,1,1
341,43,229.36,374.50,20.30,58.39,1,1,1
341,45,250.34,389.60,14.09,32.89,1,1,1
341,46,287.31,364.72,24.87,69.54,1,1,1
341,47,308.17,359.30,24.17,71.83,1,1,1
341,50,219.41,365.16,31.65,81.38,1,1,1
341,52,236.77,369.08,18.94,63.51,1,1,1
342,3,1385.85,340.49,98.05,263.90,1,1,1
342,4,1297.07,349.27,84.39,240.49,1,1,1
342,7,841.71,355.08,83.42,210.70,1,1,1
342,8,796.68,356.83,68.27,114.39,1,1,1
342,11,602.94,350.00,78.82,182.94,1,1,1
342,14,919.29,354.57,18.53,67.77,1,1,1
342,15,1597.85,293.55,89.25,293.55,1,1,1
342,17,465.59,358.70,51.82,125.10,1,1,1
342,18,459.36,366.84,19.25,57.75,1,1,1
342,19,515.38,351.42,80.97,183.81,1,1,1
342,20,434.01,358.30,21.86,65.99,1,1,1
342,25,505.26,356.28,33.20,102.83,1,1,1
342,31,394.92,365.23,34.52,75.63,1,1,1
342,32,912.64,309.09,210.34,535.63,1,1,1
342,33,320.21,360.63,43.04,108.40,1,1,1
342,37,340.19,355.45,30.22,95.33,1,1,1
342,38,311.21,368.54,33.33,85.05,1,1,1
342,39,369.44,363.68,24.15,62.39,1,1,1
342,43,227.05,369.73,20.93,60.06,1,1,1
342,45,250.72,388.24,13.20,33.17,1,1,1
342,46,287.82,363.71,24.37,66.50,1,1,1
342,47,308.88,358.38,25.63,71.83,1,1,1
342,50,220.05,362.94,32.49,82.74,1,1,1
342,52,236.95,367.44,17.55,63.05,1,1,1
343,3,1390.32,338.71,97.58,265.32,1,1,1
343,4,1300.56,346.93,83.80,241.34,1,1,1
343,7,842.25,352.94,83.96,211.76,1,1,1
343,8,804.45,357.09,60.32,119.03,1,1,1
343,11,604.12,345.88,80.00,184.71,1,1,1
343,14,920.05,353.05,17.01,64.72,1,1,1
343,15,1600.00,294.44,93.33,292.22,1,1,1
343,17,465.48,357.61,51.52,123.35,1,1,1
343,18,461.33,366.22,20.00,52.00,1,1,1
343,19,517.07,350.24,80.00,184.39,1,1,1
343,20,433.94,355.96,22.94,68.20,1,1,1
343,25,505.08,355.33,31.73,100.25,1,1,1
343,31,393.40,363.20,35.53,76.40,1,1,1
343,32,915.46,307.22,213.40,539.18,1,1,1
343,33,319.77,358.76,44.92,110.17,1,1,1
343,37,337.57,355.08,31.92,93.79,1,1,1
343,38,309.32,363.28,29.10,86.44,1,1,1
343,39,367.96,359.81,24.66,64.08,1,1,1
343,43,229.71,365.05,21.75,65.05,1,1,1
343,45,250.00,386.70,14.62,30.56,1,1,1
343,46,288.22,361.43,21.94,68.36,1,1,1
343,47,311.32,356.81,20.79,72.29,1,1,1
343,50,219.86,360.74,32.33,83.37,1,1,1
343,52,237.31,365.44,17.43,61.77,1,1,1
344,3,1394.57,337.98,97.67,265.12,1,1,1
344,4,1305.43,346.51,81.40,241.09,1,1,1
344,7,844.88,351.71,83.90,212.68,1,1,1
344,8,804.36,352.68,60.74,124.16,1,1,1
344,11,603.53,345.29,80.59,184.12,1,1,1
344,14,918.24,351.73,20.32,63.28,1,1,1
344,15,1605.83,297.09,92.23,291.26,1,1,1
344,17,463.23,355.43,52.37,124.79,1,1,1
344,18,462.22,363.11,15.56,53.78,1,1,1
344,19,516.47,349.41,79.41,181.76,1,1,1
344,20,432.87,354.04,22.84,69.92,1,1,1
344,25,507.80,353.48,31.48,102.23,1,1,1
344,31,391.64,362.12,35.10,75.49,1,1,1
344,32,921.35,305.62,210.11,539.33,1,1,1
344,33,320.00,357.59,43.79,109.31,1,1,1
344,37,338.82,354.35,31.06,93.79,1,1,1
344,38,305.28,361.18,41.93,92.55,1,1,1
344,39,368.16,362.72,23.30,60.78,1,1,1
344,43,224.66,365.44,23.69,62.52,1,1,1
344,45,250.88,384.80,12.43,35.67,1,1,1
344,46,288.02,360.72,23.96,69.36,1,1,1
344,47,310.86,355.43,21.17,73.26,1,1,1
344,50,219.78,361.00,32.31,81.62,1,1,1
344,52,231.47,367.01,21.32,58.88,1,1,1
345,3,1397.56,336.10,99.51,267.32,1,1,1
345,4,1306.83,345.85,82.44,242.44,1,1,1
345,7,845.85,348.78,84.88,213.66,1,1,1
345,8,805.37,350.67,62.75,125.50,1,1,1
345,11,602.58,342.58,80.65,181.94,1,1,1
345,14,917.33,348.89,19.56,66.67,1,1,1
345,15,1607.75,292.75,96.25,291.25,1,1,1
345,17,462.95,353.48,53.76,124.79,1,1,1
345,18,459.92,362.75,18.22,53.04,1,1,1
345,19,518.72,345.99,77.01,185.03,1,1,1
345,20,430.36,352.65,24.23,69.08,1,1,1
345,25,505.01,352.37,32.03,103.06,1,1,1
345,31,391.09,359.33,34.82,76.04,1,1,1
345,32,925.25,305.05,210.10,543.43,1,1,1
345,33,319.05,356.61,44.97,105.29,1,1,1
345,37,337.92,352.91,29.05,94.80,1,1,1
345,38,307.34,359.02,29.66,93.88,1,1,1
345,39,367.89,360.24,22.94,61.16,1,1,1
345,43,223.33,360.61,22.37,65.20,1,1,1
345,45,247.34,382.73,13.96,32.52,1,1,1
345,46,285.91,358.20,21.71,67.21,1,1,1
345,47,312.70,354.97,19.86,64.43,1,1,1
345,50,219.63,358.20,30.25,81.52,1,1,1
346,3,1401.95,335.12,98.54,263.90,1,1,1
346,4,1310.24,344.88,81.46,241.46,1,1,1
346,7,845.29,348.82,85.88,214.12,1,1,1
346,8,821.05,346.96,50.20,125.10,1,1,1
346,11,603.74,340.64,77.54,181.28,1,1,1
346,14,916.78,348.99,19.13,63.09,1,1,1
346,15,1612.93,289.66,99.14,298.28,1,1,1
346,17,462.69,351.68,51.38,123.85,1,1,1
346,18,460.96,360.96,16.04,50.27,1,1,1
346,19,515.12,344.39,77.56,183.41,1,1,1
346,20,431.50,350.15,23.24,64.22,1,1,1
346,25,502.75,350.76,32.72,101.22,1,1,1
346,31,389.91,357.49,32.42,74.62,1,1,1
346,32,928.09,302.25,207.87,548.31,1,1,1
346,33,318.65,353.52,44.65,111.01,1,1,1
346,37,337.54,350.51,29.35,101.37,1,1,1
346,38,304.10,356.31,33.11,103.75,1,1,1
346,39,365.67,355.86,23.88,63.11,1,1,1
346,43,218.12,356.29,23.24,60.98,1,1,1
346,45,248.23,381.35,12.38,32.15,1,1,1
346,46,286.99,356.72,20.47,69.51,1,1,1
346,47,311.09,349.89,22.39,68.44,1,1,1
346,50,219.26,356.99,30.87,81.79,1,1,1
347,3,1408.89,336.44,92.89,261.33,1,1,1
347,4,1315.11,344.00,76.00,240.44,1,1,1
347,7,850.80,347.59,82.35,213.37,1,1,1
347,8,822.46,347.06,59.36,129.41,1,1,1
347,11,607.65,336.47,74.71,181.76,1,1,1
347,14,915.10,347.32,20.81,68.46,1,1,1
347,15,1616.50,287.38,97.09,298.06,1,1,1
347,17,464.12,352.35,45.29,120.59,1,1,1
347,19,519.41,342.94,68.82,182.35,1,1,1
347,31,385.83,358.30,29.15,67.21,1,1,1
347,32,931.18,302.15,203.23,549.46,1,1,1
347,33,317.41,356.68,36.03,104.86,1,1,1
347,37,335.38,352.31,32.82,92.82,1,1,1
347,38,293.85,356.92,33.85,101.03,1,1,1
347,39,368.60,356.59,16.67,51.16,1,1,1
347,43,210.90,361.99,20.82,52.30,1,1,1
347,45,244.55,383.05,7.99,17.92,1,1,1
347,46,280.50,356.98,19.12,62.72,1,1,1
347,50,223.98,359.36,21.64,64.62,1,1,1
348,3,1410.16,334.22,96.26,266.31,1,1,1
348,4,1312.83,342.78,79.68,238.50,1,1,1
348,7,848.29,345.37,86.34,215.61,1,1,1
348,8,822.88,346.13,46.49,122.51,1,1,1
348,11,602.14,335.29,77.01,183.96,1,1,1
348,14,905.88,343.32,31.55,89.84,1,1,1
348,15,1620.14,289.43,94.29,294.29,1,1,1
348,17,459.02,349.76,48.29,120.98,1,1,1
348,19,511.61,341.29,74.19,185.81,1,1,1
348,20,422.44,348.29,22.44,61.46,1,1,1
348,31,383.03,358.30,31.00,71.96,1,1,1
348,32,929.21,303.73,207.41,551.85,1,1,1
348,33,315.13,349.08,38.01,110.33,1,1,1
348,37,331.28,350.62,31.28,92.18,1,1,1
348,38,293.00,360.49,31.28,94.24,1,1,1
348,39,360.08,351.03,20.16,61.73,1,1,1
348,43,208.43,354.33,22.72,62.53,1,1,1
348,45,238.88,376.81,12.18,24.59,1,1,1
348,46,274.87,355.58,21.32,63.20,1,1,1
348,50,218.18,357.34,23.08,67.13,1,1,1
349,3,1407.65,335.88,97.65,264.12,1,1,1
349,4,1308.82,342.35,82.35,240.59,1,1,1
349,7,846.34,344.88,84.39,217.56,1,1,1
349,8,825.85,342.44,43.41,124.88,1,1,1
349,11,596.77,333.55,75.48,183.87,1,1,1
349,14,908.56,344.95,20.80,58.41,1,1,1
349,15,1621.36,287.38,98.06,297.09,1,1,1
349,17,451.81,345.68,52.37,123.68,1,1,1
349,18,451.16,355.81,17.05,55.81,1,1,1
349,19,506.83,340.00,75.12,182.44,1,1,1
349,20,413.09,345.13,29.53,69.36,1,1,1
349,25,494.15,345.13,34.26,106.13,1,1,1
349,31,377.31,354.20,32.56,78.36,1,1,1
349,32,923.81,305.71,208.57,555.24,1,1,1
349,33,311.76,347.48,37.39,115.34,1,1,1
349,35,300.00,349.66,17.47,57.53,1,1,1
349,37,322.95,347.95,29.45,92.12,1,1,1
349,38,290.41,353.08,37.33,96.58,1,1,1
349,39,354.45,351.03,23.63,65.41,1,1,1
349,41,309.93,352.40,20.89,56.51,1,1,1
349,43,200.58,351.36,27.43,66.73,1,1,1
349,45,237.55,373.15,11.48,29.38,1,1,1
349,46,267.01,352.03,24.87,66.75,1,1,1
349,50,208.63,352.54,27.41,77.41,1,1,1
350,3,1406.83,332.20,95.61,265.85,1,1,1
350,4,1306.34,337.56,80.49,246.83,1,1,1
350,7,842.94,342.35,81.18,218.24,1,1,1
350,8,821.86,340.49,44.13,125.51,1,1,1
350,11,592.94,332.94,72.94,184.12,1,1,1
350,15,1616.28,287.16,102.33,298.84,1,1,1
350,17,445.97,344.30,51.68,123.83,1,1,1
350,18,443.32,353.48,19.25,51.34,1,1,1
350,19,504.39,335.61,73.66,188.29,1,1,1
350,20,411.74,342.62,28.52,70.13,1,1,1
350,25,488.26,342.62,30.54,106.71,1,1,1
350,31,374.92,352.60,29.66,76.76,1,1,1
350,32,920.00,307.27,207.27,556.36,1,1,1
350,33,305.50,343.73,40.37,115.60,1,1,1
350,35,293.36,347.66,23.05,74.22,1,1,1
350,37,316.80,344.53,32.81,96.88,1,1,1
350,38,284.77,353.52,33.20,98.05,1,1,1
350,39,348.83,350.78,24.22,60.94,1,1,1
350,41,302.34,350.78,31.25,67.58,1,1,1
350,43,194.12,348.88,24.14,66.53,1,1,1
350,45,231.64,371.81,10.75,27.99,1,1,1
350,46,260.92,348.32,24.16,57.35,1,1,1
350,50,203.23,351.97,28.32,72.04,1,1,1
351,3,1405.03,329.15,97.49,259.80,1,1,1
351,4,1301.51,336.18,83.42,243.72,1,1,1
351,7,843.32,339.57,78.07,221.39,1,1,1
351,8,822.46,337.97,41.71,126.74,1,1,1
351,11,586.45,329.68,72.90,183.87,1,1,1
351,12,861.46,346.34,19.02,53.66,1,1,1
351,15,1620.93,282.51,96.51,301.16,1,1,1
351,17,437.31,341.28,55.96,126.61,1,1,1
351,18,436.89,351.56,19.11,54.22,1,1,1
351,19,496.77,332.90,74.19,186.45,1,1,1
351,20,406.42,340.98,23.55,68.50,1,1,1
351,25,485.32,340.06,35.17,97.55,1,1,1
351,30,324.37,344.12,23.32,71.64,1,1,1
351,31,364.35,350.97,34.82,78.27,1,1,1
351,32,915.96,308.51,205.32,552.13,1,1,1
351,33,299.64,342.29,45.88,113.62,1,1,1
351,35,290.49,340.14,23.24,88.03,1,1,1
351,37,307.75,339.08,36.62,89.08,1,1,1
351,38,279.58,349.65,26.41,88.03,1,1,1
351,39,341.55,347.89,23.24,63.03,1,1,1
351,41,300.70,347.18,21.83,70.42,1,1,1
351,42,256.60,350.20,16.40,51.20,1,1,1
351,43,188.80,346.40,32.20,70.40,1,1,1
351,45,225.00,369.80,12.60,33.00,1,1,1
351,46,257.77,346.22,23.11,67.02,1,1,1
351,50,195.70,347.67,32.62,80.65,1,1,1
352,3,1403.21,326.20,97.86,261.50,1,1,1
352,4,1297.86,334.76,82.35,242.78,1,1,1
352,7,839.42,337.23,78.10,221.17,1,1,1
352,8,818.35,338.99,34.86,125.69,1,1,1
352,11,582.67,328.89,72.89,184.89,1,1,1
352,12,855.96,342.51,19.27,52.91,1,1,1
352,15,1618.26,281.74,92.17,302.61,1,1,1
352,17,428.44,337.92,58.41,120.49,1,1,1
352,18,430.24,348.78,17.56,51.71,1,1,1
352,19,488.89,330.67,77.33,187.56,1,1,1
352,20,400.00,337.00,22.32,68.81,1,1,1
352,25,480.12,337.31,32.11,104.59,1,1,1
352,30,318.71,341.57,23.09,70.90,1,1,1
352,31,358.43,347.58,34.87,77.60,1,1,1
352,32,912.50,305.21,203.12,547.92,1,1,1
352,33,292.38,338.80,47.11,116.17,1,1,1
352,35,281.44,341.75,18.30,57.47,1,1,1
352,37,300.77,337.37,34.28,92.53,1,1,1
352,38,269.85,348.45,30.41,86.34,1,1,1
352,39,337.63,342.01,22.94,64.43,1,1,1
352,41,289.95,342.53,26.03,71.13,1,1,1
352,42,248.20,346.39,16.75,52.06,1,1,1
352,43,179.64,342.53,30.67,69.85,1,1,1
352,45,217.01,366.49,13.92,33.25,1,1,1
352,46,252.66,342.49,22.40,68.36,1,1,1
352,50,187.07,342.03,31.64,87.07,1,1,1
353,3,1400.00,323.56,98.67,261.78,1,1,1
353,4,1294.22,329.33,82.67,245.78,1,1,1
353,7,834.84,333.55,81.94,221.94,1,1,1
353,8,816.44,335.56,36.44,124.00,1,1,1
353,11,577.65,325.29,70.00,183.53,1,1,1
353,12,851.02,338.32,21.57,55.33,1,1,1
353,15,1614.67,278.00,102.67,305.33,1,1,1
353,18,424.35,345.76,18.08,50.55,1,1,1
353,19,485.03,325.67,73.26,189.84,1,1,1
353,20,391.36,333.43,25.63,69.08,1,1,1
353,25,471.87,332.31,34.26,106.41,1,1,1
353,30,311.76,338.66,23.53,70.80,1,1,1
353,31,351.26,343.70,33.82,77.73,1,1,1
353,32,908.00,302.00,204.00,550.67,1,1,1
353,33,284.66,335.50,47.48,115.76,1,1,1
353,35,276.45,335.17,15.60,65.44,1,1,1
353,37,295.11,332.72,32.11,94.50,1,1,1
353,38,263.00,343.12,29.66,90.52,1,1,1
353,39,329.05,339.76,22.94,64.22,1,1,1
353,41,286.54,339.45,19.88,67.89,1,1,1
353,42,241.60,339.71,19.54,55.04,1,1,1
353,43,172.27,338.03,34.24,68.49,1,1,1
353,45,210.71,363.45,12.39,32.35,1,1,1
353,46,247.42,338.05,20.65,69.41,1,1,1
353,50,181.38,340.49,30.36,83.00,1,1,1
354,3,1398.05,320.98,98.05,264.88,1,1,1
354,4,1284.39,326.83,89.27,246.83,1,1,1
354,7,831.76,333.53,78.24,219.41,1,1,1
354,8,812.55,331.17,39.27,125.51,1,1,1
354,11,570.24,323.41,71.22,185.85,1,1,1
354,12,845.64,334.90,20.81,54.70,1,1,1
354,15,1615.56,277.78,98.89,302.22,1,1,1
354,17,413.65,332.03,59.33,126.46,1,1,1
354,18,417.56,342.93,18.05,52.68,1,1,1
354,19,475.71,324.29,76.92,189.47,1,1,1
354,20,384.40,331.20,24.79,71.03,1,1,1
354,25,465.46,329.81,34.54,107.24,1,1,1
354,30,303.78,334.24,26.05,73.95,1,1,1
354,31,343.49,341.60,34.03,78.36,1,1,1
354,32,906.67,298.00,196.00,554.67,1,1,1
354,33,277.31,332.14,49.79,116.39,1,1,1
354,35,269.08,332.59,16.16,66.30,1,1,1
354,37,286.07,333.15,33.70,93.59,1,1,1
354,38,255.43,343.18,25.91,86.07,1,1,1
354,39,320.89,335.65,25.07,67.69,1,1,1
354,41,280.50,336.49,21.45,67.13,1,1,1
354,42,237.18,336.34,16.39,56.30,1,1,1
354,43,165.55,334.66,33.40,69.75,1,1,1
354,45,204.20,362.39,12.18,32.56,1,1,1
354,46,232.96,335.37,26.37,60.77,1,1,1
354,50,171.85,339.50,32.77,77.73,1,1,1
355,3,1395.61,320.00,97.07,262.93,1,1,1
355,4,1275.12,326.83,92.68,248.29,1,1,1
355,7,828.29,330.24,77.07,223.90,1,1,1
355,8,808.87,332.11,41.90,124.16,1,1,1
355,11,564.71,324.12,72.94,186.47,1,1,1
355,12,843.20,332.55,18.28,50.42,1,1,1
355,15,1610.48,274.29,102.86,306.67,1,1,1
355,17,408.55,332.79,57.97,124.02,1,1,1
355,18,411.11,340.00,17.78,56.44,1,1,1
355,19,470.05,323.53,75.40,189.30,1,1,1
355,20,377.83,329.79,26.33,77.37,1,1,1
355,25,458.20,327.48,36.72,107.62,1,1,1
355,30,299.08,333.49,22.63,74.60,1,1,1
355,31,337.88,339.03,34.18,78.75,1,1,1
355,32,897.67,294.14,201.16,553.49,1,1,1
355,33,269.52,329.10,49.65,122.17,1,1,1
355,35,258.20,328.42,21.58,78.69,1,1,1
355,37,283.81,330.16,29.21,86.98,1,1,1
355,38,247.94,340.63,25.71,88.57,1,1,1
355,39,319.37,335.87,20.00,64.13,1,1,1
355,41,272.43,335.39,24.07,69.75,1,1,1
355,42,226.54,340.33,15.02,50.41,1,1,1
355,43,156.79,340.33,22.43,56.17,1,1,1
355,45,197.53,358.85,11.73,34.16,1,1,1
355,46,230.70,334.81,24.05,68.04,1,1,1
355,50,163.96,334.23,33.03,82.88,1,1,1
356,3,1390.74,317.90,98.77,265.43,1,1,1
356,4,1270.37,327.78,92.59,244.44,1,1,1
356,7,824.89,330.22,76.00,222.67,1,1,1
356,8,806.22,331.56,43.11,125.33,1,1,1
356,11,559.11,323.48,70.85,185.02,1,1,1
356,12,834.77,332.99,24.37,59.14,1,1,1
356,15,1606.67,271.11,103.33,305.56,1,1,1
356,17,404.70,331.54,55.37,123.49,1,1,1
356,18,404.44,338.67,18.22,60.44,1,1,1
356,19,464.00,323.11,77.33,188.89,1,1,1
356,20,371.48,328.52,23.49,76.85,1,1,1
356,25,453.69,325.84,32.55,103.36,1,1,1
356,30,292.73,333.08,23.33,77.82,1,1,1
356,31,331.22,338.58,35.28,78.68,1,1,1
356,32,890.67,291.33,202.67,554.67,1,1,1
356,33,260.80,328.87,51.63,120.65,1,1,1
356,35,256.09,328.41,20.30,68.27,1,1,1
356,37,272.69,328.04,33.95,98.52,1,1,1
356,38,239.48,343.54,25.46,84.87,1,1,1
356,39,309.96,335.06,22.14,66.05,1,1,1
356,41,265.13,334.45,22.27,63.87,1,1,1
356,42,219.96,339.50,15.97,51.26,1,1,1
356,43,148.53,340.13,23.32,56.09,1,1,1
356,45,189.71,362.39,11.97,29.20,1,1,1
356,46,223.33,334.64,23.79,69.05,1,1,1
356,50,156.76,337.84,35.81,81.08,1,1,1
357,3,1388.29,318.05,97.56,263.41,1,1,1
357,4,1266.34,325.37,91.71,247.32,1,1,1
357,7,822.77,328.42,79.68,223.53,1,1,1
357,8,801.48,330.63,43.17,126.57,1,1,1
357,11,552.00,322.67,74.22,186.22,1,1,1
357,12,830.58,330.28,22.94,59.63,1,1,1
357,15,1609.14,274.63,101.37,302.74,1,1,1
357,17,396.68,334.32,57.56,121.03,1,1,1
357,18,398.79,339.27,16.60,63.56,1,1,1
357,19,454.63,322.93,80.49,189.76,1,1,1
357,20,364.94,329.15,24.72,74.54,1,1,1
357,25,449.08,327.31,31.00,101.48,1,1,1
357,26,426.57,331.37,29.15,98.89,1,1,1
357,30,285.52,331.48,25.91,74.93,1,1,1
357,31,325.46,338.75,33.21,77.86,1,1,1
357,32,887.88,288.89,198.99,548.48,1,1,1
357,33,255.43,332.59,51.25,117.27,1,1,1
357,35,248.99,328.52,19.80,73.15,1,1,1
357,37,267.79,329.53,32.21,90.60,1,1,1
357,38,233.89,340.27,25.50,88.26,1,1,1
357,39,308.05,339.26,18.46,61.74,1,1,1
357,41,260.15,334.26,21.83,70.30,1,1,1
357,42,218.53,340.36,14.72,51.02,1,1,1
357,43,142.64,338.58,23.86,59.90,1,1,1
357,45,185.53,358.88,10.41,32.49,1,1,1
357,46,219.48,334.61,21.74,70.09,1,1,1
357,50,151.94,337.98,34.88,77.52,1,1,1
358,3,1386.92,316.36,98.13,264.95,1,1,1
358,4,1267.76,322.90,84.11,247.20,1,1,1
358,7,819.43,329.15,75.71,223.89,1,1,1
358,8,798.05,328.97,49.86,125.35,1,1,1
358,11,544.89,322.22,76.44,185.33,1,1,1
358,12,824.16,329.66,22.63,66.06,1,1,1
358,15,1609.73,265.49,101.77,313.27,1,1,1
358,17,393.59,332.87,55.71,123.40,1,1,1
358,18,394.19,338.71,18.06,58.71,1,1,1
358,19,448.66,322.99,81.82,188.77,1,1,1
358,20,358.77,328.41,25.35,71.59,1,1,1
358,25,442.90,327.86,31.75,104.18,1,1,1
358,26,423.68,330.64,27.86,101.95,1,1,1
358,30,283.61,332.77,22.48,78.57,1,1,1
358,31,319.75,338.87,33.40,74.37,1,1,1
358,32,880.85,284.04,204.26,543.62,1,1,1
358,33,248.95,328.15,53.99,122.69,1,1,1
358,35,242.63,326.60,20.83,74.68,1,1,1
358,37,262.50,328.53,31.73,86.86,1,1,1
358,38,225.96,338.14,27.24,90.38,1,1,1
358,39,301.46,337.32,19.24,62.97,1,1,1
358,41,252.77,333.24,29.15,70.85,1,1,1
358,42,135.86,335.28,33.82,67.06,1,1,1
358,45,178.13,357.73,11.95,34.99,1,1,1
358,46,214.43,334.26,20.35,72.87,1,1,1
358,50,144.55,334.09,36.82,83.64,1,1,1
359,3,1380.21,316.04,103.21,265.78,1,1,1
359,4,1264.17,321.93,83.96,248.66,1,1,1
359,7,817.56,326.83,75.12,223.90,1,1,1
359,8,794.63,326.34,53.17,129.27,1,1,1
359,11,540.49,321.46,78.54,185.02,1,1,1
359,12,820.89,327.02,24.23,64.35,1,1,1
359,15,1609.57,269.57,103.48,306.96,1,1,1
359,17,389.42,332.87,53.20,123.12,1,1,1
359,18,389.84,338.50,18.72,60.43,1,1,1
359,19,444.39,322.99,82.35,189.30,1,1,1
359,20,356.09,328.78,22.51,70.11,1,1,1
359,25,437.60,327.02,35.93,104.74,1,1,1
359,26,416.43,329.81,27.02,101.11,1,1,1
359,30,278.27,333.70,26.46,78.83,1,1,1
359,31,316.16,337.88,32.03,76.60,1,1,1
359,32,876.40,282.02,206.74,543.82,1,1,1
359,33,245.30,329.49,52.14,118.80,1,1,1
359,35,236.70,329.21,20.60,73.03,1,1,1
359,37,258.05,326.59,33.33,89.51,1,1,1
359,38,219.48,340.45,34.08,89.51,1,1,1
359,39,297.38,335.58,19.48,61.80,1,1,1
359,41,248.54,334.95,23.69,71.84,1,1,1
359,42,202.52,336.70,21.17,54.95,1,1,1
359,43,131.26,340.00,27.57,59.61,1,1,1
359,45,173.98,359.42,10.68,34.76,1,1,1
359,46,205.70,334.02,21.99,69.15,1,1,1
359,50,143.67,334.50,30.73,84.91,1,1,1
360,3,1378.67,314.67,103.56,266.67,1,1,1
360,4,1262.22,321.78,84.89,247.56,1,1,1
360,7,817.65,327.65,74.71,227.06,1,1,1
360,8,794.10,328.04,50.55,123.99,1,1,1
360,11,536.00,320.44,81.33,185.78,1,1,1
360,12,818.94,328.97,23.68,63.51,1,1,1
360,15,1613.91,262.61,98.26,314.78,1,1,1
360,17,386.58,332.21,52.35,125.17,1,1,1
360,18,386.83,337.56,17.56,64.39,1,1,1
360,19,440.44,323.56,81.78,189.33,1,1,1
360,20,351.68,329.53,23.49,65.44,1,1,1
360,25,438.59,328.86,30.54,93.96,1,1,1
360,26,414.43,330.54,27.18,100.67,1,1,1
360,30,272.82,333.22,27.52,80.54,1,1,1
360,31,311.74,336.91,33.56,78.19,1,1,1
360,32,872.22,276.67,210.00,555.56,1,1,1
360,33,242.62,330.54,53.02,122.82,1,1,1
360,35,235.57,328.86,23.49,76.85,1,1,1
360,37,252.68,327.52,35.91,96.64,1,1,1
360,38,214.77,342.28,33.56,89.26,1,1,1
360,39,293.96,334.90,19.13,60.74,1,1,1
360,41,242.89,334.52,22.34,69.54,1,1,1
360,42,201.38,335.30,15.01,57.31,1,1,1
360,43,127.16,340.61,29.44,57.61,1,1,1
360,45,169.29,358.63,13.20,34.01,1,1,1
360,46,205.08,334.41,16.86,66.97,1,1,1
360,50,140.79,334.65,27.19,84.65,1,1,1
361,3,1378.01,317.02,102.84,265.96,1,1,1
361,4,1263.12,319.86,86.52,253.90,1,1,1
361,7,817.56,329.27,78.54,226.83,1,1,1
361,8,799.33,330.87,43.96,124.83,1,1,1
361,11,530.97,321.94,83.23,186.45,1,1,1
361,12,811.11,330.22,28.89,69.78,1,1,1
361,15,1616.98,265.09,100.94,311.32,1,1,1
361,17,381.78,333.20,55.06,123.48,1,1,1
361,18,385.03,340.11,17.65,61.50,1,1,1
361,19,437.43,326.20,83.96,188.24,1,1,1
361,20,346.96,330.36,24.29,73.68,1,1,1
361,25,432.39,328.74,37.25,108.91,1,1,1
361,26,409.31,330.77,29.96,104.45,1,1,1
361,30,268.81,331.80,29.97,85.63,1,1,1
361,31,307.95,339.45,33.94,76.76,1,1,1
361,32,867.68,276.77,214.14,560.61,1,1,1
361,33,239.45,331.50,51.99,123.24,1,1,1
361,35,232.59,330.08,23.40,77.44,1,1,1
361,37,249.58,328.41,35.38,98.89,1,1,1
361,38,211.14,339.83,34.82,96.38,1,1,1
361,39,291.09,336.77,18.94,63.79,1,1,1
361,41,241.50,328.97,25.07,78.83,1,1,1
361,42,193.94,338.37,17.99,54.26,1,1,1
361,43,122.48,342.65,28.99,63.03,1,1,1
361,45,167.56,359.81,11.39,32.59,1,1,1
361,46,201.78,335.03,20.56,68.02,1,1,1
361,50,139.09,337.82,27.66,88.07,1,1,1
362,3,1380.00,315.12,102.44,268.29,1,1,1
362,4,1262.44,320.00,85.85,252.68,1,1,1
362,7,817.07,328.29,77.56,228.29,1,1,1
362,8,802.68,329.19,41.95,125.50,1,1,1
362,11,524.71,321.18,87.06,185.88,1,1,1
362,12,812.96,331.58,23.48,66.40,1,1,1
362,15,1617.78,267.78,100.00,311.11,1,1,1
362,17,379.20,333.33,55.05,125.08,1,1,1
362,18,379.68,340.64,17.11,57.75,1,1,1
362,19,433.53,324.71,83.53,191.76,1,1,1
362,20,342.20,331.80,26.61,71.25,1,1,1
362,22,508.51,331.21,17.02,82.98,1,1,1
362,25,430.58,330.89,38.23,108.56,1,1,1
362,26,407.03,333.64,31.19,108.26,1,1,1
362,30,264.67,334.41,31.87,84.30,1,1,1
362,31,305.08,339.72,33.72,78.29,1,1,1
362,32,863.95,276.70,217.44,565.12,1,1,1
362,33,232.33,335.57,57.27,121.48,1,1,1
362,35,225.35,333.10,27.82,76.76,1,1,1
362,37,243.31,329.93,32.75,102.11,1,1,1
362,38,208.10,343.31,31.34,90.14,1,1,1
362,39,287.13,340.35,18.56,62.38,1,1,1
362,41,238.86,330.20,23.51,79.21,1,1,1
362,42,196.78,344.31,13.61,49.75,1,1,1
362,43,120.79,345.54,33.17,65.10,1,1,1
362,45,164.61,363.06,11.13,31.38,1,1,1
362,46,198.58,337.97,21.04,72.15,1,1,1
362,50,130.93,339.64,32.13,84.98,1,1,1
363,3,1384.40,314.89,97.87,267.38,1,1,1
363,4,1262.41,320.57,86.52,252.48,1,1,1
363,7,815.12,327.32,78.05,228.29,1,1,1
363,8,801.48,328.41,47.23,118.08,1,1,1
363,11,520.00,321.78,90.22,186.67,1,1,1
363,12,812.50,331.60,21.53,62.85,1,1,1
363,15,1619.15,267.02,104.26,308.51,1,1,1
363,17,375.77,331.75,55.43,125.35,1,1,1
363,18,377.56,340.98,18.05,62.93,1,1,1
363,19,431.55,325.13,83.42,191.98,1,1,1
363,20,340.11,331.75,28.69,75.21,1,1,1
363,22,508.86,332.47,19.93,75.65,1,1,1
363,25,428.13,330.92,43.45,110.86,1,1,1
363,26,403.62,333.43,32.87,107.24,1,1,1
363,30,261.84,334.54,33.43,82.45,1,1,1
363,31,303.06,339.55,34.82,77.72,1,1,1
363,32,860.67,277.53,220.22,569.66,1,1,1
363,33,230.08,336.21,58.22,119.22,1,1,1
363,35,225.16,333.23,25.47,78.26,1,1,1
363,37,240.99,329.50,33.85,103.73,1,1,1
363,38,203.42,342.86,32.92,91.93,1,1,1
363,39,282.30,340.68,21.12,64.29,1,1,1
363,41,236.02,330.12,27.95,81.06,1,1,1
363,42,195.74,344.56,11.51,50.32,1,1,1
363,43,118.12,345.42,26.87,63.33,1,1,1
363,45,160.96,363.60,11.84,32.16,1,1,1
363,46,198.89,338.45,17.56,72.15,1,1,1
363,50,127.60,342.21,32.14,86.69,1,1,1
364,3,1382.93,315.61,100.00,266.34,1,1,1
364,4,1265.37,320.00,79.51,255.12,1,1,1
364,7,816.10,328.78,78.05,229.76,1,1,1
364,8,804.70,330.54,40.94,113.09,1,1,1
364,11,517.56,323.41,91.71,185.37,1,1,1
364,15,1623.40,262.77,105.32,317.02,1,1,1
364,17,374.37,333.50,54.31,125.89,1,1,1
364,18,376.52,344.13,14.17,51.01,1,1,1
364,19,427.27,326.74,85.56,191.98,1,1,1
364,20,339.34,332.23,27.66,73.35,1,1,1
364,22,503.90,331.71,22.44,77.07,1,1,1
364,25,427.41,331.47,35.03,111.68,1,1,1
364,26,400.25,336.29,33.76,106.35,1,1,1
364,30,262.69,337.56,30.20,84.26,1,1,1
364,31,298.73,341.62,36.80,77.41,1,1,1
364,32,857.73,282.47,222.68,575.26,1,1,1
364,33,226.90,337.06,57.61,120.05,1,1,1
364,35,223.39,334.96,24.68,74.81,1,1,1
364,37,239.59,332.65,31.88,99.74,1,1,1
364,38,200.77,343.19,33.42,95.63,1,1,1
364,39,282.14,342.72,18.06,61.94,1,1,1
364,41,234.76,335.92,27.18,75.92,1,1,1
364,42,192.43,345.05,15.34,50.68,1,1,1
364,43,115.53,347.18,29.32,60.78,1,1,1
364,45,159.22,364.08,11.07,31.65,1,1,1
364,46,195.30,338.61,17.57,57.91,1,1,1
364,50,125.99,341.78,35.53,86.84,1,1,1
365,3,1383.11,314.67,100.44,268.44,1,1,1
365,4,1262.22,320.89,80.89,256.00,1,1,1
365,7,817.02,331.91,77.30,229.08,1,1,1
365,8,804.96,329.08,38.30,126.24,1,1,1
365,11,514.44,324.60,90.91,186.63,1,1,1
365,14,843.17,330.12,20.48,70.08,1,1,1
365,15,1630.67,260.55,104.55,322.73,1,1,1
365,17,372.59,334.77,54.57,126.90,1,1,1
365,18,373.80,346.52,19.79,59.89,1,1,1
365,19,427.27,327.81,84.49,188.77,1,1,1
365,20,335.28,334.26,31.98,71.32,1,1,1
365,22,501.55,333.33,18.60,78.29,1,1,1
365,25,425.38,332.74,36.55,109.64,1,1,1
365,26,398.73,338.07,32.23,106.60,1,1,1
365,30,258.43,339.72,31.87,79.68,1,1,1
365,31,296.30,342.49,36.72,79.68,1,1,1
365,32,857.94,285.05,220.56,574.77,1,1,1
365,33,225.64,339.03,56.81,118.94,1,1,1
365,35,218.64,335.25,31.19,79.66,1,1,1
365,37,236.27,334.58,33.22,101.02,1,1,1
365,38,197.63,344.75,33.56,93.90,1,1,1
365,39,283.15,345.79,15.90,60.89,1,1,1
365,41,231.53,334.23,24.32,80.18,1,1,1
365,42,190.95,347.29,14.71,52.04,1,1,1
365,43,112.90,347.06,30.09,65.61,1,1,1
365,45,158.94,367.29,10.05,30.32,1,1,1
365,46,195.43,341.12,15.48,58.88,1,1,1
365,50,122.84,343.91,35.28,85.53,1,1,1
366,3,1383.11,315.56,98.22,268.44,1,1,1
366,4,1264.89,320.00,74.22,257.78,1,1,1
366,7,817.06,330.00,77.65,233.53,1,1,1
366,8,807.05,329.53,31.54,114.77,1,1,1
366,11,512.15,324.29,96.36,187.85,1,1,1
366,14,833.67,332.66,29.15,73.37,1,1,1
366,15,1630.77,259.34,106.59,321.98,1,1,1
366,17,371.87,337.05,49.30,119.78,1,1,1
366,18,373.28,346.56,22.27,62.35,1,1,1
366,19,425.88,325.88,84.71,191.18,1,1,1
366,20,333.98,335.38,28.97,71.87,1,1,1
366,22,495.56,334.37,23.17,71.95,1,1,1
366,25,421.45,331.48,38.44,115.04,1,1,1
366,26,397.21,339.28,30.64,110.31,1,1,1
366,30,259.33,341.23,29.25,81.06,1,1,1
366,31,296.94,345.96,29.81,75.21,1,1,1
366,32,855.06,288.76,222.47,575.28,1,1,1
366,33,225.49,338.56,49.02,121.57,1,1,1
366,35,219.25,337.58,27.02,85.71,1,1,1
366,37,229.81,338.20,36.65,96.89,1,1,1
366,38,190.99,345.65,37.58,95.96,1,1,1
366,41,229.85,337.95,23.03,72.49,1,1,1
366,42,182.09,344.78,18.55,49.68,1,1,1
366,43,110.45,345.20,31.77,71.00,1,1,1
366,45,156.01,368.73,7.95,19.79,1,1,1
366,46,189.38,342.49,10.39,54.97,1,1,1
366,50,124.71,346.42,29.10,79.45,1,1,1
367,3,1383.40,313.77,100.81,270.85,1,1,1
367,4,1269.64,320.24,69.64,259.51,1,1,1
367,7,817.07,331.22,80.49,233.17,1,1,1
367,8,808.26,330.58,33.03,129.05,1,1,1
367,11,511.76,325.67,94.65,189.84,1,1,1
367,14,828.17,330.96,29.19,75.89,1,1,1
367,15,1637.61,264.22,100.00,318.06,1,1,1
367,17,370.95,338.23,49.85,118.04,1,1,1
367,18,368.98,348.66,17.11,64.17,1,1,1
367,19,425.88,329.41,81.76,189.41,1,1,1
367,20,331.50,335.17,31.19,70.34,1,1,1
367,22,490.59,335.29,20.59,74.71,1,1,1
367,25,421.10,332.72,36.09,115.29,1,1,1
367,26,391.74,339.76,32.72,106.12,1,1,1
367,30,258.10,342.81,28.75,80.73,1,1,1
367,31,296.64,345.87,33.94,75.23,1,1,1
367,32,856.67,295.56,221.11,576.67,1,1,1
367,33,225.94,339.75,51.05,123.01,1,1,1
367,35,216.78,339.60,33.22,78.52,1,1,1
367,37,229.53,338.59,35.57,102.01,1,1,1
367,38,189.93,347.32,36.58,94.97,1,1,1
367,41,226.10,339.72,25.17,75.98,1,1,1
367,42,180.60,345.03,23.33,56.81,1,1,1
367,43,108.55,345.03,28.87,72.52,1,1,1
367,45,154.68,369.98,8.60,21.99,1,1,1
367,46,186.68,343.58,18.89,60.29,1,1,1
367,50,123.14,346.28,27.69,80.99,1,1,1
368,3,1384.21,313.36,100.81,266.80,1,1,1
368,4,1273.28,323.48,68.42,257.09,1,1,1
368,7,816.47,333.53,80.00,233.53,1,1,1
368,8,808.82,329.41,30.59,132.35,1,1,1
368,11,509.63,326.74,97.33,189.84,1,1,1
368,14,830.71,333.50,24.62,71.57,1,1,1
368,15,1642.01,266.24,103.80,318.99,1,1,1
368,17,367.89,338.23,56.27,122.94,1,1,1
368,18,367.79,347.99,16.11,59.73,1,1,1
368,19,425.29,330.00,82.94,191.18,1,1,1
368,20,331.50,336.39,30.58,64.83,1,1,1
368,22,484.50,334.88,27.91,78.29,1,1,1
368,25,420.18,334.25,40.67,112.84,1,1,1
368,26,398.47,341.90,29.05,107.34,1,1,1
368,30,255.35,343.12,29.97,80.12,1,1,1
368,31,292.97,348.62,37.31,77.06,1,1,1
368,32,857.30,296.63,222.47,576.40,1,1,1
368,33,225.99,341.28,50.15,123.85,1,1,1
368,35,216.48,342.74,31.56,74.58,1,1,1
368,37,228.89,340.74,32.96,102.22,1,1,1
368,38,190.00,348.89,35.19,95.56,1,1,1
368,41,222.63,344.97,24.58,69.55,1,1,1
368,42,178.27,345.24,19.94,55.95,1,1,1
368,43,109.78,346.65,31.01,70.39,1,1,1
368,45,152.68,371.26,12.26,30.46,1,1,1
368,46,189.64,345.18,14.96,57.12,1,1,1
368,50,115.45,347.58,36.97,88.48,1,1,1
369,3,1385.78,315.56,101.33,267.11,1,1,1
369,4,1280.00,322.22,63.56,260.00,1,1,1
369,7,817.83,334.11,79.07,234.11,1,1,1
369,8,814.73,331.01,37.21,128.68,1,1,1
369,11,503.53,330.00,102.94,188.82,1,1,1
369,12,800.37,333.95,23.99,59.04,1,1,1
369,14,838.32,336.80,17.01,63.71,1,1,1
369,15,1645.56,260.00,102.22,326.67,1,1,1
369,17,367.26,341.37,53.30,125.13,1,1,1
369,18,366.79,349.82,19.56,54.98,1,1,1
369,19,427.74,329.68,77.42,193.55,1,1,1
369,20,328.93,338.32,31.22,67.51,1,1,1
369,22,487.06,337.06,24.71,84.12,1,1,1
369,25,422.08,335.28,37.82,114.72,1,1,1
369,26,393.65,344.42,35.53,106.60,1,1,1
369,30,254.06,344.16,32.99,81.73,1,1,1
369,31,294.42,354.31,35.03,72.59,1,1,1
369,32,865.52,298.75,211.49,578.16,1,1,1
369,33,224.37,343.40,51.78,123.60,1,1,1
369,35,213.74,342.37,28.24,70.23,1,1,1
369,37,225.19,342.37,35.50,100.38,1,1,1
369,38,186.64,351.15,38.17,94.66,1,1,1
369,41,222.73,345.85,17.00,51.98,1,1,1
369,42,177.87,348.87,16.01,53.87,1,1,1
369,43,108.30,355.34,25.10,59.88,1,1,1
369,45,151.04,373.21,12.50,30.21,1,1,1
369,46,186.05,345.70,23.52,58.32,1,1,1
369,50,121.03,351.82,30.98,84.13,1,1,1
370,3,1385.23,315.10,103.36,266.44,1,1,1
370,4,1281.54,322.82,63.76,261.41,1,1,1
370,5,503.87,338.71,21.94,98.06,1,1,1
370,7,820.00,335.12,75.12,234.63,1,1,1
370,8,814.98,334.86,32.42,131.19,1,1,1
370,10,936.44,312.71,86.44,245.76,1,1,1
370,11,508.38,330.71,94.67,189.09,1,1,1
370,12,801.78,333.81,21.00,59.79,1,1,1
370,15,1652.17,260.87,102.17,326.09,1,1,1
370,17,366.79,342.44,51.29,122.14,1,1,1
370,18,364.44,350.22,19.56,55.56,1,1,1
370,19,428.24,331.76,75.88,194.12,1,1,1
370,20,325.46,339.48,33.95,70.48,1,1,1
370,22,485.56,336.90,20.86,81.82,1,1,1
370,25,418.45,335.79,36.90,113.65,1,1,1
370,26,395.57,343.54,33.58,109.59,1,1,1
370,30,255.99,346.52,26.46,81.34,1,1,1
370,31,290.53,355.43,35.10,72.14,1,1,1
370,32,865.66,300.00,214.14,575.76,1,1,1
370,33,222.99,344.83,51.72,123.75,1,1,1
370,35,213.45,345.69,22.08,67.77,1,1,1
370,37,213.45,345.43,43.15,101.78,1,1,1
370,38,186.86,352.51,36.29,95.94,1,1,1
370,42,183.08,348.51,17.32,55.59,1,1,1
370,43,107.11,355.58,31.98,63.71,1,1,1
370,45,150.51,373.60,11.42,30.46,1,1,1
370,46,197.57,349.24,17.43,55.26,1,1,1
370,50,115.26,351.08,34.83,88.85,1,1,1
371,3,1386.47,311.76,103.53,271.18,1,1,1
371,4,1282.35,320.59,64.12,262.94,1,1,1
371,5,500.00,347.59,20.32,86.63,1,1,1
371,7,820.00,334.84,76.13,236.13,1,1,1
371,8,816.89,336.00,31.56,132.00,1,1,1
371,10,929.03,315.48,106.45,245.81,1,1,1
371,11,505.93,331.36,97.46,188.56,1,1,1
371,12,799.20,332.89,22.02,65.78,1,1,1
371,15,1657.00,260.00,100.00,325.00,1,1,1
371,17,363.82,344.71,53.24,121.50,1,1,1
371,18,361.95,352.20,19.02,55.61,1,1,1
371,19,428.42,331.15,71.04,190.71,1,1,1
371,20,324.57,339.59,31.06,70.99,1,1,1
371,22,483.53,335.88,18.24,70.59,1,1,1
371,25,417.41,335.84,45.05,115.36,1,1,1
371,26,393.86,344.03,32.08,108.53,1,1,1
371,30,251.41,344.35,32.49,84.46,1,1,1
371,31,285.86,350.64,37.30,76.48,1,1,1
371,32,871.13,297.94,209.28,578.35,1,1,1
371,33,223.16,344.92,48.59,124.86,1,1,1
371,35,207.46,341.39,25.19,75.84,1,1,1
371,37,218.09,341.98,36.52,104.10,1,1,1
371,38,182.94,351.88,35.15,96.25,1,1,1
371,42,179.92,347.33,16.15,58.15,1,1,1
371,43,104.47,355.92,25.24,60.39,1,1,1
371,45,148.54,373.79,11.07,32.43,1,1,1
371,46,193.33,349.91,16.31,49.02,1,1,1
371,50,112.96,348.61,35.65,91.67,1,1,1
372,3,1388.78,312.68,101.46,271.71,1,1,1
372,4,1284.39,318.54,62.93,267.80,1,1,1
372,5,485.71,346.94,26.53,88.27,1,1,1
372,7,821.46,334.63,75.12,236.59,1,1,1
372,8,812.23,334.56,37.92,132.72,1,1,1
372,10,926.95,315.60,107.80,234.75,1,1,1
372,11,500.44,331.11,100.44,189.33,1,1,1
372,12,795.72,333.64,26.30,61.16,1,1,1
372,15,1657.75,256.50,107.50,330.00,1,1,1
372,17,360.07,344.63,55.37,121.48,1,1,1
372,18,357.49,352.23,23.08,59.11,1,1,1
372,19,428.29,331.71,66.34,194.15,1,1,1
372,20,322.15,340.27,28.52,71.81,1,1,1
372,22,488.81,344.40,13.43,60.45,1,1,1
372,25,413.42,336.91,41.28,114.43,1,1,1
372,26,389.26,343.29,33.56,110.07,1,1,1
372,30,250.00,344.97,27.52,82.55,1,1,1
372,31,285.57,352.35,32.21,74.50,1,1,1
372,32,873.33,295.56,210.00,585.56,1,1,1
372,33,218.52,345.37,46.30,125.46,1,1,1
372,35,204.62,342.73,29.10,79.91,1,1,1
372,37,214.68,344.04,34.86,101.83,1,1,1
372,38,177.98,353.82,37.61,94.19,1,1,1
372,42,177.82,351.40,13.63,48.96,1,1,1
372,43,99.77,356.58,29.79,64.67,1,1,1
372,45,142.26,375.52,11.09,31.64,1,1,1
372,46,191.19,350.91,14.90,47.62,1,1,1
372,50,113.39,350.61,30.43,90.96,1,1,1
373,3,1388.24,311.23,102.14,272.73,1,1,1
373,4,1281.82,320.86,69.52,264.17,1,1,1
373,5,493.12,345.87,19.72,88.99,1,1,1
373,7,822.22,334.67,74.67,237.33,1,1,1
373,8,811.56,333.78,40.00,135.56,1,1,1
373,10,923.23,316.77,78.71,214.19,1,1,1
373,11,503.23,332.90,94.19,189.68,1,1,1
373,12,792.36,333.96,27.55,64.18,1,1,1
373,15,1663.85,256.32,102.81,328.59,1,1,1
373,17,358.50,345.96,52.65,125.35,1,1,1
373,18,354.67,354.22,21.78,59.56,1,1,1
373,19,424.60,333.69,68.98,191.98,1,1,1
373,20,316.16,342.90,31.75,72.14,1,1,1
373,25,413.65,339.55,45.96,113.93,1,1,1
373,26,390.53,344.57,32.31,110.58,1,1,1
373,30,245.68,344.57,32.59,86.63,1,1,1
373,31,280.50,353.48,32.59,77.16,1,1,1
373,32,876.50,292.75,210.00,582.50,1,1,1
373,33,212.81,347.91,50.42,124.23,1,1,1
373,35,204.82,343.34,29.75,78.75,1,1,1
373,37,214.64,345.79,35.20,103.43,1,1,1
373,38,176.01,355.76,35.20,95.95,1,1,1
373,42,171.83,350.77,16.87,56.88,1,1,1
373,43,100.00,358.95,24.71,64.01,1,1,1
373,45,140.47,377.04,13.04,30.93,1,1,1
373,46,185.87,352.96,15.87,53.82,1,1,1
373,50,106.73,350.30,36.83,93.27,1,1,1
374,3,1387.32,315.12,104.39,271.71,1,1,1
374,4,1281.95,320.49,69.76,267.32,1,1,1
374,5,487.76,350.00,21.94,80.61,1,1,1
374,7,818.05,336.59,79.51,240.49,1,1,1
374,8,810.09,337.92,39.14,133.33,1,1,1
374,10,918.44,319.86,101.42,231.91,1,1,1
374,11,500.37,336.16,91.14,188.93,1,1,1
374,12,791.37,336.80,24.87,67.77,1,1,1
374,14,817.77,337.31,22.34,75.13,1,1,1
374,15,1666.67,260.22,103.23,327.96,1,1,1
374,17,352.92,348.19,56.27,127.30,1,1,1
374,18,352.00,356.89,20.89,57.33,1,1,1
374,19,421.05,336.84,72.06,193.52,1,1,1
374,20,313.93,346.80,29.81,71.03,1,1,1
374,25,411.14,343.18,38.72,114.21,1,1,1
374,26,387.19,347.08,32.31,110.86,1,1,1
374,30,241.23,349.58,33.15,85.52,1,1,1
374,31,275.21,355.43,37.33,78.27,1,1,1
374,32,877.78,290.91,208.08,573.74,1,1,1
374,33,210.58,351.53,51.25,124.79,1,1,1
374,35,200.28,347.35,30.92,77.99,1,1,1
374,37,209.96,348.34,32.84,103.32,1,1,1
374,38,171.22,357.93,35.42,97.05,1,1,1
374,42,167.65,358.61,14.50,52.31,1,1,1
374,43,95.59,361.97,25.00,65.34,1,1,1
374,45,137.61,380.46,10.71,31.72,1,1,1
374,46,173.26,354.43,17.72,55.85,1,1,1
374,50,103.90,354.65,35.44,92.19,1,1,1
375,3,1385.37,317.56,104.39,272.20,1,1,1
375,4,1280.00,326.34,71.22,266.83,1,1,1
375,5,480.79,353.64,22.52,92.72,1,1,1
375,7,818.06,341.29,76.77,240.00,1,1,1
375,8,808.10,342.11,42.91,132.79,1,1,1
375,10,911.61,323.87,106.45,218.71,1,1,1
375,11,494.15,338.54,92.20,190.24,1,1,1
375,12,788.01,340.06,25.90,70.25,1,1,1
375,14,812.08,340.17,28.93,77.25,1,1,1
375,15,1670.80,262.83,102.65,330.09,1,1,1
375,17,348.93,352.29,55.05,126.91,1,1,1
375,18,346.22,360.00,23.56,63.56,1,1,1
375,19,414.97,340.64,73.80,194.65,1,1,1
375,20,309.79,350.15,29.05,72.17,1,1,1
375,25,407.03,346.79,35.17,117.43,1,1,1
375,26,377.37,350.15,36.09,111.01,1,1,1
375,30,237.31,352.60,30.89,85.02,1,1,1
375,31,268.50,359.02,39.76,77.68,1,1,1
375,32,879.28,292.00,205.56,568.06,1,1,1
375,33,204.89,355.66,51.99,123.85,1,1,1
375,35,195.63,349.27,30.03,83.38,1,1,1
375,37,201.27,352.54,33.05,102.54,1,1,1
375,38,164.41,366.10,35.17,92.37,1,1,1
375,42,162.20,360.88,17.80,54.95,1,1,1
375,43,90.33,365.93,21.10,62.20,1,1,1
375,45,131.43,384.40,12.31,30.99,1,1,1
375,46,166.93,358.23,16.14,56.17,1,1,1
375,50,97.93,358.68,36.36,92.15,1,1,1
376,3,1384.92,323.12,103.52,272.36,1,1,1
376,4,1278.89,330.15,67.84,267.34,1,1,1
376,5,469.09,358.79,28.48,90.30,1,1,1
376,7,809.63,345.45,81.28,240.64,1,1,1
376,8,808.10,345.75,44.94,133.20,1,1,1
376,10,903.10,326.36,82.17,213.18,1,1,1
376,11,490.41,342.80,91.51,189.67,1,1,1
376,12,784.10,345.47,24.17,66.34,1,1,1
376,14,807.48,347.24,29.53,69.69,1,1,1
376,15,1667.51,269.73,107.32,326.83,1,1,1
376,17,342.11,355.87,55.47,127.13,1,1,1
376,18,339.02,364.39,24.94,64.35,1,1,1
376,19,408.56,345.99,75.94,191.98,1,1,1
376,20,304.45,353.85,27.53,74.09,1,1,1
376,25,399.60,352.63,35.22,111.74,1,1,1
376,26,376.52,354.66,30.77,112.55,1,1,1
376,30,229.55,359.11,35.63,85.02,1,1,1
376,31,264.37,365.99,37.25,74.90,1,1,1
376,32,878.31,292.51,206.02,572.29,1,1,1
376,33,201.21,360.73,47.77,123.89,1,1,1
376,35,187.91,355.46,28.61,84.37,1,1,1
376,37,194.92,358.20,36.72,103.52,1,1,1
376,38,157.03,366.80,37.50,97.27,1,1,1
376,42,157.40,363.69,16.43,53.35,1,1,1
376,43,80.12,370.59,24.34,58.82,1,1,1
376,45,125.76,391.28,10.14,22.11,1,1,1
376,46,163.86,362.52,13.38,54.88,1,1,1
376,50,94.26,362.91,34.42,90.63,1,1,1
377,3,1383.41,329.27,101.46,274.15,1,1,1
377,4,1276.59,337.07,67.80,269.76,1,1,1
377,5,458.82,363.24,31.62,97.79,1,1,1
377,7,812.83,350.80,73.26,242.25,1,1,1
377,8,807.05,352.01,43.29,128.86,1,1,1
377,10,895.72,335.83,79.14,212.83,1,1,1
377,11,485.03,349.20,89.30,193.58,1,1,1
377,12,780.00,348.21,22.05,63.59,1,1,1
377,14,801.21,351.33,26.63,67.07,1,1,1
377,15,1666.78,273.94,105.56,333.33,1,1,1
377,17,336.44,361.94,54.66,127.53,1,1,1
377,18,331.98,368.02,17.81,65.59,1,1,1
377,19,404.12,351.18,72.94,196.47,1,1,1
377,20,296.36,359.92,27.53,77.33,1,1,1
377,25,394.33,356.68,40.49,113.77,1,1,1
377,26,371.26,360.32,32.39,114.57,1,1,1
377,30,223.89,365.18,29.55,81.38,1,1,1
377,31,254.25,369.64,36.84,76.52,1,1,1
377,32,877.42,301.08,202.15,574.19,1,1,1
377,33,194.33,365.59,47.37,126.32,1,1,1
377,37,186.92,364.49,37.85,104.67,1,1,1
377,38,148.13,376.64,39.72,93.93,1,1,1
377,42,147.59,371.70,17.68,56.59,1,1,1
377,43,72.99,375.88,25.72,63.67,1,1,1
377,45,118.89,393.70,8.23,27.60,1,1,1
377,46,152.23,367.21,16.60,61.54,1,1,1
377,50,86.81,370.14,29.86,91.67,1,1,1
378,3,1380.59,336.47,101.76,278.24,1,1,1
378,4,1275.88,345.29,65.88,267.06,1,1,1
378,5,449.32,370.55,30.82,95.21,1,1,1
378,7,809.32,356.78,70.34,242.37,1,1,1
378,8,805.81,356.77,48.39,141.94,1,1,1
378,10,889.30,341.71,60.43,182.35,1,1,1
378,11,475.94,355.61,90.37,190.91,1,1,1
378,12,772.11,355.10,25.85,65.99,1,1,1
378,14,793.62,356.38,29.08,70.21,1,1,1
378,15,1666.67,281.33,107.14,333.33,1,1,1
378,17,324.44,367.56,59.11,125.78,1,1,1
378,18,325.33,376.44,21.33,64.44,1,1,1
378,19,397.65,360.59,70.59,192.94,1,1,1
378,20,289.78,365.78,28.89,78.22,1,1,1
378,25,388.00,364.89,34.22,116.00,1,1,1
378,26,366.22,365.78,28.89,116.44,1,1,1
378,30,215.90,372.17,29.05,76.45,1,1,1
378,31,246.18,382.26,37.00,72.17,1,1,1
378,32,870.71,306.06,208.08,571.72,1,1,1
378,33,187.46,370.03,51.38,131.19,1,1,1
378,37,178.54,372.68,35.12,102.44,1,1,1
378,38,141.46,386.83,38.05,92.68,1,1,1
378,42,139.26,377.83,18.48,53.81,1,1,1
378,43,63.74,380.83,26.10,66.51,1,1,1
378,45,109.93,399.77,8.78,27.48,1,1,1
378,46,143.48,376.87,16.17,55.83,1,1,1
378,50,78.75,377.50,32.50,92.50,1,1,1
379,3,1377.06,340.59,97.65,274.12,1,1,1
379,4,1268.82,349.41,70.59,268.24,1,1,1
379,5,441.01,374.82,29.50,94.96,1,1,1
379,7,801.42,361.70,73.05,240.43,1,1,1
379,8,803.56,363.11,54.67,139.56,1,1,1
379,10,883.56,344.44,68.89,200.89,1,1,1
379,11,472.44,359.56,88.89,188.89,1,1,1
379,12,759.64,364.46,34.94,63.25,1,1,1
379,14,794.39,365.73,23.05,62.93,1,1,1
379,15,1656.50,284.00,111.25,331.25,1,1,1
379,17,319.43,371.66,52.63,128.34,1,1,1
379,19,380.75,367.38,75.94,189.30,1,1,1
379,20,279.68,373.26,25.13,64.17,1,1,1
379,25,374.49,370.85,34.01,116.19,1,1,1
379,26,355.47,374.90,30.36,108.10,1,1,1
379,30,204.05,381.38,31.17,76.11,1,1,1
379,31,235.63,383.00,31.17,75.71,1,1,1
379,32,871.08,310.58,200.00,577.11,1,1,1
379,33,188.79,385.34,33.62,116.38,1,1,1
379,37,159.59,378.24,36.79,101.04,1,1,1
379,38,120.73,391.19,49.74,91.19,1,1,1
379,42,121.24,385.25,21.24,60.47,1,1,1
379,43,51.62,388.20,24.48,58.70,1,1,1
379,45,90.86,400.81,10.75,30.65,1,1,1
379,50,68.60,385.02,25.60,75.85,1,1,1
380,3,1371.32,346.51,100.78,274.42,1,1,1
380,4,1268.22,353.49,67.44,269.77,1,1,1
380,5,423.26,379.02,38.37,96.51,1,1,1
380,7,796.90,364.34,72.09,248.06,1,1,1
380,8,800.00,360.47,44.96,134.88,1,1,1
380,10,860.65,349.68,105.16,219.35,1,1,1
380,11,457.42,362.58,90.32,192.26,1,1,1
380,12,758.67,366.67,24.44,61.78,1,1,1
380,14,778.93,371.83,27.16,64.21,1,1,1
380,15,1658.71,288.00,110.00,332.86,1,1,1
380,17,308.44,375.56,52.00,116.44,1,1,1
380,18,302.35,388.24,24.71,63.53,1,1,1
380,19,378.07,369.52,72.73,194.65,1,1,1
380,20,267.56,377.78,28.00,68.00,1,1,1
380,25,367.56,374.67,35.56,111.56,1,1,1
380,26,347.56,379.11,28.00,110.22,1,1,1
380,30,193.33,383.56,29.78,81.78,1,1,1
380,31,224.00,385.78,34.22,78.22,1,1,1
380,32,866.67,314.36,201.37,584.93,1,1,1
380,33,170.22,381.33,43.11,126.22,1,1,1
380,37,154.55,381.36,34.55,99.09,1,1,1
380,38,113.64,392.73,43.64,94.55,1,1,1
380,42,113.71,390.34,19.63,49.84,1,1,1
380,43,38.94,393.15,27.73,61.68,1,1,1
380,45,86.62,412.21,7.51,23.47,1,1,1
380,46,119.78,387.47,16.16,52.92,1,1,1
380,50,56.61,387.30,24.87,78.31,1,1,1
381,3,1368.78,348.78,98.54,276.59,1,1,1
381,4,1265.37,357.56,67.80,270.24,1,1,1
381,5,422.89,382.53,31.93,96.99,1,1,1
381,7,791.44,368.98,79.14,247.06,1,1,1
381,8,800.00,366.31,45.99,132.09,1,1,1
381,10,854.19,352.26,85.16,217.42,1,1,1
381,11,452.26,368.39,85.81,192.90,1,1,1
381,12,755.56,369.78,22.67,60.44,1,1,1
381,14,769.42,373.70,29.97,66.97,1,1,1
381,15,1653.56,290.81,110.94,340.62,1,1,1
381,17,296.31,380.87,59.40,127.85,1,1,1
381,18,296.59,392.20,16.59,60.00,1,1,1
381,19,368.82,372.94,72.94,194.12,1,1,1
381,20,260.07,380.54,31.88,70.81,1,1,1
381,25,361.41,377.52,34.56,117.45,1,1,1
381,26,343.96,383.56,34.23,112.08,1,1,1
381,30,184.90,388.26,34.23,80.54,1,1,1
381,31,217.79,389.26,36.24,81.88,1,1,1
381,32,863.78,322.25,198.77,586.42,1,1,1
381,33,159.06,385.91,47.65,129.19,1,1,1
381,37,147.96,385.52,33.03,103.17,1,1,1
381,38,108.14,398.19,40.72,92.31,1,1,1
381,42,103.75,394.15,17.80,55.27,1,1,1
381,43,34.66,398.36,24.12,63.23,1,1,1
381,45,79.26,416.56,9.32,28.46,1,1,1
381,46,111.87,389.40,18.35,53.80,1,1,1
381,50,47.44,391.64,29.92,93.53,1,1,1
382,3,1367.91,356.15,94.12,275.40,1,1,1
382,4,1261.50,359.89,66.84,274.87,1,1,1
382,5,412.50,385.53,30.92,100.00,1,1,1
382,7,785.11,369.50,76.60,252.48,1,1,1
382,8,793.62,370.21,42.55,131.91,1,1,1
382,10,850.00,357.65,91.76,208.24,1,1,1
382,11,441.76,371.76,87.06,193.53,1,1,1
382,12,745.02,373.06,26.20,62.73,1,1,1
382,14,766.30,375.21,27.30,67.69,1,1,1
382,15,1650.25,296.50,108.75,336.25,1,1,1
382,17,287.82,384.13,59.04,127.68,1,1,1
382,18,286.34,395.61,20.00,59.02,1,1,1
382,19,359.36,377.01,71.66,193.58,1,1,1
382,20,252.77,384.50,31.00,74.91,1,1,1
382,25,352.77,380.81,33.95,119.19,1,1,1
382,26,335.79,388.19,27.31,112.18,1,1,1
382,30,179.70,391.51,27.68,81.92,1,1,1
382,31,204.06,391.51,37.27,81.55,1,1,1
382,32,854.95,329.67,201.10,587.91,1,1,1
382,33,153.14,387.08,47.23,133.58,1,1,1
382,37,137.01,386.83,34.52,104.63,1,1,1
382,38,98.58,401.78,38.08,94.31,1,1,1
382,42,96.80,393.24,18.51,48.75,1,1,1
382,43,22.42,400.36,27.76,61.92,1,1,1
382,45,70.43,421.51,8.60,22.58,1,1,1
382,46,103.13,392.00,16.70,49.91,1,1,1
382,50,38.83,395.97,30.04,87.18,1,1,1
383,3,1360.96,357.22,93.58,277.54,1,1,1
383,4,1258.82,363.10,64.17,273.26,1,1,1
383,5,402.99,388.62,35.33,102.40,1,1,1
383,7,780.62,372.09,76.74,255.04,1,1,1
383,8,793.80,372.09,44.96,153.49,1,1,1
383,10,845.88,358.24,94.12,213.53,1,1,1
383,11,433.53,375.88,85.29,197.65,1,1,1
383,12,735.22,376.11,25.10,62.35,1,1,1
383,14,758.22,372.70,32.31,75.21,1,1,1
383,15,1650.44,300.53,107.02,335.09,1,1,1
383,17,276.89,389.78,56.89,124.44,1,1,1
383,18,275.48,397.42,20.00,67.10,1,1,1
383,19,355.29,379.41,58.24,195.88,1,1,1
383,20,243.11,385.78,28.89,74.22,1,1,1
383,25,345.78,382.67,38.67,124.00,1,1,1
383,26,324.89,389.78,30.67,117.33,1,1,1
383,30,167.56,392.00,26.67,81.33,1,1,1
383,31,197.33,398.67,37.78,83.11,1,1,1
383,32,852.38,334.90,198.81,591.67,1,1,1
383,33,140.44,390.67,54.67,133.33,1,1,1
383,37,128.63,393.16,31.62,103.42,1,1,1
383,38,88.89,404.27,36.75,96.15,1,1,1
383,42,87.77,398.78,11.62,45.26,1,1,1
383,43,14.68,403.67,19.88,59.63,1,1,1
383,45,61.20,424.71,8.08,24.02,1,1,1
383,46,92.86,394.33,18.07,55.46,1,1,1
383,50,26.22,399.11,32.44,97.78,1,1,1
384,3,1360.43,360.43,90.91,273.80,1,1,1
384,4,1254.55,366.84,66.84,272.73,1,1,1
384,5,393.40,388.68,36.79,106.60,1,1,1
384,7,773.64,376.74,79.84,252.71,1,1,1
384,8,787.60,375.19,49.61,134.88,1,1,1
384,10,836.77,358.71,96.77,218.71,1,1,1
384,11,425.16,375.48,84.52,200.00,1,1,1
384,12,729.33,379.11,26.67,60.89,1,1,1
384,14,752.66,378.98,32.79,71.59,1,1,1
384,15,1650.20,298.79,103.70,339.51,1,1,1
384,17,268.02,389.88,60.32,125.10,1,1,1
384,18,266.80,399.60,22.67,64.37,1,1,1
384,19,345.29,382.35,69.41,194.12,1,1,1
384,20,231.58,387.45,32.39,68.83,1,1,1
384,25,337.25,384.21,35.22,126.72,1,1,1
384,26,316.19,391.90,35.22,119.03,1,1,1
384,30,158.70,394.74,31.17,83.81,1,1,1
384,31,188.26,398.79,37.25,77.73,1,1,1
384,32,849.41,337.70,195.95,593.24,1,1,1
384,33,128.64,392.46,60.30,132.66,1,1,1
384,37,119.85,393.63,29.21,103.75,1,1,1
384,38,77.53,405.24,38.58,97.75,1,1,1
384,42,75.70,401.12,15.92,46.93,1,1,1
384,43,2.79,405.03,24.02,59.22,1,1,1
384,45,50.00,427.55,9.49,23.84,1,1,1
384,46,83.88,399.42,15.97,48.35,1,1,1
384,50,15.95,398.77,33.13,92.64,1,1,1
385,3,1355.08,359.89,90.91,275.40,1,1,1
385,4,1251.34,367.38,67.91,274.87,1,1,1
385,5,385.93,392.59,33.33,100.00,1,1,1
385,7,768.45,379.14,81.82,251.34,1,1,1
385,8,786.10,379.68,37.43,113.37,1,1,1
385,10,828.24,360.00,109.41,234.71,1,1,1
385,11,419.12,377.94,83.09,194.12,1,1,1
385,12,718.60,380.93,29.77,60.93,1,1,1
385,14,743.66,380.63,31.69,69.72,1,1,1
385,15,1646.67,302.22,106.67,338.89,1,1,1
385,17,260.40,391.61,59.40,126.51,1,1,1
385,18,259.78,402.58,29.15,65.31,1,1,1
385,19,335.29,380.75,70.05,196.79,1,1,1
385,20,222.15,388.93,35.57,75.84,1,1,1
385,25,329.53,385.23,34.23,122.48,1,1,1
385,26,311.41,393.96,31.54,114.43,1,1,1
385,30,147.32,392.28,34.90,88.59,1,1,1
385,31,178.86,399.66,38.59,80.54,1,1,1
385,32,841.58,342.57,198.02,592.08,1,1,1
385,33,118.46,392.62,61.41,133.89,1,1,1
385,35,109.47,389.56,22.57,66.02,1,1,1
385,37,108.55,394.02,42.74,106.84,1,1,1
385,38,68.80,406.84,38.46,97.86,1,1,1
385,39,161.41,397.09,22.57,75.97,1,1,1
385,42,66.02,402.91,19.42,46.12,1,1,1
385,43,0.24,407.52,15.29,65.78,1,1,1
385,45,42.23,429.13,9.47,24.03,1,1,1
385,46,76.27,397.94,16.61,51.27,1,1,1
385,50,6.65,399.41,39.14,95.50,1,1,1
386,3,1354.15,359.51,89.27,271.22,1,1,1
386,4,1249.27,368.78,68.78,276.59,1,1,1
386,5,375.90,395.18,38.55,95.18,1,1,1
386,7,767.44,379.84,77.52,253.49,1,1,1
386,10,823.40,360.99,110.64,229.08,1,1,1
386,11,412.83,380.21,80.75,192.51,1,1,1
386,12,717.45,383.22,24.50,54.03,1,1,1
386,14,739.77,382.03,32.12,69.41,1,1,1
386,15,1647.67,301.12,104.65,341.86,1,1,1
386,17,252.23,394.33,60.32,125.51,1,1,1
386,18,251.82,403.24,22.27,62.75,1,1,1
386,19,327.65,382.94,72.35,197.06,1,1,1
386,20,215.79,389.88,34.01,78.54,1,1,1
386,25,321.46,386.23,38.87,126.72,1,1,1
386,26,300.81,394.74,31.98,117.81,1,1,1
386,30,139.60,394.30,34.56,86.58,1,1,1
386,31,171.81,400.67,38.26,81.21,1,1,1
386,32,839.00,344.78,193.06,590.28,1,1,1
386,33,108.05,394.30,63.42,134.23,1,1,1
386,35,103.21,394.46,26.24,65.01,1,1,1
386,37,99.15,394.07,42.80,109.32,1,1,1
386,38,59.75,409.75,39.41,94.92,1,1,1
386,39,153.94,398.25,23.91,71.43,1,1,1
386,42,60.61,405.05,14.14,44.11,1,1,1
386,45,35.02,434.68,7.74,19.19,1,1,1
386,46,70.70,398.90,17.70,50.30,1,1,1
386,50,0.58,400.29,44.67,97.41,1,1,1
387,3,1352.94,361.76,90.00,267.65,1,1,1
387,4,1248.24,368.82,68.82,277.06,1,1,1
387,5,371.65,396.06,30.71,100.79,1,1,1
387,7,761.18,383.53,80.59,251.76,1,1,1
387,10,815.50,362.02,101.55,225.58,1,1,1
387,11,406.98,382.17,82.17,193.02,1,1,1
387,12,707.65,382.94,31.18,61.18,1,1,1
387,14,732.21,382.21,34.90,71.81,1,1,1
387,15,1641.50,301.50,111.25,343.75,1,1,1
387,17,245.30,395.64,57.05,128.19,1,1,1
387,18,245.37,404.39,24.39,64.88,1,1,1
387,19,320.00,383.23,70.32,198.71,1,1,1
387,20,209.06,390.60,33.56,76.85,1,1,1
387,25,316.44,387.25,38.59,126.51,1,1,1
387,26,299.33,394.97,32.55,117.45,1,1,1
387,30,133.22,395.97,32.21,85.57,1,1,1
387,31,164.43,402.01,39.26,79.53,1,1,1
387,32,834.15,343.23,192.59,588.89,1,1,1
387,33,102.31,393.98,60.65,136.57,1,1,1
387,35,93.57,392.80,24.42,64.01,1,1,1
387,37,90.78,392.83,39.59,111.60,1,1,1
387,38,51.88,412.29,39.59,95.22,1,1,1
387,39,148.84,398.71,22.37,74.81,1,1,1
387,42,52.44,405.91,14.65,43.44,1,1,1
387,45,29.31,434.70,6.68,18.25,1,1,1
387,46,60.50,400.21,20.59,49.79,1,1,1
387,50,0.00,401.26,38.03,100.63,1,1,1
388,3,1351.56,358.67,86.67,270.67,1,1,1
388,4,1247.56,368.00,68.00,278.67,1,1,1
388,5,368.85,397.54,27.05,97.54,1,1,1
388,7,758.16,381.56,84.07,254.88,1,1,1
388,10,810.00,362.94,104.12,234.12,1,1,1
388,11,403.53,382.35,77.06,194.71,1,1,1
388,12,703.32,384.50,28.41,63.47,1,1,1
388,14,729.25,382.41,31.17,73.23,1,1,1
388,15,1649.51,302.91,103.88,343.69,1,1,1
388,17,239.76,396.33,58.10,129.05,1,1,1
388,18,238.87,404.86,27.13,67.21,1,1,1
388,19,313.55,383.23,72.90,199.35,1,1,1
388,20,203.06,391.74,34.86,76.45,1,1,1
388,25,311.62,388.07,35.47,126.30,1,1,1
388,26,288.07,395.11,35.17,118.96,1,1,1
388,30,127.52,396.02,31.50,85.02,1,1,1
388,31,160.55,403.36,36.70,80.73,1,1,1
388,32,831.46,341.57,195.51,589.89,1,1,1
388,33,95.31,397.65,63.85,132.86,1,1,1
388,35,87.66,392.29,25.71,67.35,1,1,1
388,37,87.27,394.38,37.83,111.61,1,1,1
388,38,46.07,408.61,38.58,100.75,1,1,1
388,39,143.19,399.74,21.59,72.49,1,1,1
388,42,46.29,404.24,17.31,48.06,1,1,1
388,45,21.55,432.86,10.25,27.56,1,1,1
388,46,53.99,401.26,19.75,50.84,1,1,1
388,50,0.00,402.87,29.31,97.70,1,1,1
389,3,1352.41,360.96,86.10,270.05,1,1,1
389,4,1249.20,370.05,67.38,279.14,1,1,1
389,5,357.24,398.03,34.21,99.34,1,1,1
389,7,756.47,384.12,83.53,254.12,1,1,1
389,10,804.26,365.96,98.58,218.44,1,1,1
389,11,398.05,383.41,78.05,192.68,1,1,1
389,12,702.95,384.13,23.62,64.21,1,1,1
389,14,722.47,381.80,33.86,72.31,1,1,1
389,15,1652.67,302.49,102.47,344.44,1,1,1
389,17,235.78,396.94,57.49,128.13,1,1,1
389,18,234.22,404.44,28.89,70.22,1,1,1
389,19,310.16,382.89,68.98,198.40,1,1,1
389,20,197.25,391.74,35.17,77.68,1,1,1
389,25,305.50,389.60,40.98,124.16,1,1,1
389,26,285.02,395.11,32.72,118.96,1,1,1
389,30,122.94,396.94,30.28,81.65,1,1,1
389,31,156.27,402.14,36.09,81.65,1,1,1
389,32,828.09,340.45,196.63,593.26,1,1,1
389,33,87.88,397.73,67.42,135.61,1,1,1
389,35,79.16,397.42,31.85,83.14,1,1,1
389,37,79.40,395.51,40.07,110.86,1,1,1
389,38,37.45,409.74,39.33,99.63,1,1,1
389,39,138.41,400.70,21.55,72.13,1,1,1
389,42,41.22,406.32,13.11,43.79,1,1,1
389,45,15.46,431.85,10.30,30.68,1,1,1
389,46,47.63,401.90,16.46,48.42,1,1,1
389,50,0.00,414.38,18.52,85.84,1,1,1
390,3,1353.48,359.89,85.56,270.59,1,1,1
390,4,1249.20,367.91,66.84,279.68,1,1,1
390,5,352.85,398.37,32.52,101.63,1,1,1
390,7,755.29,384.12,80.00,253.53,1,1,1
390,10,792.91,366.67,102.13,219.86,1,1,1
390,11,392.91,384.40,78.01,192.20,1,1,1
390,12,699.51,384.88,25.37,63.90,1,1,1
390,14,720.46,384.51,31.93,69.79,1,1,1
390,15,1655.68,303.55,102.27,339.77,1,1,1
390,17,230.04,397.12,60.08,129.63,1,1,1
390,18,227.94,404.45,24.29,64.78,1,1,1
390,19,305.93,384.75,66.10,200.00,1,1,1
390,20,192.99,392.62,33.95,78.97,1,1,1
390,25,303.32,391.14,35.42,116.61,1,1,1
390,26,281.18,395.20,33.21,119.56,1,1,1
390,30,118.01,399.07,27.95,78.57,1,1,1
390,31,150.00,402.17,36.34,82.61,1,1,1
390,32,821.50,336.50,201.25,598.75,1,1,1
390,33,81.37,399.69,69.57,137.27,1,1,1
390,35,75.07,395.18,27.48,84.42,1,1,1
390,37,74.38,394.63,40.08,111.57,1,1,1
390,38,32.64,408.26,39.67,102.89,1,1,1
390,39,131.16,404.25,24.08,73.65,1,1,1
390,42,36.91,405.68,17.03,52.05,1,1,1
390,45,9.15,432.49,11.67,30.28,1,1,1
390,46,43.51,402.22,19.94,55.54,1,1,1
390,50,0.51,418.46,5.13,86.67,1,1,1
391,3,1348.24,360.00,90.00,271.76,1,1,1
391,4,1250.59,367.65,68.82,282.35,1,1,1
391,5,345.65,397.10,35.51,102.90,1,1,1
391,7,754.84,381.29,81.29,258.71,1,1,1
391,10,789.41,367.06,115.88,223.53,1,1,1
391,11,384.12,384.12,82.35,192.35,1,1,1
391,12,690.69,385.02,31.17,67.61,1,1,1
391,14,717.02,384.13,32.12,69.60,1,1,1
391,15,1653.39,302.97,109.09,342.42,1,1,1
391,17,225.54,395.70,56.99,131.18,1,1,1
391,18,223.08,405.26,24.29,64.78,1,1,1
391,19,300.62,385.00,76.25,200.00,1,1,1
391,20,189.25,393.55,32.80,78.23,1,1,1
391,25,299.46,391.13,41.94,120.16,1,1,1
391,26,276.34,394.09,37.10,120.70,1,1,1
391,30,110.22,395.97,32.80,84.95,1,1,1
391,31,144.89,403.76,37.10,80.11,1,1,1
391,32,818.10,332.12,198.77,590.12,1,1,1
391,33,75.35,400.00,65.49,137.32,1,1,1
391,35,69.67,393.32,35.22,89.72,1,1,1
391,37,69.14,394.24,44.44,113.58,1,1,1
391,38,25.51,408.23,39.92,102.88,1,1,1
391,39,126.74,399.74,23.65,70.69,1,1,1
391,42,31.88,406.94,17.74,49.36,1,1,1
391,45,2.06,433.68,14.91,30.08,1,1,1
391,46,39.01,401.72,22.18,54.49,1,1,1
392,3,1340.11,357.75,95.72,274.33,1,1,1
392,4,1254.01,368.98,67.38,282.89,1,1,1
392,5,343.70,400.00,31.85,97.04,1,1,1
392,7,751.94,384.50,82.95,255.81,1,1,1
392,10,788.82,368.24,100.00,218.82,1,1,1
392,11,380.00,385.29,81.76,194.12,1,1,1
392,12,693.91,384.66,23.46,68.89,1,1,1
392,14,713.87,384.24,32.35,69.12,1,1,1
392,15,1658.51,301.06,109.57,344.68,1,1,1
392,17,219.88,396.02,58.10,129.05,1,1,1
392,18,220.24,404.86,25.91,67.21,1,1,1
392,19,296.47,385.88,77.65,199.41,1,1,1
392,20,184.10,395.11,34.86,76.76,1,1,1
392,25,296.33,392.66,38.23,117.74,1,1,1
392,26,270.03,394.19,38.53,121.41,1,1,1
392,30,106.42,394.19,33.03,88.69,1,1,1
392,31,140.67,404.59,36.09,78.29,1,1,1
392,32,812.36,329.21,204.49,587.64,1,1,1
392,33,72.15,400.84,71.73,137.97,1,1,1
392,35,65.84,395.06,32.10,86.83,1,1,1
392,37,63.79,394.65,40.74,115.64,1,1,1
392,38,20.58,411.52,38.68,100.00,1,1,1
392,39,123.87,402.06,23.05,76.95,1,1,1
392,45,0.00,432.51,12.35,34.16,1,1,1
392,46,34.42,403.25,20.08,50.29,1,1,1
393,3,1334.12,360.00,102.94,272.94,1,1,1
393,4,1254.71,368.24,66.47,284.12,1,1,1
393,5,335.71,398.41,33.33,103.97,1,1,1
393,7,749.15,385.59,83.90,257.63,1,1,1
393,10,783.87,370.97,92.90,223.23,1,1,1
393,11,376.13,385.16,79.35,196.13,1,1,1
393,12,683.56,389.78,32.44,66.22,1,1,1
393,14,709.47,386.61,33.26,69.28,1,1,1
393,15,1661.63,302.28,105.81,347.67,1,1,1
393,17,215.10,396.64,57.38,131.21,1,1,1
393,18,213.33,405.33,26.67,69.78,1,1,1
393,19,292.35,388.24,71.76,199.41,1,1,1
393,20,180.87,393.62,32.55,83.22,1,1,1
393,25,293.96,391.95,39.60,121.14,1,1,1
393,26,270.13,394.97,36.24,123.83,1,1,1
393,30,103.02,399.66,28.52,79.19,1,1,1
393,31,134.23,406.04,36.24,79.19,1,1,1
393,32,806.99,328.42,208.64,593.83,1,1,1
393,33,67.82,400.57,67.82,140.23,1,1,1
393,35,55.29,395.90,36.18,95.90,1,1,1
393,37,57.71,399.00,41.79,112.44,1,1,1
393,38,14.43,409.45,39.30,102.99,1,1,1
393,39,118.09,404.44,23.21,72.35,1,1,1
393,45,0.00,421.01,6.54,41.98,1,1,1
393,46,27.16,404.06,20.56,54.06,1,1,1
394,3,1330.59,360.00,105.88,274.12,1,1,1
394,4,1254.63,368.29,69.76,285.85,1,1,1
394,5,330.33,400.00,34.43,103.28,1,1,1
394,7,749.03,383.87,80.00,260.65,1,1,1
394,10,775.42,369.49,94.92,235.59,1,1,1
394,11,364.41,384.75,85.59,195.76,1,1,1
394,12,684.00,392.44,26.67,63.11,1,1,1
394,14,704.83,387.39,31.51,69.75,1,1,1
394,15,1665.91,301.27,106.82,348.86,1,1,1
394,17,208.49,397.42,60.15,129.89,1,1,1
394,18,210.53,407.29,19.03,68.83,1,1,1
394,19,288.29,389.27,77.07,199.02,1,1,1
394,20,176.38,397.79,32.10,76.38,1,1,1
394,25,288.19,392.99,39.48,117.71,1,1,1
394,26,261.99,397.42,40.59,121.03,1,1,1
394,30,100.00,402.21,31.37,86.35,1,1,1
394,31,129.52,405.17,39.11,80.44,1,1,1
394,32,800.00,324.18,212.09,602.20,1,1,1
394,33,64.21,402.95,68.63,139.85,1,1,1
394,35,54.25,393.87,30.19,91.98,1,1,1
394,37,53.77,399.06,42.45,112.26,1,1,1
394,38,10.38,410.85,40.09,104.72,1,1,1
394,39,116.51,401.42,18.87,76.42,1,1,1
394,46,20.55,404.39,29.33,60.05,1,1,1
395,3,1327.65,359.41,108.24,278.24,1,1,1
395,4,1255.56,368.98,70.83,286.11,1,1,1
395,5,325.81,399.35,33.55,107.10,1,1,1
395,7,747.59,381.82,81.28,262.57,1,1,1
395,8,789.30,386.63,57.22,149.73,1,1,1
395,10,768.75,369.32,102.84,239.20,1,1,1
395,11,361.36,384.66,84.66,194.32,1,1,1
395,12,682.56,390.39,25.62,64.77,1,1,1
395,14,702.43,385.80,30.63,72.82,1,1,1
395,15,1666.72,298.87,110.14,353.62,1,1,1
395,17,205.08,397.97,57.11,130.46,1,1,1
395,18,206.42,408.02,25.67,68.45,1,1,1
395,19,283.87,389.03,79.35,200.65,1,1,1
395,20,172.84,397.72,31.98,76.65,1,1,1
395,25,284.01,394.16,41.12,123.35,1,1,1
395,26,257.36,397.46,43.65,122.34,1,1,1
395,30,94.16,401.02,31.22,85.79,1,1,1
395,31,123.35,405.84,40.86,82.49,1,1,1
395,32,795.88,323.71,217.53,606.19,1,1,1
395,33,59.90,401.93,70.05,138.65,1,1,1
395,35,51.71,392.29,22.29,72.57,1,1,1
395,37,48.33,398.33,40.42,115.00,1,1,1
395,38,2.92,412.08,42.08,103.33,1,1,1
395,39,111.14,405.71,19.43,67.43,1,1,1
395,46,21.48,407.72,21.48,52.68,1,1,1
396,3,1326.36,362.79,106.20,278.29,1,1,1
396,4,1255.04,368.99,72.09,289.15,1,1,1
396,5,323.12,401.88,30.00,105.62,1,1,1
396,7,744.39,382.89,83.96,265.24,1,1,1
396,10,756.74,373.05,92.20,219.86,1,1,1
396,11,354.61,386.52,87.23,192.91,1,1,1
396,12,675.61,391.22,26.83,66.83,1,1,1
396,14,699.37,386.97,31.72,74.16,1,1,1
396,15,1666.06,300.19,117.19,353.12,1,1,1
396,17,201.11,399.44,55.99,131.48,1,1,1
396,18,200.37,409.96,24.35,68.63,1,1,1
396,19,281.76,391.76,73.53,196.47,1,1,1
396,20,167.69,399.16,32.87,76.60,1,1,1
396,25,284.96,394.71,34.54,120.06,1,1,1
396,26,252.65,399.44,42.90,121.45,1,1,1
396,30,86.35,404.46,32.03,85.52,1,1,1
396,31,118.38,406.96,40.11,82.17,1,1,1
396,32,790.25,326.50,222.50,613.75,1,1,1
396,33,57.26,404.27,67.95,140.17,1,1,1
396,35,46.28,400.41,22.31,64.88,1,1,1
396,37,42.15,402.89,40.08,111.98,1,1,1
396,38,0.00,412.81,38.02,105.37,1,1,1
396,39,102.89,407.02,24.79,72.73,1,1,1
396,46,13.46,407.34,26.91,57.49,1,1,1
397,3,1329.03,361.29,103.87,280.00,1,1,1
397,4,1255.48,369.68,72.90,292.26,1,1,1
397,5,313.01,401.37,35.62,108.22,1,1,1
397,7,742.25,382.89,87.17,266.84,1,1,1
397,10,763.23,373.55,90.32,210.32,1,1,1
397,11,349.68,387.74,87.74,195.48,1,1,1
397,12,672.69,390.76,27.76,70.13,1,1,1
397,14,698.95,387.18,30.25,72.69,1,1,1
397,15,1672.15,299.29,113.70,358.90,1,1,1
397,17,196.02,401.22,55.05,129.36,1,1,1
397,18,195.11,411.56,21.33,67.56,1,1,1
397,19,274.71,393.53,74.71,200.59,1,1,1
397,20,163.91,400.31,31.50,81.65,1,1,1
397,25,276.76,395.11,36.09,122.32,1,1,1
397,26,248.62,401.53,44.34,121.41,1,1,1
397,30,84.40,404.89,27.22,83.49,1,1,1
397,31,115.29,408.26,38.84,82.87,1,1,1
397,32,784.00,331.50,230.00,617.50,1,1,1
397,33,51.31,404.19,66.49,141.36,1,1,1
397,35,40.81,395.95,27.73,72.59,1,1,1
397,37,37.35,401.81,44.58,117.47,1,1,1
397,38,0.00,413.86,33.13,105.42,1,1,1
397,39,103.74,409.35,17.13,73.21,1,1,1
397,46,11.70,409.19,23.96,54.60,1,1,1
398,3,1331.36,365.25,101.69,278.81,1,1,1
398,4,1257.63,372.03,71.19,294.07,1,1,1
398,5,306.67,403.81,37.14,113.33,1,1,1
398,7,741.71,385.56,94.12,269.52,1,1,1
398,8,773.80,381.28,70.05,168.45,1,1,1
398,10,746.22,374.67,110.22,221.78,1,1,1
398,11,344.00,389.78,88.89,197.33,1,1,1
398,12,671.07,388.83,27.16,72.59,1,1,1
398,14,692.13,387.31,34.77,73.10,1,1,1
398,15,1677.01,302.20,112.64,357.47,1,1,1
398,17,190.29,404.00,56.00,133.43,1,1,1
398,18,189.67,414.39,26.20,70.48,1,1,1
398,19,270.00,394.71,74.12,201.18,1,1,1
398,20,158.41,400.92,33.03,81.04,1,1,1
398,26,246.57,402.57,42.00,124.00,1,1,1
398,30,78.57,404.86,32.29,85.71,1,1,1
398,31,108.29,409.43,42.86,84.86,1,1,1
398,32,781.40,338.33,232.56,617.44,1,1,1
398,33,49.32,404.05,63.51,144.59,1,1,1
398,35,33.98,399.61,40.15,94.21,1,1,1
398,37,32.96,402.23,44.13,119.55,1,1,1
398,38,0.00,412.85,26.82,108.94,1,1,1
398,39,94.98,410.04,21.62,67.57,1,1,1
398,46,5.54,410.33,20.30,52.03,1,1,1
399,3,1333.33,362.41,103.55,282.27,1,1,1
399,4,1259.57,372.34,73.76,294.33,1,1,1
399,7,740.64,391.44,86.63,264.17,1,1,1
399,8,775.94,384.49,66.84,175.40,1,1,1
399,10,740.59,374.12,109.41,222.35,1,1,1
399,11,338.82,388.82,91.18,200.59,1,1,1
399,12,667.90,389.61,26.31,74.34,1,1,1
399,14,687.07,389.38,38.80,74.36,1,1,1
399,15,1681.22,301.77,111.59,356.52,1,1,1
399,17,186.58,404.70,55.03,130.20,1,1,1
399,18,185.03,414.97,28.34,66.84,1,1,1
399,19,262.94,396.47,75.88,202.35,1,1,1
399,20,155.37,401.34,30.54,81.54,1,1,1
399,26,243.62,404.03,45.64,124.16,1,1,1
399,30,74.16,405.37,33.56,87.25,1,1,1
399,31,105.37,412.08,42.28,84.23,1,1,1
399,32,780.00,342.22,234.44,618.89,1,1,1
399,33,46.55,406.32,60.92,144.83,1,1,1
399,35,34.86,401.53,31.80,92.35,1,1,1
399,37,26.20,404.28,45.45,117.11,1,1,1
399,38,0.00,418.72,25.13,106.42,1,1,1
399,39,94.80,411.93,18.96,67.89,1,1,1
399,46,1.91,411.85,23.90,68.26,1,1,1
400,3,1333.33,365.12,104.65,282.17,1,1,1
400,4,1261.76,376.47,73.53,291.76,1,1,1
400,7,740.00,392.94,91.76,262.94,1,1,1
400,8,774.71,387.06,68.82,181.18,1,1,1
400,10,734.71,375.29,112.35,229.41,1,1,1
400,11,332.94,391.76,92.35,198.82,1,1,1
400,12,663.66,391.60,30.27,70.75,1,1,1
400,14,688.66,389.08,33.61,76.89,1,1,1
400,15,1680.51,297.60,116.42,365.67,1,1,1
400,17,181.96,407.34,56.57,130.58,1,1,1
400,18,181.76,415.88,25.88,68.82,1,1,1
400,19,261.18,395.88,75.29,202.94,1,1,1
400,20,151.01,403.64,31.17,81.38,1,1,1
400,25,271.87,400.31,43.12,125.38,1,1,1
400,26,241.30,406.07,43.32,123.89,1,1,1
400,30,72.17,407.03,33.03,87.46,1,1,1
400,31,100.92,412.54,43.43,85.32,1,1,1
400,32,779.00,345.25,237.50,625.00,1,1,1
400,33,42.34,407.30,62.77,145.99,1,1,1
400,35,35.50,405.00,24.50,87.00,1,1,1
400,37,23.02,409.52,42.86,112.70,1,1,1
400,38,0.79,423.81,18.25,103.97,1,1,1
400,39,87.00,410.50,23.50,71.50,1,1,1
400,46,3.90,413.37,20.61,53.20,1,1,1
401,3,1335.59,363.56,105.93,284.75,1,1,1
401,4,1262.71,377.12,76.27,294.07,1,1,1
401,7,739.04,391.98,88.77,269.52,1,1,1
401,8,783.42,387.70,60.96,166.84,1,1,1
401,10,731.55,374.87,118.72,239.04,1,1,1
401,11,331.02,392.51,93.58,201.60,1,1,1
401,12,664.44,392.73,26.89,70.00,1,1,1
401,14,680.11,392.16,38.43,73.42,1,1,1
401,15,1690.59,302.38,114.75,360.66,1,1,1
401,17,179.20,408.56,55.66,133.64,1,1,1
401,18,177.86,417.71,26.57,67.53,1,1,1
401,19,258.06,397.42,73.55,203.23,1,1,1
401,20,147.09,404.59,32.42,80.73,1,1,1
401,25,264.83,399.39,44.04,129.36,1,1,1
401,26,239.14,407.34,46.18,121.71,1,1,1
401,30,68.50,409.79,29.66,85.93,1,1,1
401,31,97.55,413.15,43.43,84.40,1,1,1
401,32,779.78,350.56,238.20,624.72,1,1,1
401,33,39.24,410.13,61.60,144.30,1,1,1
401,35,29.30,407.03,34.77,93.75,1,1,1
401,37,18.54,411.92,48.34,115.89,1,1,1
401,38,0.00,424.50,16.56,101.99,1,1,1
401,39,83.20,414.06,23.83,71.09,1,1,1
401,46,2.54,414.78,19.86,44.80,1,1,1
402,3,1339.53,364.34,104.65,284.50,1,1,1
402,4,1266.67,375.19,77.52,297.67,1,1,1
402,7,740.64,393.58,88.77,267.91,1,1,1
402,8,788.08,388.08,55.63,137.09,1,1,1
402,10,725.85,373.66,118.54,245.85,1,1,1
402,11,326.34,392.68,94.15,201.46,1,1,1
402,12,664.17,393.42,25.76,70.68,1,1,1
402,14,682.08,393.42,33.27,70.02,1,1,1
402,15,1696.44,300.42,111.39,364.56,1,1,1
402,17,177.66,410.41,54.57,131.73,1,1,1
402,18,175.48,416.77,29.68,72.90,1,1,1
402,19,254.71,397.65,75.29,202.35,1,1,1
402,20,145.18,404.57,31.47,80.20,1,1,1
402,25,261.68,400.00,42.89,132.74,1,1,1
402,26,237.56,407.87,42.39,124.62,1,1,1
402,30,67.77,410.66,30.71,85.53,1,1,1
402,31,97.21,418.53,41.37,82.23,1,1,1
402,32,780.46,351.62,239.08,625.29,1,1,1
402,33,38.16,411.11,61.35,144.93,1,1,1
402,35,25.35,406.25,31.94,94.10,1,1,1
402,37,11.49,410.24,49.43,119.54,1,1,1
402,38,0.00,433.23,13.79,94.25,1,1,1
402,39,81.25,415.28,24.31,77.43,1,1,1
402,46,0.61,414.68,17.74,54.13,1,1,1
403,3,1342.35,365.88,101.76,279.41,1,1,1
403,4,1269.39,374.49,78.57,297.96,1,1,1
403,7,739.35,392.26,92.26,274.84,1,1,1
403,8,791.61,389.68,47.74,147.10,1,1,1
403,10,722.93,375.12,117.56,189.76,1,1,1
403,11,327.98,394.82,91.19,200.00,1,1,1
403,12,655.02,391.91,31.07,73.14,1,1,1
403,14,680.58,391.26,33.33,74.11,1,1,1
403,15,1702.29,300.66,115.07,361.64,1,1,1
403,17,173.35,410.41,56.60,131.73,1,1,1
403,18,171.48,418.12,25.17,71.14,1,1,1
403,19,253.17,397.07,73.66,203.41,1,1,1
403,20,141.37,405.58,31.98,81.47,1,1,1
403,26,235.79,407.87,40.10,122.84,1,1,1
403,30,60.91,408.38,31.73,87.31,1,1,1
403,31,94.67,418.02,42.13,80.96,1,1,1
403,32,782.62,353.62,241.03,620.51,1,1,1
403,33,34.78,413.04,59.42,146.38,1,1,1
403,35,28.21,407.69,26.67,93.85,1,1,1
403,37,13.38,411.31,48.72,114.10,1,1,1
403,38,1.85,431.82,7.69,92.31,1,1,1
403,39,79.75,415.19,20.68,73.00,1,1,1
403,46,0.37,415.87,12.55,53.51,1,1,1
404,3,1346.51,362.02,99.22,281.40,1,1,1
404,4,1273.53,372.35,77.06,300.00,1,1,1
404,7,741.46,391.22,89.27,273.66,1,1,1
404,8,798.05,387.80,45.37,137.56,1,1,1
404,10,722.99,372.19,87.17,201.07,1,1,1
404,11,321.93,394.65,93.05,200.00,1,1,1
404,12,653.20,390.53,33.15,74.65,1,1,1
404,14,680.50,390.25,30.36,74.37,1,1,1
404,15,1705.88,297.60,116.42,368.66,1,1,1
404,17,169.54,410.15,57.11,131.73,1,1,1
404,18,169.46,418.12,27.18,68.79,1,1,1
404,19,249.41,395.88,75.29,205.29,1,1,1
404,20,138.07,405.08,33.25,82.74,1,1,1
404,26,234.26,406.60,43.15,123.10,1,1,1
404,30,65.23,410.15,20.30,79.95,1,1,1
404,31,83.50,418.27,50.76,81.22,1,1,1
404,32,791.95,350.47,234.48,625.29,1,1,1
404,33,33.53,413.17,62.87,144.31,1,1,1
404,35,25.57,407.25,27.48,98.09,1,1,1
404,37,8.05,415.99,52.87,111.49,1,1,1
404,39,75.19,415.65,21.76,74.43,1,1,1
404,46,0.00,415.60,12.84,44.95,1,1,1
405,3,1348.84,362.79,96.90,282.95,1,1,1
405,4,1277.07,371.22,80.00,300.49,1,1,1
405,7,744.39,390.37,92.51,273.80,1,1,1
405,8,795.19,387.70,51.87,148.66,1,1,1
405,10,727.66,370.92,98.58,239.01,1,1,1
405,11,320.49,393.66,93.17,200.00,1,1,1
405,12,654.97,390.99,29.33,74.13,1,1,1
405,14,679.68,391.22,29.79,74.36,1,1,1
405,15,1713.85,296.56,117.81,370.44,1,1,1
405,17,165.46,408.91,60.17,132.59,1,1,1
405,18,166.34,416.59,26.83,72.68,1,1,1
405,19,247.10,394.84,74.84,204.52,1,1,1
405,20,136.21,403.62,32.03,82.45,1,1,1
405,26,231.75,404.18,42.06,126.18,1,1,1
405,30,59.89,409.75,25.63,76.32,1,1,1
405,31,81.89,416.99,50.42,80.78,1,1,1
405,32,794.38,347.19,234.83,629.21,1,1,1
405,33,31.76,412.94,64.71,145.88,1,1,1
405,35,21.84,407.85,25.60,88.05,1,1,1
405,37,2.25,411.24,52.81,117.98,1,1,1
405,39,77.40,415.78,18.55,73.77,1,1,1
405,46,0.00,416.78,9.73,46.64,1,1,1
406,3,1354.26,359.69,91.47,285.27,1,1,1
406,4,1280.75,369.52,81.28,302.67,1,1,1
406,7,745.88,389.41,95.88,272.94,1,1,1
406,8,801.18,386.47,49.41,171.18,1,1,1
406,10,721.33,373.78,98.67,235.56,1,1,1
406,11,318.67,394.22,92.44,200.44,1,1,1
406,12,654.27,394.69,29.10,68.36,1,1,1
406,14,677.37,388.77,30.70,76.58,1,1,1
406,15,1721.43,292.06,113.49,374.60,1,1,1
406,17,163.61,407.65,59.33,134.86,1,1,1
406,18,165.18,415.79,27.13,70.04,1,1,1
406,19,246.81,392.91,74.47,205.67,1,1,1
406,20,133.64,404.59,32.42,81.35,1,1,1
406,26,229.97,403.98,42.81,126.91,1,1,1
406,30,58.41,410.09,24.77,81.96,1,1,1
406,31,80.12,418.35,49.24,79.20,1,1,1
406,32,799.00,341.50,236.25,627.50,1,1,1
406,33,30.99,412.68,63.38,147.42,1,1,1
406,35,20.68,406.77,28.57,92.48,1,1,1
406,37,4.76,410.32,43.65,119.05,1,1,1
406,46,0.00,419.13,7.72,44.63,1,1,1
407,3,1356.59,357.36,89.92,282.17,1,1,1
407,4,1283.96,370.59,82.89,301.07,1,1,1
407,7,747.59,388.77,87.70,275.94,1,1,1
407,8,807.72,386.24,44.97,175.17,1,1,1
407,10,721.76,370.00,87.65,240.00,1,1,1
407,11,314.12,393.53,94.71,198.82,1,1,1
407,12,651.52,397.97,29.95,56.85,1,1,1
407,14,675.97,389.64,30.79,75.11,1,1,1
407,15,1726.98,292.86,115.87,374.60,1,1,1
407,17,160.86,407.03,59.94,133.94,1,1,1
407,18,162.67,416.00,28.00,72.44,1,1,1
407,19,243.41,393.02,74.42,208.53,1,1,1
407,20,130.36,404.05,32.79,81.78,1,1,1
407,26,228.74,403.64,43.72,130.36,1,1,1
407,30,57.49,411.93,27.83,80.12,1,1,1
407,31,78.90,416.51,48.32,81.65,1,1,1
407,32,806.50,336.50,232.50,636.25,1,1,1
407,33,28.27,411.52,60.73,147.12,1,1,1
407,35,20.30,406.77,25.19,93.98,1,1,1
407,37,0.25,412.75,50.00,116.25,1,1,1
408,3,1355.93,355.08,91.53,288.98,1,1,1
408,4,1289.41,368.24,82.35,304.71,1,1,1
408,7,749.65,387.23,88.65,277.30,1,1,1
408,8,811.35,383.69,44.68,155.32,1,1,1
408,10,720.00,370.97,91.61,236.77,1,1,1
408,11,315.61,392.20,91.22,201.46,1,1,1
408,12,651.27,399.54,29.33,60.74,1,1,1
408,14,674.05,390.03,31.49,72.63,1,1,1
408,15,1732.89,288.25,121.05,375.44,1,1,1
408,17,159.41,406.27,57.93,135.06,1,1,1
408,18,160.49,416.10,23.90,70.24,1,1,1
408,19,241.86,394.57,73.64,206.98,1,1,1
408,20,126.20,404.06,32.84,81.92,1,1,1
408,26,225.83,402.95,42.07,125.46,1,1,1
408,30,56.46,406.64,26.94,73.06,1,1,1
408,31,77.12,416.97,46.49,78.60,1,1,1
408,32,813.19,329.67,227.47,625.27,1,1,1
408,33,26.58,411.39,57.59,148.73,1,1,1
408,35,12.62,405.50,31.72,96.76,1,1,1
408,37,1.10,406.59,42.86,118.68,1,1,1
409,3,1364.07,353.88,87.80,290.24,1,1,1
409,4,1293.80,367.44,85.27,306.98,1,1,1
409,7,752.20,385.37,88.78,280.98,1,1,1
409,8,816.59,382.44,41.95,137.56,1,1,1
409,10,711.76,368.82,97.65,240.00,1,1,1
409,11,313.53,391.18,91.18,203.53,1,1,1
409,12,649.86,396.66,28.41,64.90,1,1,1
409,14,672.87,388.00,31.65,76.52,1,1,1
409,15,1743.37,288.89,114.46,374.70,1,1,1
409,17,154.13,404.59,61.77,134.56,1,1,1
409,18,157.78,415.56,25.33,70.67,1,1,1
409,19,238.06,394.84,78.06,204.52,1,1,1
409,20,125.38,404.59,31.50,81.04,1,1,1
409,26,225.38,402.75,39.76,128.44,1,1,1
409,30,53.21,407.65,27.52,75.84,1,1,1
409,31,77.98,417.43,41.59,77.68,1,1,1
409,32,819.19,329.29,226.26,620.20,1,1,1
409,33,24.82,411.68,61.31,147.45,1,1,1
409,35,10.33,406.27,29.89,97.79,1,1,1
409,37,2.02,410.10,38.38,116.16,1,1,1
410,3,1360.41,355.10,92.68,289.02,1,1,1
410,4,1298.82,367.65,84.12,307.06,1,1,1
410,7,756.15,387.17,85.56,279.68,1,1,1
410,8,820.32,382.89,40.11,129.95,1,1,1
410,10,702.13,371.63,109.22,237.59,1,1,1
410,11,307.80,390.78,94.33,205.67,1,1,1
410,12,649.24,392.05,28.75,69.72,1,1,1
410,14,671.20,387.03,26.11,74.05,1,1,1
410,15,1747.33,287.83,120.83,381.94,1,1,1
410,17,150.92,404.80,59.41,133.58,1,1,1
410,18,155.61,416.04,28.34,70.59,1,1,1
410,19,237.65,394.12,68.82,207.65,1,1,1
410,20,122.88,404.43,32.84,79.34,1,1,1
410,25,246.86,401.11,49.82,134.69,1,1,1
410,26,225.09,403.32,42.07,132.47,1,1,1
410,30,49.45,410.33,25.83,69.37,1,1,1
410,31,71.96,415.13,46.13,79.70,1,1,1
410,32,825.27,326.37,224.18,616.48,1,1,1
410,33,22.78,408.86,56.96,148.10,1,1,1
410,35,10.03,406.47,28.80,94.50,1,1,1
410,37,0.00,410.99,37.36,117.58,1,1,1
411,3,1357.98,356.32,97.56,290.24,1,1,1
411,4,1305.88,368.45,83.42,308.02,1,1,1
411,7,753.33,386.22,89.78,281.33,1,1,1
411,8,826.22,382.22,36.89,124.44,1,1,1
411,10,695.74,373.05,114.89,236.88,1,1,1
411,11,310.00,390.00,89.41,204.12,1,1,1
411,12,638.67,395.11,35.11,66.67,1,1,1
411,14,666.74,387.07,28.64,73.67,1,1,1
411,17,145.76,404.43,59.41,130.26,1,1,1
411,19,231.02,395.72,71.66,204.28,1,1,1
411,20,118.82,404.80,28.78,71.22,1,1,1
411,26,223.99,402.21,41.70,136.53,1,1,1
411,30,48.71,412.18,21.03,77.49,1,1,1
411,31,68.63,414.02,39.48,80.44,1,1,1
411,32,828.57,324.18,220.88,616.48,1,1,1
411,33,22.15,412.03,55.70,150.00,1,1,1
411,35,5.18,405.70,35.23,98.96,1,1,1
411,37,1.10,413.19,37.36,113.19,1,1,1
412,3,1349.44,355.10,113.41,292.68,1,1,1
412,4,1309.41,368.24,85.29,308.82,1,1,1
412,7,757.56,387.80,89.27,281.46,1,1,1
412,8,826.83,381.95,43.41,132.20,1,1,1
412,10,699.29,375.89,105.67,234.04,1,1,1
412,11,309.22,389.36,89.36,207.80,1,1,1
412,12,642.51,396.64,31.50,64.83,1,1,1
412,14,670.17,391.59,25.43,70.94,1,1,1
412,15,1762.60,288.64,120.90,383.58,1,1,1
412,17,144.28,405.17,62.73,138.38,1,1,1
412,18,149.80,417.81,24.29,68.83,1,1,1
412,19,233.33,397.16,72.34,203.55,1,1,1
412,20,116.97,405.90,33.21,80.44,1,1,1
412,25,245.39,399.63,43.54,139.11,1,1,1
412,26,218.82,404.43,38.38,127.31,1,1,1
412,30,40.59,412.55,27.31,80.44,1,1,1
412,31,69.74,416.97,40.96,80.07,1,1,1
412,32,832.97,325.27,219.78,620.88,1,1,1
412,33,17.61,409.09,60.80,152.27,1,1,1
412,35,8.19,408.19,25.27,98.93,1,1,1
412,37,2.20,412.09,34.07,117.58,1,1,1
413,3,1347.00,355.10,117.07,296.34,1,1,1
413,4,1318.06,366.45,80.65,312.90,1,1,1
413,7,758.29,387.17,91.44,286.10,1,1,1
413,8,834.22,382.35,44.39,140.11,1,1,1
413,10,698.58,374.47,110.64,234.75,1,1,1
413,11,311.35,390.78,90.07,200.71,1,1,1
413,14,659.35,387.99,37.41,77.14,1,1,1
413,15,1764.42,291.87,129.03,379.03,1,1,1
413,17,142.91,405.26,58.70,135.63,1,1,1
413,19,231.01,400.78,71.32,201.55,1,1,1
413,20,116.60,405.67,29.55,75.30,1,1,1
413,26,223.08,407.29,34.41,128.34,1,1,1
413,30,37.78,416.89,28.00,74.22,1,1,1
413,31,70.67,416.89,37.78,79.56,1,1,1
413,32,836.90,328.95,219.05,622.62,1,1,1
413,33,18.80,405.13,55.56,158.97,1,1,1
413,35,3.55,408.16,32.62,93.97,1,1,1
413,37,1.19,412.29,35.71,115.48,1,1,1
414,3,1355.54,357.54,110.98,293.90,1,1,1
414,4,1316.10,368.29,87.80,314.63,1,1,1
414,7,760.96,386.63,88.24,287.70,1,1,1
414,8,835.29,381.28,41.18,142.78,1,1,1
414,10,701.94,376.13,100.00,234.84,1,1,1
414,11,307.74,392.26,85.81,202.58,1,1,1
414,14,665.58,390.44,26.96,74.19,1,1,1
414,15,1772.00,291.33,128.00,388.00,1,1,1
414,17,142.20,407.65,60.24,135.17,1,1,1
414,18,147.06,417.65,26.20,68.45,1,1,1
414,19,224.12,399.41,73.53,205.29,1,1,1
414,20,111.62,404.28,35.78,79.82,1,1,1
414,26,214.98,404.89,40.67,130.28,1,1,1
414,29,159.66,404.62,13.87,42.23,1,1,1
414,30,35.08,412.39,29.83,81.93,1,1,1
414,31,64.92,418.28,40.34,79.20,1,1,1
414,32,829.33,332.67,228.00,626.67,1,1,1
414,33,12.31,409.23,66.15,154.62,1,1,1
414,35,0.00,405.37,31.71,102.44,1,1,1
414,37,1.33,414.00,24.00,117.33,1,1,1
415,3,1353.10,358.76,118.29,296.34,1,1,1
415,4,1318.24,369.41,87.65,314.71,1,1,1
415,7,762.57,390.37,89.30,285.56,1,1,1
415,8,838.50,386.63,41.18,135.29,1,1,1
415,10,702.13,375.18,102.84,239.01,1,1,1
415,11,304.28,393.05,86.63,201.60,1,1,1
415,14,663.45,392.89,30.71,75.38,1,1,1
415,15,1778.33,293.67,123.33,385.00,1,1,1
415,17,137.27,408.12,62.36,136.53,1,1,1
415,18,143.85,418.72,32.09,74.33,1,1,1
415,19,221.39,401.07,75.40,205.35,1,1,1
415,20,108.86,405.17,33.95,80.44,1,1,1
415,26,212.92,407.75,41.70,130.63,1,1,1
415,29,155.71,406.13,15.88,54.32,1,1,1
415,30,24.79,409.47,35.65,88.58,1,1,1
415,31,61.00,417.55,41.50,81.06,1,1,1
415,32,838.59,336.35,218.92,629.73,1,1,1
415,33,9.48,406.03,70.69,158.62,1,1,1
415,35,3.83,404.92,24.04,91.26,1,1,1
415,37,2.11,409.32,21.62,121.62,1,1,1
415,39,45.90,413.66,26.23,72.13,1,1,1
416,3,1359.20,359.98,115.85,296.34,1,1,1
416,4,1325.88,370.00,87.06,317.06,1,1,1
416,7,764.71,390.91,89.30,288.24,1,1,1
416,8,840.64,383.42,40.11,132.62,1,1,1
416,10,700.00,375.48,107.74,238.71,1,1,1
416,11,303.23,390.97,86.45,207.10,1,1,1
416,14,658.22,388.02,35.93,78.27,1,1,1
416,15,1789.52,290.48,122.86,389.52,1,1,1
416,17,134.26,408.36,63.79,136.77,1,1,1
416,18,141.30,418.22,27.53,67.61,1,1,1
416,19,220.00,399.41,77.06,205.29,1,1,1
416,20,106.41,404.74,35.65,84.40,1,1,1
416,26,211.14,407.80,40.67,130.36,1,1,1
416,29,155.25,408.19,16.18,44.96,1,1,1
416,30,27.73,407.35,30.67,86.13,1,1,1
416,31,59.45,416.81,42.23,80.46,1,1,1
416,32,843.81,340.00,214.29,633.33,1,1,1
416,33,5.62,409.55,75.28,156.18,1,1,1
416,35,0.86,406.87,33.91,86.27,1,1,1
416,37,0.00,411.78,26.51,119.28,1,1,1
416,39,48.07,412.88,20.17,80.69,1,1,1
417,3,1364.07,358.76,115.85,300.00,1,1,1
417,4,1331.18,372.35,86.47,317.06,1,1,1
417,7,767.38,389.84,88.24,289.84,1,1,1
417,8,842.78,382.89,45.45,156.68,1,1,1
417,10,698.58,373.05,112.06,244.68,1,1,1
417,11,302.16,392.09,87.05,203.60,1,1,1
417,14,661.44,388.69,31.36,77.63,1,1,1
417,15,1797.16,291.62,121.84,389.38,1,1,1
417,17,130.89,407.95,64.83,135.17,1,1,1
417,18,139.85,417.34,26.57,66.42,1,1,1
417,19,219.41,398.82,77.06,205.29,1,1,1
417,20,106.12,404.28,35.17,78.59,1,1,1
417,26,207.65,406.42,48.32,129.05,1,1,1
417,29,153.57,406.09,13.87,47.06,1,1,1
417,30,25.00,407.14,34.03,92.86,1,1,1
417,31,59.87,419.33,40.13,82.35,1,1,1
417,32,842.86,342.05,216.67,634.52,1,1,1
417,33,4.44,410.67,75.56,159.56,1,1,1
417,35,1.29,405.81,24.52,99.35,1,1,1
417,37,0.00,405.81,22.58,126.45,1,1,1
417,39,40.65,412.90,29.68,78.71,1,1,1
418,3,1375.00,358.33,108.33,300.93,1,1,1
418,4,1335.29,370.59,88.24,320.86,1,1,1
418,7,764.71,390.37,93.58,291.44,1,1,1
418,8,848.13,385.56,46.52,142.78,1,1,1
418,10,698.06,375.48,109.03,240.00,1,1,1
418,11,301.78,394.22,86.22,201.78,1,1,1
418,14,663.61,391.13,30.28,77.06,1,1,1
418,15,1807.62,293.66,111.38,390.34,1,1,1
418,17,131.21,409.73,63.76,135.91,1,1,1
418,18,140.64,418.18,28.34,70.05,1,1,1
418,19,214.89,399.29,78.72,205.67,1,1,1
418,20,106.71,403.69,34.56,79.19,1,1,1
418,26,208.05,406.71,45.30,127.52,1,1,1
418,29,152.79,406.60,15.23,44.16,1,1,1
418,30,25.13,409.64,33.76,89.09,1,1,1
418,31,58.38,418.02,39.59,84.52,1,1,1
418,32,850.57,349.32,206.90,634.48,1,1,1
418,33,1.45,412.08,78.26,157.49,1,1,1
418,35,3.47,407.29,22.22,78.47,1,1,1
418,37,1.21,407.27,23.03,127.27,1,1,1
418,39,43.40,412.85,22.22,74.65,1,1,1
419,3,1375.05,357.54,112.20,303.66,1,1,1
419,4,1341.71,372.19,91.44,321.39,1,1,1
419,7,775.94,390.91,85.56,293.05,1,1,1
419,8,853.48,385.56,38.50,125.13,1,1,1
419,10,696.13,376.13,103.23,241.94,1,1,1
419,11,301.29,394.19,86.45,201.29,1,1,1
419,14,663.96,389.85,30.20,77.16,1,1,1
419,15,1808.86,291.76,110.14,395.24,1,1,1
419,17,131.37,411.07,63.10,135.06,1,1,1
419,18,139.11,419.11,28.00,65.33,1,1,1
419,19,216.13,399.35,76.77,203.87,1,1,1
419,20,105.90,402.95,34.69,80.44,1,1,1
419,26,207.01,405.90,45.76,135.79,1,1,1
419,29,150.97,406.41,15.32,44.57,1,1,1
419,30,30.36,413.09,31.20,87.47,1,1,1
419,31,62.67,420.33,37.05,79.11,1,1,1
419,32,848.31,347.19,208.99,641.57,1,1,1
419,33,0.65,411.76,79.74,159.48,1,1,1
419,35,2.49,407.46,25.87,92.54,1,1,1
419,37,1.12,411.24,20.22,123.60,1,1,1
419,39,46.27,409.45,25.87,81.59,1,1,1
420,3,1378.71,359.98,114.63,302.44,1,1,1
420,4,1346.47,374.71,92.94,321.18,1,1,1
420,7,774.87,391.98,90.91,295.72,1,1,1
420,8,857.04,384.44,37.78,148.89,1,1,1
420,10,695.29,378.24,98.24,239.41,1,1,1
420,11,300.00,397.65,87.65,197.65,1,1,1
420,14,664.77,393.62,29.53,76.51,1,1,1
420,15,1821.80,291.96,97.20,395.04,1,1,1
420,17,130.26,410.70,64.21,136.53,1,1,1
420,18,140.11,419.79,26.20,64.17,1,1,1
420,19,214.73,399.22,74.42,208.53,1,1,1
420,20,106.42,406.42,34.76,80.75,1,1,1
420,26,207.49,408.56,45.99,135.29,1,1,1
420,29,151.53,408.91,16.43,48.47,1,1,1
420,30,28.69,411.98,30.92,85.79,1,1,1
420,31,58.22,421.45,39.83,81.89,1,1,1
420,32,855.14,349.41,209.88,638.27,1,1,1
420,33,0.57,413.64,80.68,159.66,1,1,1
420,35,1.37,408.87,32.42,95.22,1,1,1
420,37,0.72,415.83,20.86,118.71,1,1,1
420,39,46.76,415.02,22.87,78.16,1,1,1
421,3,1388.46,361.20,110.98,306.10,1,1,1
421,4,1355.48,375.48,89.68,322.58,1,1,1
421,7,780.39,392.81,88.24,297.39,1,1,1
421,8,864.71,388.89,39.22,145.10,1,1,1
421,10,695.04,375.89,100.71,245.39,1,1,1
421,11,302.14,400.00,85.56,202.67,1,1,1
421,14,665.46,396.66,25.63,73.82,1,1,1
421,15,1833.25,295.50,85.75,398.50,1,1,1
421,17,129.81,411.14,64.35,135.93,1,1,1
421,18,140.11,419.79,23.53,70.05,1,1,1
421,19,212.35,401.76,80.59,206.47,1,1,1
421,20,106.42,407.34,35.47,81.35,1,1,1
421,26,206.69,408.91,42.90,127.58,1,1,1
421,29,152.77,412.43,11.66,34.80,1,1,1
421,30,26.96,414.34,30.98,77.44,1,1,1
421,31,60.99,423.52,38.43,80.88,1,1,1
421,32,857.45,352.13,217.02,637.23,1,1,1
421,33,0.00,414.44,80.00,162.22,1,1,1
421,35,3.35,410.53,26.79,90.91,1,1,1
421,37,0.00,417.02,21.28,122.34,1,1,1
421,39,47.52,418.15,19.80,76.24,1,1,1
422,3,1410.41,366.07,100.00,304.88,1,1,1
422,4,1361.70,376.60,91.49,326.24,1,1,1
422,7,783.69,396.45,90.78,296.45,1,1,1
422,8,863.90,392.68,50.24,139.02,1,1,1
422,10,693.22,377.12,102.54,244.92,1,1,1
422,11,302.58,401.29,87.10,202.58,1,1,1
422,14,667.79,399.66,25.50,73.49,1,1,1
422,15,1841.67,300.53,77.33,398.47,1,1,1
422,17,133.21,412.55,61.25,135.06,1,1,1
422,18,140.00,423.56,28.00,69.33,1,1,1
422,19,211.63,402.33,82.17,209.30,1,1,1
422,20,109.23,410.70,35.06,83.03,1,1,1
422,26,208.49,410.33,44.28,128.04,1,1,1
422,29,151.78,415.48,15.99,41.37,1,1,1
422,30,30.96,412.18,25.89,87.56,1,1,1
422,31,61.42,425.89,39.85,79.44,1,1,1
422,32,854.43,353.71,222.86,634.29,1,1,1
422,33,0.00,418.00,81.33,160.00,1,1,1
422,35,6.32,411.46,23.32,90.91,1,1,1
422,37,0.68,417.01,20.41,121.77,1,1,1
422,39,48.97,418.81,21.91,80.41,1,1,1
423,3,1417.73,368.51,101.22,306.10,1,1,1
423,4,1373.55,381.29,90.32,328.39,1,1,1
423,7,786.05,397.67,97.67,296.90,1,1,1
423,8,873.64,394.57,55.81,186.05,1,1,1
423,10,694.44,380.56,109.26,248.15,1,1,1
423,11,304.28,404.81,87.17,200.53,1,1,1
423,14,671.59,403.32,23.99,71.96,1,1,1
423,15,1853.00,299.43,66.00,402.57,1,1,1
423,17,137.05,416.43,59.33,134.54,1,1,1
423,18,141.71,427.27,29.95,68.98,1,1,1
423,19,213.55,405.16,82.58,209.03,1,1,1
423,20,110.86,413.09,33.43,83.84,1,1,1
423,26,211.70,413.65,41.78,127.30,1,1,1
423,29,150.84,418.49,23.53,56.09,1,1,1
423,30,28.57,417.02,30.46,82.98,1,1,1
423,31,64.92,426.47,36.97,83.40,1,1,1
423,32,861.10,352.82,226.87,638.81,1,1,1
423,33,3.09,422.22,82.10,159.88,1,1,1
423,35,6.17,415.86,23.79,90.75,1,1,1
423,37,1.40,421.48,29.85,122.39,1,1,1
423,39,52.06,419.85,19.07,80.15,1,1,1
424,3,1423.83,373.39,103.66,309.76,1,1,1
424,4,1380.59,385.88,94.12,330.00,1,1,1
424,7,793.62,402.13,95.04,298.58,1,1,1
424,8,890.24,400.49,53.17,150.24,1,1,1
424,10,694.07,383.90,109.32,248.31,1,1,1
424,11,307.74,409.03,84.52,203.23,1,1,1
424,14,672.69,405.90,24.35,74.54,1,1,1
424,15,1867.98,314.56,51.02,392.44,1,1,1
424,17,139.68,419.43,59.92,136.03,1,1,1
424,18,145.99,430.48,29.41,70.05,1,1,1
424,19,213.53,408.82,85.29,208.24,1,1,1
424,20,117.41,417.41,32.79,82.19,1,1,1
424,26,212.15,417.41,40.89,134.82,1,1,1
424,29,154.60,422.28,25.07,61.56,1,1,1
424,30,36.77,420.33,25.63,77.72,1,1,1
424,31,67.69,431.20,38.16,83.29,1,1,1
424,32,860.25,351.50,232.50,643.75,1,1,1
424,33,7.84,423.53,81.05,162.75,1,1,1
424,35,13.88,418.98,24.93,87.54,1,1,1
424,37,0.00,420.87,31.30,127.83,1,1,1
424,39,50.00,427.69,28.10,80.58,1,1,1
425,3,1440.90,380.71,96.34,309.76,1,1,1
425,4,1392.26,390.32,98.06,333.55,1,1,1
425,7,800.78,407.75,92.25,300.78,1,1,1
425,8,893.80,406.98,55.04,180.62,1,1,1
425,10,698.15,388.89,107.41,250.93,1,1,1
425,11,310.19,411.11,87.96,207.41,1,1,1
425,14,678.19,414.09,26.51,68.46,1,1,1
425,15,1881.69,370.50,35.94,346.88,1,1,1
425,17,143.73,425.38,60.55,132.42,1,1,1
425,18,151.22,436.10,31.22,70.24,1,1,1
425,19,217.06,414.12,87.65,207.65,1,1,1
425,20,121.41,422.63,31.80,84.40,1,1,1
425,26,217.74,421.10,37.00,122.02,1,1,1
425,29,158.40,426.26,22.90,62.18,1,1,1
425,30,42.23,427.73,27.10,88.87,1,1,1
425,31,74.58,437.18,35.71,80.04,1,1,1
425,32,866.67,358.00,230.67,650.67,1,1,1
425,33,13.86,428.22,78.22,164.36,1,1,1
425,35,18.22,424.70,28.26,92.12,1,1,1
425,37,0.00,427.33,36.00,124.00,1,1,1
425,39,54.74,430.58,30.58,86.24,1,1,1
426,3,1451.88,384.37,101.22,309.76,1,1,1
426,4,1403.53,394.71,97.06,334.71,1,1,1
426,7,808.38,412.57,97.01,300.60,1,1,1
426,8,902.40,407.78,63.47,163.47,1,1,1
426,10,699.29,394.33,109.22,250.35,1,1,1
426,11,311.23,417.11,90.91,202.67,1,1,1
426,14,686.54,418.65,20.18,69.72,1,1,1
426,15,1902.00,386.12,17.00,337.88,1,1,1
426,17,152.35,429.53,58.72,136.58,1,1,1
426,18,154.01,442.25,29.95,65.78,1,1,1
426,19,221.99,417.02,87.23,209.22,1,1,1
426,20,128.19,427.18,29.87,83.56,1,1,1
426,26,224.50,426.85,39.93,139.26,1,1,1
426,29,164.20,431.87,21.25,58.20,1,1,1
426,30,44.11,431.18,29.56,86.61,1,1,1
426,31,78.98,440.88,37.41,78.06,1,1,1
426,32,872.09,361.58,226.74,637.21,1,1,1
426,33,20.00,432.73,77.58,162.42,1,1,1
426,35,27.41,430.03,22.16,84.26,1,1,1
426,37,0.00,435.29,38.97,122.79,1,1,1
426,39,63.85,436.44,27.41,78.13,1,1,1
427,3,1464.07,385.59,97.56,315.85,1,1,1
427,4,1416.77,397.42,96.13,337.42,1,1,1
427,7,817.80,414.41,91.53,302.54,1,1,1
427,8,907.10,412.26,60.00,176.77,1,1,1
427,10,703.88,395.35,106.20,251.16,1,1,1
427,11,311.63,417.83,98.45,203.10,1,1,1
427,14,688.56,417.34,22.51,72.69,1,1,1
427,17,153.78,429.78,60.89,138.22,1,1,1
427,18,157.56,443.41,29.27,68.29,1,1,1
427,19,226.47,420.00,84.12,209.41,1,1,1
427,20,132.89,428.00,30.22,81.78,1,1,1
427,26,227.56,428.44,43.56,139.11,1,1,1
427,29,170.21,431.64,21.02,60.51,1,1,1
427,30,50.58,427.02,27.25,90.99,1,1,1
427,31,86.37,439.72,34.18,78.52,1,1,1
427,32,875.26,356.45,219.48,636.36,1,1,1
427,33,28.80,430.43,76.09,166.30,1,1,1
427,35,30.14,431.21,29.79,85.11,1,1,1
427,37,1.23,434.38,41.56,123.38,1,1,1
427,39,69.33,437.60,29.60,78.13,1,1,1
428,3,1471.39,389.24,100.00,315.85,1,1,1
428,4,1427.06,400.59,97.65,339.41,1,1,1
428,7,824.12,415.88,89.41,304.71,1,1,1
428,8,917.81,413.77,53.85,162.75,1,1,1
428,10,706.78,396.61,109.32,252.54,1,1,1
428,11,314.41,419.49,99.15,203.39,1,1,1
428,14,696.31,420.81,20.47,78.86,1,1,1
428,17,165.78,432.89,53.33,134.67,1,1,1
428,18,160.96,444.39,36.36,72.73,1,1,1
428,19,231.36,423.73,83.05,206.78,1,1,1
428,20,137.33,431.56,30.22,82.22,1,1,1
428,26,232.00,431.11,43.56,139.11,1,1,1
428,29,174.60,432.33,20.32,60.51,1,1,1
428,30,53.12,429.33,31.18,84.76,1,1,1
428,31,93.76,443.19,31.41,76.91,1,1,1
428,32,874.67,358.00,221.33,642.67,1,1,1
428,33,32.72,432.10,72.84,164.81,1,1,1
428,35,35.79,431.98,22.34,87.06,1,1,1
428,37,1.11,432.47,50.55,129.89,1,1,1
428,39,75.13,438.83,25.63,76.14,1,1,1
429,3,1479.93,390.46,106.10,320.73,1,1,1
429,4,1438.76,403.10,97.67,342.64,1,1,1
429,7,831.21,419.86,95.74,306.38,1,1,1
429,8,929.79,417.02,52.48,184.40,1,1,1
429,10,708.33,398.15,111.11,252.78,1,1,1
429,11,324.07,423.15,93.52,200.00,1,1,1
429,14,699.63,423.25,23.62,76.38,1,1,1
429,17,168.42,433.20,57.09,136.03,1,1,1
429,18,165.33,446.67,37.33,72.44,1,1,1
429,19,233.53,427.65,89.41,208.24,1,1,1
429,20,143.32,432.79,33.20,84.21,1,1,1
429,25,253.44,425.10,48.18,148.99,1,1,1
429,26,236.44,433.60,40.08,130.77,1,1,1
429,29,179.21,435.10,19.17,55.43,1,1,1
429,30,61.20,433.49,23.09,82.91,1,1,1
429,31,92.15,444.11,40.42,77.37,1,1,1
429,32,880.23,360.42,224.42,654.65,1,1,1
429,33,40.35,434.21,72.81,166.67,1,1,1
429,35,43.15,432.36,22.16,90.38,1,1,1
429,37,5.10,436.22,50.51,127.55,1,1,1
429,39,82.03,444.12,21.90,70.26,1,1,1
430,3,1501.88,395.34,96.34,318.29,1,1,1
430,4,1450.35,407.09,99.29,345.39,1,1,1
430,7,838.82,421.18,95.29,309.41,1,1,1
430,10,715.25,399.15,111.02,259.32,1,1,1
430,11,321.19,424.58,102.54,202.54,1,1,1
430,14,705.50,423.24,23.85,73.09,1,1,1
430,17,172.69,436.16,58.30,139.11,1,1,1
430,18,172.89,448.44,27.11,67.56,1,1,1
430,19,240.00,430.59,88.82,205.29,1,1,1
430,20,149.45,434.32,31.00,85.98,1,1,1
430,25,256.09,427.31,49.08,150.18,1,1,1
430,26,241.70,435.79,48.34,137.64,1,1,1
430,29,185.03,434.26,19.04,62.44,1,1,1
430,30,69.26,436.36,26.84,99.13,1,1,1
430,31,101.30,445.02,35.93,83.55,1,1,1
430,32,883.91,366.56,228.74,654.02,1,1,1
430,33,46.75,436.36,70.56,165.80,1,1,1
430,35,50.39,434.65,23.10,86.88,1,1,1
430,37,11.93,436.24,47.25,127.52,1,1,1
430,39,87.19,442.62,23.12,74.65,1,1,1
430,40,8.26,444.04,24.46,76.15,1,1,1
430,41,31.80,440.06,19.88,62.69,1,1,1
431,3,1510.41,396.56,101.22,321.95,1,1,1
431,4,1465.12,410.85,100.78,344.96,1,1,1
431,7,849.61,426.36,92.25,305.43,1,1,1
431,10,723.73,404.24,105.08,257.63,1,1,1
431,11,327.65,425.29,102.35,202.94,1,1,1
431,14,713.37,429.25,23.40,72.98,1,1,1
431,17,183.39,438.01,55.72,135.42,1,1,1
431,18,179.68,450.80,30.48,69.52,1,1,1
431,19,246.52,432.62,91.44,205.35,1,1,1
431,20,155.72,434.69,32.10,88.56,1,1,1
431,25,258.67,427.68,48.71,155.72,1,1,1
431,26,246.86,439.11,49.82,142.80,1,1,1
431,29,192.39,435.03,17.26,53.30,1,1,1
431,30,75.38,438.58,26.14,87.56,1,1,1
431,31,109.14,446.70,38.07,77.16,1,1,1
431,32,891.59,369.00,230.77,664.10,1,1,1
431,33,55.38,439.25,72.04,165.59,1,1,1
431,35,58.84,436.32,20.34,79.18,1,1,1
431,37,17.90,442.59,50.00,122.84,1,1,1
431,39,96.61,447.22,18.16,67.80,1,1,1
431,40,18.67,443.99,27.85,86.39,1,1,1
431,41,39.24,442.09,20.89,71.20,1,1,1
431,42,0.95,445.89,15.51,59.81,1,1,1
432,3,1529.93,399.00,100.00,325.61,1,1,1
432,4,1478.71,413.63,104.88,348.78,1,1,1
432,7,860.00,426.47,97.65,311.18,1,1,1
432,10,727.74,406.45,103.87,256.77,1,1,1
432,11,335.48,426.45,101.29,203.23,1,1,1
432,14,722.27,431.17,22.27,68.42,1,1,1
432,17,188.89,439.56,57.33,134.67,1,1,1
432,18,189.33,450.67,28.89,70.22,1,1,1
432,19,254.12,431.76,85.29,208.82,1,1,1
432,20,166.22,435.56,28.00,85.78,1,1,1
432,25,267.56,431.56,41.33,149.78,1,1,1
432,26,255.56,440.44,50.67,137.78,1,1,1
432,29,199.69,436.09,20.49,59.02,1,1,1
432,30,84.10,441.28,35.17,85.63,1,1,1
432,31,123.24,449.85,29.66,77.06,1,1,1
432,32,896.50,372.75,232.50,666.25,1,1,1
432,33,63.85,439.44,64.32,167.14,1,1,1
432,35,69.69,436.83,27.76,91.22,1,1,1
432,37,26.51,441.57,54.22,125.30,1,1,1
432,38,0.60,457.23,18.67,112.65,1,1,1
432,39,105.16,446.71,21.13,80.28,1,1,1
432,40,25.57,448.85,25.25,64.26,1,1,1
432,41,51.48,443.61,19.67,64.59,1,1,1
432,42,4.26,448.84,18.60,57.36,1,1,1
433,3,1534.80,400.22,110.98,328.05,1,1,1
433,4,1498.45,416.28,101.55,348.06,1,1,1
433,7,871.32,428.68,100.00,310.85,1,1,1
433,10,735.46,407.80,104.26,256.03,1,1,1
433,11,348.94,426.95,94.33,202.84,1,1,1
433,14,732.55,430.54,19.13,65.77,1,1,1
433,17,198.66,441.28,56.38,134.23,1,1,1
433,18,197.42,449.82,25.09,69.37,1,1,1
433,19,263.23,433.55,84.52,208.39,1,1,1
433,20,173.49,435.57,28.52,84.23,1,1,1
433,25,276.85,431.54,48.32,151.34,1,1,1
433,26,268.12,440.60,42.62,134.90,1,1,1
433,29,207.85,437.41,21.02,57.04,1,1,1
433,30,91.92,437.41,27.94,86.14,1,1,1
433,31,128.87,446.88,34.18,83.83,1,1,1
433,32,902.53,379.83,241.56,664.94,1,1,1
433,33,76.10,440.98,64.88,169.27,1,1,1
433,35,78.71,437.42,22.90,86.77,1,1,1
433,37,33.54,442.24,53.42,129.19,1,1,1
433,38,0.00,455.90,27.95,115.53,1,1,1
433,39,113.02,448.57,20.53,75.06,1,1,1
433,40,34.72,449.31,23.96,64.93,1,1,1
433,41,59.38,446.53,18.75,50.00,1,1,1
433,42,15.28,445.83,19.10,59.03,1,1,1
434,3,1560.41,397.78,101.22,330.49,1,1,1
434,4,1512.85,414.85,103.66,354.88,1,1,1
434,7,883.42,426.74,97.33,315.51,1,1,1
434,10,741.94,409.03,105.16,254.84,1,1,1
434,11,350.97,426.45,103.23,205.16,1,1,1
434,14,741.28,430.28,18.35,60.55,1,1,1
434,17,207.01,440.59,58.30,135.79,1,1,1
434,18,208.02,448.66,31.02,71.12,1,1,1
434,19,273.80,432.09,88.24,206.95,1,1,1
434,20,183.76,436.16,29.89,84.50,1,1,1
434,25,284.50,432.84,40.96,151.29,1,1,1
434,26,272.32,440.22,46.49,135.06,1,1,1
434,29,216.99,437.88,19.50,56.27,1,1,1
434,31,140.11,448.19,31.20,82.73,1,1,1
434,32,911.50,377.75,241.25,678.75,1,1,1
434,33,86.19,442.38,67.62,165.24,1,1,1
434,35,89.41,438.01,20.56,74.77,1,1,1
434,37,41.57,442.77,56.02,127.11,1,1,1
434,38,1.20,456.02,35.54,115.66,1,1,1
434,40,45.79,446.42,19.63,66.36,1,1,1
434,41,72.59,446.73,14.64,47.04,1,1,1
434,42,22.74,446.11,20.87,59.81,1,1,1
435,3,1573.83,400.22,109.76,330.49,1,1,1
435,4,1526.36,416.28,110.85,354.26,1,1,1
435,7,897.67,426.36,99.22,316.28,1,1,1
435,10,748.94,407.80,107.09,258.87,1,1,1
435,11,361.70,428.37,100.71,202.84,1,1,1
435,14,751.99,429.05,17.13,67.89,1,1,1
435,17,218.45,441.33,56.83,134.32,1,1,1
435,18,218.18,449.20,29.41,71.66,1,1,1
435,19,283.72,431.78,86.82,204.65,1,1,1
435,20,195.20,435.42,26.94,85.61,1,1,1
435,25,291.88,433.95,50.55,149.08,1,1,1
435,26,284.13,440.59,48.34,128.41,1,1,1
435,29,225.83,439.11,21.40,59.04,1,1,1
435,31,148.75,448.19,35.65,83.29,1,1,1
435,32,919.00,384.00,250.00,672.50,1,1,1
435,33,98.10,439.52,73.81,170.48,1,1,1
435,35,100.52,438.14,25.77,80.41,1,1,1
435,37,53.30,442.31,52.20,126.92,1,1,1
435,38,2.75,456.04,46.15,114.29,1,1,1
435,40,51.91,447.51,24.34,70.38,1,1,1
435,41,78.30,445.45,23.46,56.30,1,1,1
435,42,33.43,446.33,19.94,61.29,1,1,1
435,50,0.00,453.17,16.10,94.15,1,1,1
436,3,1589.68,396.56,110.98,334.15,1,1,1
436,4,1545.81,412.90,109.68,357.42,1,1,1
436,7,909.30,427.13,96.12,317.83,1,1,1
436,10,758.82,406.95,104.28,256.68,1,1,1
436,11,372.19,428.34,98.93,201.60,1,1,1
436,14,760.15,430.46,17.01,65.23,1,1,1
436,17,231.20,440.67,56.27,135.38,1,1,1
436,18,231.16,449.16,25.38,71.17,1,1,1
436,19,291.44,431.02,89.84,203.74,1,1,1
436,20,204.06,435.42,29.52,84.13,1,1,1
436,25,302.21,435.06,48.71,152.77,1,1,1
436,26,292.62,439.48,49.45,137.64,1,1,1
436,29,234.54,440.11,21.17,60.17,1,1,1
436,31,159.05,447.91,34.82,86.07,1,1,1
436,32,931.50,384.00,250.00,680.00,1,1,1
436,33,108.12,441.03,72.22,168.38,1,1,1
436,35,111.61,438.24,22.38,79.32,1,1,1
436,37,65.66,440.36,49.40,128.92,1,1,1
436,38,14.46,456.02,45.18,115.66,1,1,1
436,40,66.01,446.46,21.25,69.69,1,1,1
436,41,93.20,446.74,18.13,58.07,1,1,1
436,42,44.76,448.73,24.65,58.92,1,1,1
436,50,2.58,444.52,30.32,111.61,1,1,1
437,3,1606.76,397.78,114.63,334.15,1,1,1
437,4,1568.64,412.71,104.24,361.86,1,1,1
437,7,920.65,426.45,104.52,318.71,1,1,1
437,10,765.25,404.24,108.47,262.71,1,1,1
437,11,382.20,427.97,95.76,202.54,1,1,1
437,14,769.80,429.95,21.07,69.54,1,1,1
437,17,237.88,440.39,58.77,134.26,1,1,1
437,18,239.51,449.27,28.78,71.71,1,1,1
437,19,301.94,429.03,92.90,208.39,1,1,1
437,20,214.98,435.22,29.15,85.83,1,1,1
437,25,312.26,433.70,46.24,152.37,1,1,1
437,26,302.51,437.88,47.91,139.55,1,1,1
437,29,241.23,440.67,25.35,73.54,1,1,1
437,31,172.42,450.70,38.16,77.99,1,1,1
437,32,940.39,385.06,254.17,683.33,1,1,1
437,33,119.52,438.57,72.86,174.76,1,1,1
437,35,121.01,438.16,27.29,78.02,1,1,1
437,37,77.67,438.14,47.44,131.16,1,1,1
437,38,23.26,456.28,48.84,114.88,1,1,1
437,40,78.74,450.72,23.67,69.81,1,1,1
437,41,99.52,443.72,21.26,35.75,1,1,1
437,42,58.21,448.31,22.46,58.45,1,1,1
437,50,0.65,444.52,41.29,110.97,1,1,1
438,3,1632.37,394.12,109.76,341.46,1,1,1
438,4,1584.26,410.19,111.11,364.81,1,1,1
438,7,934.88,425.58,99.22,320.93,1,1,1
438,10,774.47,404.26,106.38,257.45,1,1,1
438,11,390.24,429.27,96.59,200.98,1,1,1
438,14,778.54,429.76,20.98,75.12,1,1,1
438,17,248.62,439.76,58.72,132.72,1,1,1
438,18,250.27,449.73,31.02,70.59,1,1,1
438,19,314.97,428.34,88.24,206.42,1,1,1
438,20,223.89,435.63,28.74,84.62,1,1,1
438,25,322.63,433.64,37.92,149.54,1,1,1
438,26,314.68,436.39,38.84,136.70,1,1,1
438,29,253.15,440.97,23.95,58.61,1,1,1
438,31,184.03,450.21,36.55,77.73,1,1,1
438,32,953.64,378.19,253.73,685.07,1,1,1
438,33,132.67,441.58,70.30,169.31,1,1,1
438,35,130.28,438.26,22.30,79.81,1,1,1
438,37,86.26,440.66,50.00,125.27,1,1,1
438,38,35.71,454.95,44.51,115.38,1,1,1
438,40,87.95,447.69,23.59,68.72,1,1,1
438,41,110.86,444.29,18.94,60.72,1,1,1
438,42,65.08,448.25,24.76,58.73,1,1,1
438,43,0.32,454.29,25.71,73.33,1,1,1
438,50,3.87,447.10,51.61,108.39,1,1,1
439,3,1655.54,395.34,103.66,339.02,1,1,1
439,4,1601.69,409.32,112.71,366.95,1,1,1
439,7,948.94,423.40,96.45,322.70,1,1,1
439,10,781.40,403.10,107.75,254.26,1,1,1
439,11,400.53,427.81,93.58,201.60,1,1,1
439,14,784.87,430.26,26.20,80.07,1,1,1
439,17,255.38,437.45,59.76,133.86,1,1,1
439,18,259.11,447.77,27.13,71.66,1,1,1
439,19,322.94,425.88,88.24,208.82,1,1,1
439,20,232.35,434.24,27.52,85.50,1,1,1
439,25,328.69,433.86,39.84,148.21,1,1,1
439,26,322.71,436.25,43.82,135.06,1,1,1
439,28,316.97,438.24,17.87,73.98,1,1,1
439,29,259.05,439.82,24.21,53.85,1,1,1
439,31,190.72,448.87,38.91,83.94,1,1,1
439,32,967.33,373.84,253.16,688.61,1,1,1
439,33,141.70,437.84,74.90,170.27,1,1,1
439,35,140.82,436.71,24.64,85.02,1,1,1
439,37,96.28,439.53,49.30,126.98,1,1,1
439,38,46.31,453.02,44.30,117.45,1,1,1
439,40,97.89,446.84,19.91,67.45,1,1,1
439,41,120.37,442.62,18.50,60.42,1,1,1
439,42,74.47,445.90,26.70,61.12,1,1,1
439,43,6.79,453.40,25.29,70.26,1,1,1
439,50,15.48,445.81,46.45,108.39,1,1,1
440,3,1667.73,392.90,107.32,346.34,1,1,1
440,4,1618.18,411.11,114.14,367.68,1,1,1
440,7,959.21,423.03,87.96,324.14,1,1,1
440,10,788.98,397.46,108.47,260.17,1,1,1
440,11,410.24,427.32,91.71,201.46,1,1,1
440,14,793.12,429.15,25.10,83.40,1,1,1
440,17,261.59,436.75,61.92,133.77,1,1,1
440,18,267.56,448.89,24.89,70.67,1,1,1
440,19,336.00,425.88,85.29,208.24,1,1,1
440,20,239.72,434.87,27.71,84.53,1,1,1
440,25,340.73,432.12,39.74,149.34,1,1,1
440,26,332.79,435.33,39.26,142.03,1,1,1
440,28,320.15,436.82,24.63,75.12,1,1,1
440,29,267.91,439.55,24.63,64.18,1,1,1
440,31,196.02,447.76,41.54,82.34,1,1,1
440,32,982.06,372.56,250.00,687.50,1,1,1
440,33,149.81,434.87,73.18,173.95,1,1,1
440,35,149.32,435.97,24.89,88.24,1,1,1
440,37,101.68,434.08,53.07,130.73,1,1,1
440,38,55.56,454.17,43.75,112.50,1,1,1
440,40,105.73,444.39,23.63,68.26,1,1,1
440,41,130.09,445.70,19.46,55.43,1,1,1
440,42,83.05,449.16,24.11,56.32,1,1,1
440,43,14.80,452.27,25.54,69.21,1,1,1
440,50,27.53,442.91,44.53,111.34,1,1,1
441,3,1684.80,391.68,108.54,350.00,1,1,1
441,4,1633.59,406.32,117.07,375.61,1,1,1
441,7,970.92,421.99,94.33,325.53,1,1,1
441,10,795.29,399.41,106.47,260.59,1,1,1
441,11,418.82,425.88,88.82,204.12,1,1,1
441,14,805.81,423.85,20.18,77.98,1,1,1
441,17,273.83,436.91,56.38,133.22,1,1,1
441,18,273.80,449.20,31.02,68.98,1,1,1
441,19,339.04,425.67,82.35,207.49,1,1,1
441,20,246.98,434.23,27.85,84.56,1,1,1
441,25,338.59,432.21,45.30,153.02,1,1,1
441,26,334.23,436.24,35.91,139.93,1,1,1
441,28,326.10,438.11,25.64,72.06,1,1,1
441,29,274.13,439.49,25.64,60.05,1,1,1
441,31,205.54,448.73,37.18,74.36,1,1,1
441,32,994.74,362.95,246.75,698.70,1,1,1
441,33,157.07,433.66,72.20,174.15,1,1,1
441,35,156.95,435.98,22.08,83.44,1,1,1
441,37,110.80,434.27,52.11,130.52,1,1,1
441,38,61.50,452.58,44.13,115.02,1,1,1
441,41,137.27,443.09,20.13,68.39,1,1,1
441,42,88.10,445.33,26.91,60.34,1,1,1
441,43,22.38,452.12,25.50,65.72,1,1,1
441,50,35.29,443.85,47.06,109.63,1,1,1
442,3,1690.90,392.90,115.85,350.00,1,1,1
442,4,1644.44,410.10,121.21,374.75,1,1,1
442,7,978.18,421.82,99.39,326.67,1,1,1
442,10,801.94,400.00,105.81,260.65,1,1,1
442,11,429.03,426.45,83.23,206.45,1,1,1
442,17,276.45,436.39,56.88,128.13,1,1,1
442,18,276.47,449.20,26.20,69.52,1,1,1
442,19,344.12,426.47,81.18,207.65,1,1,1
442,20,253.21,434.56,25.38,82.57,1,1,1
442,25,341.59,429.66,40.06,151.38,1,1,1
442,26,340.06,432.11,30.89,139.76,1,1,1
442,28,330.36,438.16,19.78,71.87,1,1,1
442,29,277.16,439.00,24.79,60.45,1,1,1
442,31,209.19,443.45,37.05,83.29,1,1,1
442,32,1006.50,364.00,242.50,703.75,1,1,1
442,33,166.67,435.45,62.43,173.02,1,1,1
442,35,165.21,436.60,23.20,84.28,1,1,1
442,37,117.00,437.00,55.50,129.00,1,1,1
442,38,63.00,454.00,50.50,114.50,1,1,1
442,41,140.46,443.30,22.42,66.49,1,1,1
442,42,98.20,449.48,15.72,41.49,1,1,1
442,43,25.26,450.77,26.80,66.75,1,1,1
442,50,40.00,442.94,42.35,100.59,1,1,1
443,3,1713.52,393.66,110.34,356.90,1,1,1
443,4,1656.62,412.62,122.41,377.59,1,1,1
443,7,986.05,421.71,100.00,330.23,1,1,1
443,10,806.45,401.94,107.74,260.65,1,1,1
443,11,432.26,426.45,81.94,205.81,1,1,1
443,17,282.29,437.27,56.83,132.47,1,1,1
443,18,285.03,451.87,31.02,68.45,1,1,1
443,19,349.03,426.45,80.65,208.39,1,1,1
443,20,253.87,435.42,29.89,81.18,1,1,1
443,25,343.54,430.63,41.70,150.92,1,1,1
443,28,332.23,438.83,17.26,75.13,1,1,1
443,29,280.20,437.06,25.89,61.93,1,1,1
443,31,212.69,443.91,37.31,78.93,1,1,1
443,32,1014.94,363.11,244.83,693.10,1,1,1
443,33,167.97,435.50,74.89,174.89,1,1,1
443,35,168.77,435.43,20.47,90.29,1,1,1
443,37,117.13,436.46,53.04,128.73,1,1,1
443,38,66.85,453.59,49.72,116.57,1,1,1
443,41,144.88,444.62,21.26,76.12,1,1,1
443,42,102.10,449.08,19.69,57.74,1,1,1
443,43,30.18,450.13,27.56,67.98,1,1,1
443,50,47.06,445.45,38.50,106.42,1,1,1
444,3,1729.93,396.56,107.32,353.66,1,1,1
444,4,1666.51,409.98,129.27,382.93,1,1,1
444,7,999.47,426.20,93.58,329.41,1,1,1
444,10,807.06,400.59,108.82,261.76,1,1,1
444,11,429.41,425.88,88.24,207.06,1,1,1
444,17,279.87,437.25,65.77,133.22,1,1,1
444,18,289.27,450.24,23.90,61.46,1,1,1
444,19,351.61,429.03,85.81,205.81,1,1,1
444,20,258.05,435.23,30.87,74.50,1,1,1
444,25,342.62,429.87,51.68,155.70,1,1,1
444,26,341.61,433.56,51.68,145.97,1,1,1
444,28,335.10,438.57,21.02,74.83,1,1,1
444,29,285.91,438.34,21.25,52.89,1,1,1
444,31,213.39,447.11,41.34,77.14,1,1,1
444,32,1023.25,368.43,240.58,681.16,1,1,1
444,33,167.11,436.40,76.75,174.56,1,1,1
444,35,170.47,436.21,20.61,78.83,1,1,1
444,37,124.71,437.65,50.59,129.41,1,1,1
444,38,75.29,453.53,43.53,117.06,1,1,1
444,41,151.90,444.15,16.30,59.34,1,1,1
444,42,103.77,447.28,24.48,57.11,1,1,1
444,43,36.19,451.67,23.85,67.57,1,1,1
444,50,46.45,443.23,43.23,113.55,1,1,1
445,3,1745.78,396.56,102.44,358.54,1,1,1
445,4,1678.71,411.20,131.71,385.37,1,1,1
445,7,1001.42,425.53,96.45,332.62,1,1,1
445,10,811.02,404.24,108.47,260.17,1,1,1
445,11,438.30,425.53,80.14,207.80,1,1,1
445,17,286.07,437.33,61.28,132.03,1,1,1
445,18,291.71,451.22,23.90,69.76,1,1,1
445,19,359.89,431.02,79.68,204.28,1,1,1
445,20,261.56,435.93,30.36,77.99,1,1,1
445,25,342.34,429.81,51.53,158.50,1,1,1
445,26,338.72,440.39,53.20,134.26,1,1,1
445,28,343.07,437.18,15.55,60.29,1,1,1
445,29,291.18,435.50,20.59,51.68,1,1,1
445,31,217.02,444.96,38.87,74.79,1,1,1
445,32,1029.76,365.86,236.90,682.14,1,1,1
445,33,170.12,435.46,80.88,175.30,1,1,1
445,35,174.82,435.11,21.99,74.47,1,1,1
445,37,126.95,435.11,50.71,132.62,1,1,1
445,38,75.18,453.19,48.23,116.67,1,1,1
445,41,154.13,442.93,18.67,57.07,1,1,1
445,42,106.93,448.00,22.40,55.73,1,1,1
445,43,38.67,452.00,26.67,66.93,1,1,1
445,50,48.32,442.81,42.20,112.23,1,1,1
446,3,1738.46,397.78,121.95,358.54,1,1,1
446,4,1686.02,416.07,135.37,385.37,1,1,1
446,7,1011.31,426.19,97.02,335.71,1,1,1
446,10,812.90,404.52,109.68,261.94,1,1,1
446,11,436.13,427.74,84.52,201.94,1,1,1
446,17,287.76,439.80,62.93,131.97,1,1,1
446,18,294.12,451.76,31.18,68.82,1,1,1
446,19,361.18,431.18,78.82,205.88,1,1,1
446,20,264.22,435.47,32.42,85.63,1,1,1
446,25,354.08,429.25,53.40,161.22,1,1,1
446,26,342.52,431.63,64.97,157.82,1,1,1
446,28,345.64,436.41,18.46,75.13,1,1,1
446,29,291.54,436.92,21.28,57.44,1,1,1
446,31,226.41,447.95,34.36,71.54,1,1,1
446,32,1036.29,368.43,236.23,672.46,1,1,1
446,33,172.83,436.61,81.50,175.59,1,1,1
446,35,177.98,436.70,24.46,77.68,1,1,1
446,37,133.33,438.22,47.56,130.22,1,1,1
446,38,80.00,452.00,45.33,122.22,1,1,1
446,41,158.82,442.86,20.59,67.02,1,1,1
446,42,110.04,448.75,22.58,55.20,1,1,1
446,43,44.80,449.82,23.66,74.55,1,1,1
446,50,51.01,442.11,46.15,110.93,1,1,1
447,3,1759.20,401.44,117.07,360.98,1,1,1
447,4,1698.22,414.85,137.80,387.80,1,1,1
447,5,373.05,443.97,30.50,102.13,1,1,1
447,7,1020.93,426.36,92.25,337.98,1,1,1
447,10,807.65,405.29,116.47,262.35,1,1,1
447,11,443.53,425.88,78.24,204.71,1,1,1
447,17,291.12,439.59,60.91,128.43,1,1,1
447,18,298.38,449.80,25.51,70.85,1,1,1
447,19,365.81,430.97,79.35,203.87,1,1,1
447,20,268.46,435.23,31.21,86.24,1,1,1
447,25,352.01,430.87,52.35,158.05,1,1,1
447,26,346.64,431.54,55.03,156.71,1,1,1
447,28,347.30,437.22,18.78,58.61,1,1,1
447,29,295.13,436.52,21.74,60.52,1,1,1
447,31,228.95,447.37,34.54,72.37,1,1,1
447,32,1041.27,368.12,237.88,677.27,1,1,1
447,33,173.75,439.38,83.12,174.38,1,1,1
447,35,179.78,435.82,25.27,79.34,1,1,1
447,37,133.49,437.21,51.16,129.77,1,1,1
447,38,83.26,453.02,45.12,120.00,1,1,1
447,41,159.55,441.35,20.30,66.02,1,1,1
447,42,114.87,447.77,24.54,56.13,1,1,1
447,43,48.51,450.37,22.86,64.31,1,1,1
447,50,56.15,441.71,50.27,108.02,1,1,1
448,3,1765.29,402.66,123.17,360.98,1,1,1
448,4,1706.76,412.41,142.68,395.12,1,1,1
448,5,377.30,443.26,34.75,96.45,1,1,1
448,7,1027.38,426.79,94.05,338.69,1,1,1
448,10,807.75,406.98,118.60,261.24,1,1,1
448,11,446.36,425.45,79.09,203.64,1,1,1
448,17,297.13,437.99,64.16,134.41,1,1,1
448,18,302.35,447.32,25.17,72.15,1,1,1
448,19,371.76,431.76,76.47,204.12,1,1,1
448,20,271.87,434.54,31.75,85.24,1,1,1
448,25,357.71,430.82,50.54,158.06,1,1,1
448,26,349.46,441.58,49.10,148.39,1,1,1
448,28,351.69,436.10,14.58,57.29,1,1,1
448,29,299.32,436.27,20.68,53.39,1,1,1
448,31,229.64,444.64,38.57,78.93,1,1,1
448,32,1052.00,364.67,230.67,689.33,1,1,1
448,33,176.37,440.11,84.07,176.37,1,1,1
448,35,186.07,434.54,22.28,78.27,1,1,1
448,37,139.51,438.54,48.78,129.27,1,1,1
448,38,86.34,452.68,46.34,118.54,1,1,1
448,41,167.50,442.26,17.59,62.14,1,1,1
448,42,117.97,444.74,25.62,58.70,1,1,1
448,43,52.58,449.71,24.09,68.26,1,1,1
448,50,59.63,440.06,44.04,113.46,1,1,1
449,3,1788.46,402.66,119.51,363.41,1,1,1
449,4,1717.73,417.29,147.56,392.68,1,1,1
449,5,381.56,440.43,34.75,101.42,1,1,1
449,7,1033.90,428.81,106.78,338.98,1,1,1
449,10,810.59,407.06,119.41,261.76,1,1,1
449,11,449.41,424.12,78.82,205.88,1,1,1
449,17,301.68,438.26,68.79,132.21,1,1,1
449,18,306.48,448.58,24.70,68.83,1,1,1
449,19,378.01,430.50,75.18,205.67,1,1,1
449,20,277.18,433.89,30.54,84.90,1,1,1
449,25,362.75,431.88,46.64,155.03,1,1,1
449,26,352.35,437.25,56.71,150.34,1,1,1
449,28,354.82,435.03,17.01,73.35,1,1,1
449,29,303.81,435.03,16.75,56.60,1,1,1
449,31,234.62,443.71,39.51,79.02,1,1,1
449,32,1057.79,366.24,226.98,692.06,1,1,1
449,33,180.68,436.23,85.51,177.78,1,1,1
449,35,190.41,433.21,21.77,79.70,1,1,1
449,37,144.39,437.43,49.20,129.41,1,1,1
449,38,90.37,451.87,45.99,118.18,1,1,1
449,41,168.59,437.88,21.02,63.51,1,1,1
449,42,124.39,446.61,26.02,55.28,1,1,1
449,43,58.81,448.24,21.68,59.08,1,1,1
449,50,66.36,438.23,43.43,107.95,1,1,1
450,3,1813.52,402.28,105.48,362.72,1,1,1
450,4,1729.04,419.16,153.62,392.75,1,1,1
450,5,388.39,441.29,32.26,106.45,1,1,1
450,7,1045.10,426.80,106.54,342.48,1,1,1
450,8,1188.24,420.26,51.63,163.40,1,1,1
450,10,814.84,408.39,118.71,258.71,1,1,1
450,11,458.71,424.52,75.48,203.87,1,1,1
450,17,308.87,437.61,61.16,133.64,1,1,1
450,18,311.23,446.52,26.20,69.52,1,1,1
450,19,383.53,430.59,76.47,204.12,1,1,1
450,20,284.10,433.03,30.89,82.26,1,1,1
450,25,365.14,432.11,44.04,153.52,1,1,1
450,26,354.43,440.06,50.46,146.18,1,1,1
450,28,358.41,434.86,18.04,78.29,1,1,1
450,29,309.17,437.61,14.98,46.79,1,1,1
450,31,243.12,443.43,34.86,81.04,1,1,1
450,32,1066.06,370.50,223.44,690.62,1,1,1
450,33,188.26,439.44,83.57,176.06,1,1,1
450,35,196.84,433.98,25.00,79.85,1,1,1
450,37,151.98,435.03,47.46,132.77,1,1,1
450,38,98.31,450.85,46.33,122.03,1,1,1
450,41,175.24,440.05,20.15,70.15,1,1,1
450,42,127.91,445.87,25.97,56.07,1,1,1
450,43,63.59,447.33,25.73,74.51,1,1,1
450,50,72.47,437.65,44.13,110.12,1,1,1
451,3,1827.31,400.55,91.69,369.45,1,1,1
451,4,1743.51,418.62,158.73,393.65,1,1,1
451,5,392.59,437.96,31.48,118.52,1,1,1
451,7,1055.04,426.36,100.78,343.41,1,1,1
451,8,1200.00,417.83,51.16,187.60,1,1,1
451,10,824.11,407.80,114.89,258.16,1,1,1
451,11,459.57,425.53,78.72,200.00,1,1,1
451,17,316.44,434.90,57.38,138.59,1,1,1
451,18,320.00,447.56,32.00,70.22,1,1,1
451,19,386.52,428.37,80.14,204.26,1,1,1
451,20,288.78,432.68,32.68,84.39,1,1,1
451,25,369.46,431.54,43.96,155.03,1,1,1
451,26,358.39,437.25,56.38,148.66,1,1,1
451,29,314.09,435.57,19.13,56.38,1,1,1
451,30,214.43,434.56,29.53,86.58,1,1,1
451,31,248.66,438.26,34.23,84.56,1,1,1
451,32,1057.06,369.78,229.17,700.00,1,1,1
451,33,194.78,436.19,81.72,179.48,1,1,1
451,35,205.49,433.41,22.64,77.36,1,1,1
451,37,155.61,434.18,53.06,132.14,1,1,1
451,38,102.04,449.49,50.00,119.90,1,1,1
451,41,183.74,440.00,19.56,64.40,1,1,1
451,42,137.36,444.40,23.96,57.58,1,1,1
451,43,70.77,447.47,23.08,67.91,1,1,1
451,50,80.20,436.91,44.30,115.44,1,1,1
452,3,1846.77,400.31,72.23,363.69,1,1,1
452,4,1754.46,419.54,164.54,393.46,1,1,1
452,5,398.97,436.08,36.08,117.53,1,1,1
452,7,1066.67,426.36,108.53,343.41,1,1,1
452,8,1204.65,417.05,55.04,162.79,1,1,1
452,10,835.20,405.10,108.16,258.67,1,1,1
452,11,465.82,424.49,76.02,201.53,1,1,1
452,17,323.85,433.64,57.19,133.03,1,1,1
452,18,326.72,442.91,27.53,73.68,1,1,1
452,19,398.71,425.81,75.48,206.45,1,1,1
452,20,296.94,430.58,29.66,86.54,1,1,1
452,25,378.29,429.97,46.48,156.88,1,1,1
452,26,364.22,435.78,46.48,149.54,1,1,1
452,28,369.80,433.76,14.97,85.79,1,1,1
452,29,319.80,435.79,21.32,55.08,1,1,1
452,30,218.36,432.85,33.33,83.57,1,1,1
452,31,256.60,439.59,33.25,78.43,1,1,1
452,32,1052.87,370.01,252.87,701.15,1,1,1
452,33,203.38,437.68,85.02,178.26,1,1,1
452,37,162.76,433.47,53.14,130.96,1,1,1
452,38,110.88,449.37,46.86,119.67,1,1,1
452,41,188.76,435.73,21.33,69.16,1,1,1
452,42,144.38,443.23,25.07,58.79,1,1,1
452,43,78.67,446.69,24.78,71.47,1,1,1
452,50,87.11,438.22,41.33,113.33,1,1,1
453,3,1865.24,393.66,53.76,370.34,1,1,1
453,4,1771.07,413.36,147.93,398.64,1,1,1
453,5,402.94,437.06,31.76,104.71,1,1,1
453,7,1077.30,422.70,108.51,349.65,1,1,1
453,8,1226.24,416.31,43.97,155.32,1,1,1
453,10,842.25,404.28,107.49,261.50,1,1,1
453,11,470.05,425.13,78.61,201.07,1,1,1
453,17,331.21,432.89,60.07,129.87,1,1,1
453,18,333.60,442.91,34.01,73.68,1,1,1
453,19,405.81,426.45,71.61,201.94,1,1,1
453,20,304.03,429.53,31.88,85.91,1,1,1
453,25,385.57,428.52,38.59,159.73,1,1,1
453,26,370.13,433.89,57.05,150.34,1,1,1
453,28,376.86,432.70,15.87,65.97,1,1,1
453,29,328.87,435.37,19.31,52.39,1,1,1
453,30,226.81,431.16,30.43,84.78,1,1,1
453,31,264.82,435.95,34.42,79.92,1,1,1
453,32,1063.33,372.00,258.33,700.00,1,1,1
453,33,213.00,434.08,81.17,180.72,1,1,1
453,37,174.30,432.96,49.16,130.73,1,1,1
453,38,120.11,447.49,46.37,118.99,1,1,1
453,41,198.60,437.08,19.38,63.20,1,1,1
453,42,154.42,442.12,24.04,57.50,1,1,1
453,43,88.27,446.35,23.65,67.88,1,1,1
453,50,94.74,436.84,41.30,113.36,1,1,1
454,3,1887.66,391.93,31.34,375.07,1,1,1
454,4,1789.54,413.86,129.46,391.14,1,1,1
454,5,412.35,435.88,27.06,98.24,1,1,1
454,7,1089.15,420.93,101.55,351.16,1,1,1
454,8,1236.43,414.73,45.74,178.29,1,1,1
454,10,845.29,402.94,110.00,261.18,1,1,1
454,11,478.82,424.71,77.06,199.41,1,1,1
454,17,340.17,431.62,51.71,129.06,1,1,1
454,18,342.11,442.51,28.34,70.85,1,1,1
454,19,411.76,423.53,77.06,204.71,1,1,1
454,20,311.41,428.19,31.54,88.93,1,1,1
454,25,390.17,426.07,38.03,164.10,1,1,1
454,26,376.07,432.05,48.29,150.85,1,1,1
454,28,381.82,433.14,12.61,61.00,1,1,1
454,29,334.60,434.60,18.48,53.96,1,1,1
454,30,235.19,432.26,32.84,88.56,1,1,1
454,31,272.14,437.24,34.31,83.28,1,1,1
454,32,1076.50,372.56,266.67,704.17,1,1,1
454,33,222.03,433.05,84.32,182.20,1,1,1
454,37,178.60,432.56,53.02,129.77,1,1,1
454,38,126.98,446.05,48.37,121.86,1,1,1
454,41,204.65,435.81,19.07,63.72,1,1,1
454,42,162.08,439.86,23.67,58.94,1,1,1
454,43,95.89,445.65,27.05,70.53,1,1,1
454,50,106.88,436.84,40.08,114.17,1,1,1
455,4,1808.59,410.68,110.41,396.32,1,1,1
455,5,415.60,434.75,31.91,102.13,1,1,1
455,7,1099.22,421.71,108.53,351.16,1,1,1
455,8,1239.53,415.50,82.17,179.84,1,1,1
455,10,851.34,401.60,108.56,260.43,1,1,1
455,11,485.56,424.06,78.07,199.47,1,1,1
455,17,349.38,430.86,60.08,132.92,1,1,1
455,18,348.00,441.33,31.11,72.89,1,1,1
455,19,417.65,422.35,75.88,204.71,1,1,1
455,20,319.13,427.32,31.69,86.89,1,1,1
455,25,396.71,424.69,39.92,164.20,1,1,1
455,26,381.48,428.81,54.73,154.32,1,1,1
455,28,389.32,432.43,12.82,52.43,1,1,1
455,29,343.11,435.34,17.28,52.62,1,1,1
455,30,239.40,431.13,30.46,83.11,1,1,1
455,31,282.12,437.09,30.79,80.79,1,1,1
455,32,1089.00,365.61,275.00,708.33,1,1,1
455,33,230.51,433.47,82.20,179.24,1,1,1
455,37,187.91,431.63,50.23,132.09,1,1,1
455,38,135.35,446.51,48.37,120.00,1,1,1
455,41,211.57,433.88,21.65,61.82,1,1,1
455,42,171.74,439.67,20.83,58.68,1,1,1
455,43,103.97,445.62,25.62,66.94,1,1,1
455,50,114.68,435.78,40.67,113.76,1,1,1
456,4,1828.41,404.94,90.59,404.06,1,1,1
456,5,419.16,434.73,34.73,94.01,1,1,1
456,7,1114.18,424.82,78.01,347.52,1,1,1
456,8,1261.70,411.35,77.30,178.72,1,1,1
456,10,856.59,400.49,109.27,260.49,1,1,1
456,11,494.15,421.95,75.12,200.98,1,1,1
456,17,354.55,429.92,48.11,130.30,1,1,1
456,18,354.98,442.07,29.15,73.06,1,1,1
456,19,425.53,421.28,74.47,206.38,1,1,1
456,20,327.83,426.91,30.89,87.16,1,1,1
456,25,401.52,423.48,45.83,165.91,1,1,1
456,26,387.88,428.41,54.55,153.79,1,1,1
456,28,395.58,431.95,10.65,62.08,1,1,1
456,29,349.61,433.77,16.36,56.88,1,1,1
456,30,246.48,429.97,34.25,84.40,1,1,1
456,31,289.33,441.33,30.22,75.11,1,1,1
456,32,1105.67,364.22,275.00,705.56,1,1,1
456,33,241.78,433.80,78.87,178.87,1,1,1
456,37,193.37,430.61,53.06,131.63,1,1,1
456,38,141.33,446.43,48.98,121.43,1,1,1
456,41,223.09,435.09,19.27,61.27,1,1,1
456,42,177.98,440.22,24.49,56.63,1,1,1
456,43,113.03,445.17,24.72,71.91,1,1,1
456,50,123.48,434.82,40.49,115.38,1,1,1
457,4,1843.28,406.75,75.72,408.25,1,1,1
457,5,432.14,437.24,28.06,93.88,1,1,1
457,7,1125.58,426.36,95.35,356.59,1,1,1
457,8,1272.09,413.18,76.74,175.19,1,1,1
457,10,861.95,398.54,109.27,261.46,1,1,1
457,11,493.66,421.95,82.44,200.00,1,1,1
457,17,362.07,430.27,54.79,132.18,1,1,1
457,18,362.57,441.18,28.34,71.66,1,1,1
457,19,432.26,420.00,76.13,206.45,1,1,1
457,20,333.72,426.82,32.57,85.44,1,1,1
457,25,409.20,422.22,49.43,161.69,1,1,1
457,26,394.64,427.59,41.76,155.94,1,1,1
457,28,400.72,431.34,11.48,52.63,1,1,1
457,29,358.85,433.49,16.03,52.63,1,1,1
457,30,255.85,430.59,35.64,87.50,1,1,1
457,31,296.41,441.63,31.10,75.60,1,1,1
457,32,1119.68,366.08,271.62,702.70,1,1,1
457,33,251.02,429.80,77.14,184.08,1,1,1
457,37,202.99,428.74,53.29,134.73,1,1,1
457,38,149.10,445.51,49.10,121.56,1,1,1
457,41,227.76,435.48,19.28,61.70,1,1,1
457,42,185.24,438.77,24.67,57.05,1,1,1
457,43,120.93,444.71,23.13,68.94,1,1,1
457,50,133.94,436.09,37.31,114.68,1,1,1
458,4,1861.92,420.15,57.08,386.85,1,1,1
458,5,435.19,435.19,26.54,87.65,1,1,1
458,7,1136.17,424.82,73.76,345.39,1,1,1
458,8,1292.20,411.35,65.25,178.01,1,1,1
458,10,865.29,397.06,111.76,258.24,1,1,1
458,11,500.00,422.35,81.18,201.18,1,1,1
458,17,368.94,429.55,54.92,132.20,1,1,1
458,18,368.45,441.71,29.95,72.73,1,1,1
458,19,442.58,420.65,73.55,204.52,1,1,1
458,20,340.06,427.22,31.19,85.63,1,1,1
458,25,410.23,421.21,53.79,167.80,1,1,1
458,26,398.11,428.41,52.65,155.30,1,1,1
458,28,404.68,431.69,14.81,71.69,1,1,1
458,29,364.16,432.47,17.40,55.84,1,1,1
458,30,264.87,428.32,30.47,86.38,1,1,1
458,31,301.79,440.50,32.26,77.78,1,1,1
458,32,1137.22,358.79,265.67,713.43,1,1,1
458,33,260.93,430.47,71.68,182.44,1,1,1
458,37,206.52,428.26,52.90,134.78,1,1,1
458,38,157.25,444.93,50.00,121.01,1,1,1
458,41,235.04,436.48,20.49,68.03,1,1,1
458,42,191.39,438.11,25.41,58.40,1,1,1
458,43,127.66,444.67,26.84,68.85,1,1,1
458,50,138.46,436.84,40.89,115.38,1,1,1
459,4,1880.67,410.33,38.33,422.67,1,1,1
459,5,439.81,433.98,30.10,100.97,1,1,1
459,7,1150.39,425.58,82.17,351.16,1,1,1
459,8,1303.10,409.30,65.89,181.40,1,1,1
459,10,873.30,396.59,110.23,262.50,1,1,1
459,11,508.52,421.02,77.27,198.86,1,1,1
459,17,375.63,430.46,51.27,126.40,1,1,1
459,18,375.40,440.64,33.16,75.40,1,1,1
459,19,446.45,420.65,77.42,204.52,1,1,1
459,20,347.32,427.52,31.54,86.91,1,1,1
459,25,416.78,420.47,44.30,167.45,1,1,1
459,26,402.68,428.19,49.66,155.03,1,1,1
459,29,370.16,432.07,18.06,54.58,1,1,1
459,30,273.11,428.22,36.22,89.11,1,1,1
459,31,313.87,439.40,27.49,75.92,1,1,1
459,32,1150.25,360.25,255.00,715.00,1,1,1
459,33,269.20,429.11,68.35,182.70,1,1,1
459,37,217.03,429.12,51.65,134.62,1,1,1
459,38,164.29,446.70,50.00,120.33,1,1,1
459,41,238.03,436.85,27.70,79.11,1,1,1
459,42,199.53,438.26,23.00,58.69,1,1,1
459,43,134.74,444.37,23.00,58.69,1,1,1
459,50,144.30,434.23,39.93,117.11,1,1,1
460,4,1900.38,441.69,18.62,308.31,1,1,1
460,5,443.21,435.19,28.40,93.83,1,1,1
460,7,1161.24,425.58,89.92,344.96,1,1,1
460,8,1319.38,409.30,63.57,180.62,1,1,1
460,10,878.06,396.13,112.26,263.87,1,1,1
460,11,514.84,421.29,76.77,197.42,1,1,1
460,17,384.13,429.89,48.71,124.35,1,1,1
460,18,380.44,440.44,31.11,70.67,1,1,1
460,19,452.26,418.71,77.42,207.74,1,1,1
460,20,352.40,427.31,32.84,86.35,1,1,1
460,25,423.99,420.30,50.92,169.00,1,1,1
460,26,408.12,429.52,53.87,154.24,1,1,1
460,29,374.65,431.48,20.33,60.17,1,1,1
460,30,274.71,427.59,31.80,83.91,1,1,1
460,31,316.86,437.16,29.50,77.01,1,1,1
460,32,1151.50,357.75,263.50,721.25,1,1,1
460,33,278.00,429.50,67.50,184.00,1,1,1
460,37,223.26,429.30,50.70,133.49,1,1,1
460,38,173.95,444.65,46.51,123.72,1,1,1
460,41,248.55,435.27,22.71,69.08,1,1,1
460,42,206.76,437.92,23.67,58.21,1,1,1
460,43,141.55,444.44,22.22,58.70,1,1,1
460,50,148.93,434.25,39.14,117.13,1,1,1
461,5,449.73,435.52,30.60,104.92,1,1,1
461,7,1172.03,427.97,88.14,316.95,1,1,1
461,8,1330.00,408.82,70.59,180.59,1,1,1
461,10,884.49,395.19,109.09,266.84,1,1,1
461,11,520.32,421.39,80.21,199.47,1,1,1
461,17,388.38,431.19,56.27,123.24,1,1,1
461,18,387.65,442.94,24.71,71.76,1,1,1
461,19,461.18,419.41,77.06,207.06,1,1,1
461,20,356.28,427.53,34.82,85.83,1,1,1
461,25,427.53,421.86,48.18,168.42,1,1,1
461,26,413.77,429.96,53.44,159.92,1,1,1
461,29,382.87,430.89,17.74,63.30,1,1,1
461,30,281.35,428.75,37.00,86.54,1,1,1
461,31,326.91,439.45,26.91,74.62,1,1,1
461,32,1157.06,358.67,247.22,706.94,1,1,1
461,33,283.49,430.28,71.25,185.32,1,1,1
461,37,228.86,432.89,54.36,131.54,1,1,1
461,38,178.52,446.98,49.66,122.15,1,1,1
461,41,255.97,434.22,20.69,63.40,1,1,1
461,42,214.85,439.52,21.49,56.23,1,1,1
461,43,149.87,444.30,21.75,67.11,1,1,1
461,50,157.49,434.25,40.37,116.21,1,1,1
462,5,453.19,436.17,33.33,94.33,1,1,1
462,7,1192.20,429.79,72.34,293.62,1,1,1
462,8,1343.26,408.51,76.60,184.40,1,1,1
462,10,891.76,395.88,110.59,268.24,1,1,1
462,11,529.41,422.94,70.00,198.82,1,1,1
462,17,397.55,429.05,61.16,136.09,1,1,1
462,18,392.20,440.43,25.53,68.79,1,1,1
462,19,467.06,422.35,77.65,205.29,1,1,1
462,20,363.11,426.67,32.00,83.56,1,1,1
462,25,428.44,424.00,64.44,168.89,1,1,1
462,26,420.89,430.67,54.67,149.33,1,1,1
462,29,387.77,428.13,22.02,62.08,1,1,1
462,30,292.97,426.91,30.58,86.85,1,1,1
462,31,327.22,441.28,33.03,72.48,1,1,1
462,32,1164.00,355.89,237.50,713.89,1,1,1
462,33,293.67,431.22,68.78,186.50,1,1,1
462,37,233.82,427.21,57.35,136.03,1,1,1
462,38,186.76,447.06,48.53,125.00,1,1,1
462,41,263.38,430.99,25.35,64.79,1,1,1
462,42,222.54,435.21,19.72,57.39,1,1,1
462,43,156.34,441.90,26.76,71.48,1,1,1
462,50,162.35,432.79,42.51,118.22,1,1,1
463,5,464.39,436.10,30.73,90.73,1,1,1
463,7,1202.83,425.47,83.96,324.53,1,1,1
463,8,1355.66,410.38,78.30,181.13,1,1,1
463,10,898.05,395.12,111.71,268.29,1,1,1
463,11,536.10,420.49,77.07,204.39,1,1,1
463,17,404.57,429.44,54.82,138.07,1,1,1
463,18,401.18,440.59,23.53,69.41,1,1,1
463,19,474.47,422.70,78.01,204.26,1,1,1
463,20,371.59,426.94,33.21,86.35,1,1,1
463,25,430.63,423.25,56.09,169.37,1,1,1
463,26,427.31,432.47,52.40,151.29,1,1,1
463,29,394.67,429.19,21.57,62.94,1,1,1
463,30,299.75,427.92,32.74,81.98,1,1,1
463,31,337.56,437.06,27.66,73.86,1,1,1
463,32,1165.73,355.13,233.33,719.05,1,1,1
463,33,297.78,425.56,72.22,194.44,1,1,1
463,37,247.65,430.59,48.82,133.53,1,1,1
463,38,194.12,445.29,48.82,122.94,1,1,1
463,41,272.00,433.33,21.33,55.56,1,1,1
463,42,228.43,438.07,20.30,57.61,1,1,1
463,43,164.47,442.39,26.65,66.50,1,1,1
463,50,173.33,430.67,43.11,121.33,1,1,1
464,5,469.76,434.15,31.71,87.80,1,1,1
464,8,1372.61,401.44,68.29,189.02,1,1,1
464,10,902.94,396.47,111.76,264.71,1,1,1
464,11,539.41,420.59,84.71,201.76,1,1,1
464,17,412.13,428.68,56.99,133.82,1,1,1
464,18,407.34,439.45,27.52,72.17,1,1,1
464,19,477.42,423.23,82.58,205.16,1,1,1
464,20,376.85,426.51,30.87,84.56,1,1,1
464,25,432.98,422.87,66.49,169.68,1,1,1
464,26,432.98,434.57,56.38,148.40,1,1,1
464,29,401.67,429.17,19.72,61.39,1,1,1
464,30,306.94,427.22,29.72,84.17,1,1,1
464,31,345.83,437.78,28.33,75.28,1,1,1
464,32,1170.00,353.67,236.00,725.33,1,1,1
464,33,309.78,431.56,66.22,187.11,1,1,1
464,37,248.60,429.61,54.19,136.31,1,1,1
464,38,202.79,445.25,46.93,122.35,1,1,1
464,41,283.45,436.73,21.27,54.00,1,1,1
464,42,236.39,434.17,21.94,60.00,1,1,1
464,43,171.67,442.22,26.94,60.83,1,1,1
464,50,180.16,431.58,42.51,116.60,1,1,1
465,5,474.12,430.59,37.06,97.06,1,1,1
465,8,1387.60,401.55,65.89,189.92,1,1,1
465,10,910.32,394.84,109.03,267.10,1,1,1
465,11,544.92,419.79,84.49,201.07,1,1,1
465,17,417.15,426.33,62.80,130.92,1,1,1
465,18,410.40,437.92,31.88,72.15,1,1,1
465,19,488.24,421.76,78.82,207.06,1,1,1
465,20,384.87,424.35,31.73,86.72,1,1,1
465,25,439.80,423.98,59.18,168.37,1,1,1
465,26,437.24,433.67,56.12,150.00,1,1,1
465,29,407.25,428.02,19.32,62.08,1,1,1
465,30,312.76,427.98,27.16,76.13,1,1,1
465,31,357.20,437.86,25.10,73.66,1,1,1
465,32,1174.89,351.88,246.11,727.12,1,1,1
465,33,318.11,431.69,72.43,188.07,1,1,1
465,37,259.28,426.29,48.97,138.14,1,1,1
465,38,210.31,443.30,45.88,123.71,1,1,1
465,41,286.14,433.94,23.90,58.03,1,1,1
465,42,242.17,433.94,22.89,58.23,1,1,1
465,43,179.92,441.77,23.69,59.64,1,1,1
465,50,186.55,430.46,45.69,118.53,1,1,1
466,5,482.93,430.24,34.15,97.07,1,1,1
466,8,1402.58,400.65,71.61,187.10,1,1,1
466,10,915.50,394.57,110.08,265.12,1,1,1
466,11,555.29,417.65,82.35,202.94,1,1,1
466,17,423.46,426.39,58.94,134.31,1,1,1
466,18,417.65,435.88,32.94,74.71,1,1,1
466,19,495.48,418.71,78.71,205.16,1,1,1
466,20,391.74,423.24,32.72,87.46,1,1,1
466,25,446.48,423.00,69.01,169.48,1,1,1
466,26,442.72,432.86,53.52,154.46,1,1,1
466,29,412.62,427.67,21.36,59.95,1,1,1
466,30,319.83,424.38,28.93,79.75,1,1,1
466,31,357.44,438.02,29.34,67.36,1,1,1
466,32,1181.61,350.47,252.39,728.53,1,1,1
466,33,326.63,429.65,73.37,187.94,1,1,1
466,37,264.12,424.81,51.15,138.17,1,1,1
466,38,218.32,441.98,46.56,124.05,1,1,1
466,41,291.93,429.97,28.53,65.13,1,1,1
466,42,250.14,432.85,22.77,58.21,1,1,1
466,43,187.90,440.63,21.33,59.65,1,1,1
466,50,191.88,429.15,48.71,118.82,1,1,1
467,5,490.24,426.83,29.76,95.12,1,1,1
467,8,1415.15,397.98,74.75,187.88,1,1,1
467,10,921.95,393.66,110.24,265.85,1,1,1
467,11,559.51,417.07,83.90,202.93,1,1,1
467,17,428.84,424.76,59.56,135.74,1,1,1
467,18,424.12,433.53,25.88,74.12,1,1,1
467,19,499.35,417.42,80.65,206.45,1,1,1
467,20,395.11,421.41,34.25,86.85,1,1,1
467,25,454.92,421.59,63.64,170.45,1,1,1
467,26,444.70,429.92,57.20,158.71,1,1,1
467,29,418.49,426.02,19.78,56.56,1,1,1
467,30,324.55,424.09,30.45,80.45,1,1,1
467,31,361.82,431.36,30.00,72.27,1,1,1
467,32,1185.21,348.42,262.79,730.58,1,1,1
467,33,334.55,428.64,72.73,190.91,1,1,1
467,37,271.94,423.47,51.53,138.27,1,1,1
467,38,223.47,439.80,48.47,122.45,1,1,1
467,41,294.26,424.86,31.15,82.24,1,1,1
467,42,257.24,432.58,19.68,57.24,1,1,1
467,43,193.44,439.37,20.81,60.41,1,1,1
467,50,196.68,427.31,47.60,119.19,1,1,1
468,5,495.12,426.83,27.80,95.61,1,1,1
468,8,1422.58,396.77,86.45,185.16,1,1,1
468,10,925.29,390.59,111.76,267.65,1,1,1
468,11,568.24,415.29,80.00,200.00,1,1,1
468,17,436.52,424.47,53.90,132.27,1,1,1
468,18,428.82,431.76,27.06,74.71,1,1,1
468,19,504.39,416.59,80.49,205.85,1,1,1
468,20,400.94,419.72,34.74,87.32,1,1,1
468,25,458.69,420.19,64.79,171.83,1,1,1
468,26,448.36,430.05,54.93,158.69,1,1,1
468,29,422.93,425.33,17.60,54.13,1,1,1
468,30,331.73,421.60,28.80,83.20,1,1,1
468,31,362.40,432.53,34.67,72.53,1,1,1
468,32,1189.08,350.92,267.92,728.08,1,1,1
468,33,341.03,425.64,72.31,192.31,1,1,1
468,37,275.38,421.54,51.79,140.51,1,1,1
468,38,229.74,438.46,50.26,126.15,1,1,1
468,41,300.29,423.68,30.12,66.08,1,1,1
468,42,260.07,429.47,22.51,67.54,1,1,1
468,43,198.25,438.30,22.51,68.71,1,1,1
468,50,203.02,427.18,46.64,118.46,1,1,1
469,5,492.68,426.34,31.71,92.68,1,1,1
469,8,1436.44,393.22,89.83,185.59,1,1,1
469,10,928.29,388.78,110.73,266.34,1,1,1
469,11,567.80,414.63,85.37,202.44,1,1,1
469,17,437.61,420.80,57.19,140.98,1,1,1
469,18,433.53,430.59,27.65,74.12,1,1,1
469,19,508.02,413.90,82.35,205.88,1,1,1
469,20,405.35,419.25,30.48,86.63,1,1,1
469,25,458.22,416.89,67.56,174.67,1,1,1
469,26,448.44,428.44,53.78,155.11,1,1,1
469,29,425.64,424.71,19.40,54.50,1,1,1
469,30,333.72,420.09,30.72,90.53,1,1,1
469,31,365.59,425.17,34.87,86.14,1,1,1
469,32,1192.65,347.16,275.35,731.84,1,1,1
469,33,344.49,422.86,73.88,191.02,1,1,1
469,37,279.04,420.96,50.30,138.92,1,1,1
469,38,229.34,437.72,53.29,125.75,1,1,1
469,41,308.70,428.88,24.53,57.45,1,1,1
469,42,263.04,432.30,21.43,55.90,1,1,1
469,43,200.00,436.96,21.12,66.46,1,1,1
469,50,204.44,426.22,46.67,119.56,1,1,1
470,5,495.11,423.56,30.22,93.78,1,1,1
470,8,1440.90,392.90,97.56,184.15,1,1,1
470,10,930.97,389.03,108.39,263.23,1,1,1
470,11,570.73,413.66,82.44,201.46,1,1,1
470,17,439.85,418.82,61.25,138.38,1,1,1
470,18,432.35,431.18,28.24,70.00,1,1,1
470,19,510.00,412.94,80.59,204.12,1,1,1
470,20,407.75,417.34,27.68,88.56,1,1,1
470,25,459.78,415.13,70.48,174.91,1,1,1
470,26,444.65,419.19,69.74,159.78,1,1,1
470,29,423.55,422.94,19.57,55.66,1,1,1
470,30,336.39,421.10,30.28,95.11,1,1,1
470,31,365.44,424.46,29.66,88.07,1,1,1
470,32,1201.50,350.33,266.50,728.67,1,1,1
470,33,347.26,418.99,72.57,193.25,1,1,1
470,37,275.51,420.41,57.14,138.27,1,1,1
470,38,230.10,436.22,53.57,126.02,1,1,1
470,41,308.97,428.53,20.83,59.94,1,1,1
470,42,264.10,430.77,16.99,54.17,1,1,1
470,43,199.04,435.26,26.60,69.55,1,1,1
470,50,204.97,426.02,48.25,116.67,1,1,1
471,5,493.02,424.03,33.33,96.12,1,1,1
471,8,1452.71,393.02,93.02,185.27,1,1,1
471,10,929.03,385.81,108.39,268.39,1,1,1
471,11,571.22,411.71,80.00,200.00,1,1,1
471,17,437.64,418.08,52.77,133.95,1,1,1
471,18,430.23,429.46,30.23,73.64,1,1,1
471,19,507.06,408.24,82.35,210.59,1,1,1
471,20,406.22,415.56,27.11,88.00,1,1,1
471,25,455.56,411.56,64.00,176.89,1,1,1
471,26,442.22,422.22,62.22,156.44,1,1,1
471,29,420.89,422.84,20.61,60.17,1,1,1
471,30,332.31,417.55,34.54,92.48,1,1,1
471,31,357.94,428.13,31.75,88.02,1,1,1
471,32,1198.88,350.56,284.12,728.44,1,1,1
471,33,345.77,416.92,73.13,195.02,1,1,1
471,37,277.11,417.91,50.75,139.80,1,1,1
471,38,229.35,434.33,50.25,130.35,1,1,1
471,41,308.48,428.02,19.79,61.18,1,1,1
471,42,262.98,431.36,16.71,54.50,1,1,1
471,43,196.66,434.45,29.05,70.44,1,1,1
471,50,205.37,426.17,43.29,110.07,1,1,1
472,5,490.07,421.99,32.39,98.34,1,1,1
472,8,1447.74,390.97,100.00,185.81,1,1,1
472,10,924.03,384.50,112.40,267.44,1,1,1
472,11,570.05,408.02,81.82,203.74,1,1,1
472,17,432.89,416.78,60.40,144.97,1,1,1
472,18,426.45,429.03,29.03,72.26,1,1,1
472,19,508.24,405.88,79.41,210.59,1,1,1
472,20,401.18,413.53,28.82,84.12,1,1,1
472,25,452.00,411.56,68.00,177.33,1,1,1
472,26,438.22,417.33,60.00,153.78,1,1,1
472,29,416.43,420.61,20.61,60.45,1,1,1
472,30,330.92,417.27,28.13,88.58,1,1,1
472,31,357.94,426.18,24.23,77.44,1,1,1
472,32,1197.15,346.64,278.85,732.36,1,1,1
472,33,341.76,417.06,75.88,195.88,1,1,1
472,38,224.10,433.73,52.41,127.71,1,1,1
472,41,302.49,425.23,21.18,59.19,1,1,1
472,42,256.07,429.28,18.69,56.07,1,1,1
472,43,192.52,433.96,24.92,68.22,1,1,1
472,50,200.44,424.44,47.11,116.44,1,1,1
473,5,477.66,421.28,37.90,97.39,1,1,1
473,8,1442.64,386.82,104.65,192.25,1,1,1
473,10,923.40,383.69,107.09,269.50,1,1,1
473,11,561.33,407.11,87.56,204.00,1,1,1
473,17,428.44,418.96,56.88,132.42,1,1,1
473,18,420.59,427.65,31.18,75.88,1,1,1
473,19,502.14,405.88,79.68,209.09,1,1,1
473,20,396.79,413.90,26.74,88.77,1,1,1
473,25,447.11,408.89,62.67,179.11,1,1,1
473,26,432.00,414.67,64.89,161.78,1,1,1
473,29,408.64,418.94,23.12,54.04,1,1,1
473,30,324.52,415.33,31.42,88.51,1,1,1
473,31,350.19,423.37,22.61,65.13,1,1,1
473,32,1206.69,348.62,281.31,730.38,1,1,1
473,33,339.18,414.95,76.29,198.45,1,1,1
473,37,268.56,419.07,54.64,138.66,1,1,1
473,38,217.53,432.99,55.67,127.32,1,1,1
473,41,302.67,422.93,18.67,49.07,1,1,1
473,42,254.40,427.73,17.33,57.07,1,1,1
473,43,184.53,429.60,37.87,74.40,1,1,1
473,50,197.98,422.27,42.11,120.24,1,1,1
474,5,473.76,421.99,41.75,112.77,1,1,1
474,8,1462.02,388.37,86.05,187.60,1,1,1
474,10,917.42,381.29,107.10,272.26,1,1,1
474,11,556.15,405.88,81.82,203.74,1,1,1
474,19,494.71,405.29,81.18,202.94,1,1,1
474,20,394.71,412.35,28.24,88.82,1,1,1
474,25,428.82,408.24,75.88,177.65,1,1,1
474,29,401.21,419.43,22.67,52.23,1,1,1
474,30,316.60,415.38,34.01,88.26,1,1,1
474,31,342.51,423.08,29.55,69.64,1,1,1
474,32,1209.45,339.33,283.55,739.67,1,1,1
474,33,336.03,412.96,78.54,201.21,1,1,1
474,37,258.28,417.18,58.90,141.72,1,1,1
474,38,206.13,431.90,58.90,128.22,1,1,1
474,41,291.10,422.46,22.03,55.08,1,1,1
474,42,248.31,423.73,25.85,69.49,1,1,1
474,43,185.17,425.00,28.81,83.47,1,1,1
474,50,196.89,423.56,35.11,109.33,1,1,1
475,5,467.56,423.56,44.00,128.00,1,1,1
475,8,1446.61,386.44,97.46,188.14,1,1,1
475,10,910.00,378.82,109.41,273.53,1,1,1
475,11,551.71,403.90,85.37,203.90,1,1,1
475,19,487.29,401.69,85.59,206.78,1,1,1
475,20,382.94,412.35,29.41,84.71,1,1,1
475,25,412.94,407.06,82.35,179.41,1,1,1
475,29,391.09,415.79,22.67,60.73,1,1,1
475,30,307.29,412.55,35.22,94.74,1,1,1
475,32,1211.83,338.34,274.17,740.66,1,1,1
475,33,326.55,410.73,75.14,203.39,1,1,1
475,37,246.89,412.99,60.45,143.50,1,1,1
475,38,196.05,434.46,53.67,124.29,1,1,1
475,41,278.63,424.36,22.65,55.13,1,1,1
475,42,236.32,424.79,22.22,58.55,1,1,1
475,43,165.81,426.50,29.49,71.79,1,1,1
475,50,181.38,421.05,40.08,115.38,1,1,1
476,5,459.56,420.89,30.67,96.44,1,1,1
476,8,1457.63,384.75,85.59,192.37,1,1,1
476,10,897.67,378.29,111.63,272.09,1,1,1
476,11,543.85,402.14,86.10,204.81,1,1,1
476,18,394.12,427.81,31.55,72.19,1,1,1
476,19,479.35,402.58,79.35,212.26,1,1,1
476,20,368.44,410.22,34.22,89.33,1,1,1
476,24,1054.74,400.92,55.96,90.52,1,1,1
476,25,409.33,406.22,75.56,183.11,1,1,1
476,26,401.33,411.56,50.22,170.22,1,1,1
476,29,384.10,416.21,18.35,53.21,1,1,1
476,30,294.19,411.93,33.03,89.30,1,1,1
476,31,326.30,416.82,33.94,81.04,1,1,1
476,32,1212.61,339.22,255.39,739.78,1,1,1
476,33,305.91,413.08,89.45,203.80,1,1,1
476,37,240.31,412.24,51.02,144.39,1,1,1
476,38,187.24,432.14,51.53,129.59,1,1,1
476,41,269.92,422.46,18.22,55.51,1,1,1
476,42,222.02,423.34,19.36,57.82,1,1,1
476,43,155.44,429.71,25.73,70.82,1,1,1
476,50,163.56,419.56,44.44,122.22,1,1,1
477,5,448.00,421.78,32.00,96.89,1,1,1
477,8,1443.52,384.26,95.37,194.44,1,1,1
477,10,889.68,378.06,112.90,270.32,1,1,1
477,11,535.61,401.46,86.83,205.85,1,1,1
477,18,383.53,428.82,28.82,68.82,1,1,1
477,19,468.82,402.94,81.18,211.76,1,1,1
477,20,359.92,410.93,31.17,90.69,1,1,1
477,24,1046.49,402.58,55.72,88.93,1,1,1
477,25,400.00,407.21,75.23,183.78,1,1,1
477,26,390.54,415.77,54.50,168.02,1,1,1
477,29,373.13,415.99,18.03,50.00,1,1,1
477,30,287.18,414.62,32.82,86.92,1,1,1
477,31,316.15,422.05,23.33,79.74,1,1,1
477,32,1212.79,338.33,256.21,740.67,1,1,1
477,33,294.69,411.92,94.88,210.70,1,1,1
477,37,226.51,411.63,55.81,150.23,1,1,1
477,38,178.14,433.02,49.30,123.72,1,1,1
477,41,254.17,421.15,22.12,57.05,1,1,1
477,42,209.25,428.01,26.60,71.47,1,1,1
477,43,145.34,430.36,25.32,69.04,1,1,1
477,50,157.05,421.93,43.17,121.77,1,1,1
478,5,434.91,418.91,37.45,91.64,1,1,1
478,8,1450.54,381.72,83.87,197.85,1,1,1
478,10,880.00,377.42,111.61,270.97,1,1,1
478,11,528.39,401.94,86.45,205.81,1,1,1
478,18,375.85,427.35,27.14,87.61,1,1,1
478,19,460.00,403.87,82.58,212.26,1,1,1
478,20,347.44,410.90,35.68,92.52,1,1,1
478,24,1044.26,403.83,40.44,89.07,1,1,1
478,25,389.45,409.82,78.91,182.91,1,1,1
478,26,372.73,417.45,53.82,174.55,1,1,1
478,30,275.00,415.81,34.40,89.32,1,1,1
478,31,302.78,423.29,25.00,63.89,1,1,1
478,32,1210.97,337.28,252.03,741.72,1,1,1
478,37,220.39,411.63,58.43,153.67,1,1,1
478,38,165.55,432.66,49.74,134.98,1,1,1
478,41,243.44,422.39,23.54,60.16,1,1,1
478,42,201.03,423.29,23.29,59.25,1,1,1
478,43,133.22,429.11,26.71,70.21,1,1,1
478,50,141.94,419.35,60.00,125.81,1,1,1
479,5,427.74,419.35,32.26,98.71,1,1,1
479,8,1452.71,382.17,82.95,197.67,1,1,1
479,10,870.97,379.35,110.32,269.03,1,1,1
479,11,518.05,401.95,85.37,209.27,1,1,1
479,18,361.25,425.09,28.41,74.54,1,1,1
479,19,450.59,405.88,80.00,211.18,1,1,1
479,20,338.22,412.44,35.11,92.44,1,1,1
479,24,1025.88,400.00,74.12,90.00,1,1,1
479,25,365.74,409.90,89.76,188.13,1,1,1
479,26,363.93,419.36,58.67,172.44,1,1,1
479,29,346.79,415.90,21.41,72.48,1,1,1
479,30,263.30,415.29,31.50,90.21,1,1,1
479,31,297.25,423.85,23.55,73.09,1,1,1
479,32,1205.25,335.25,252.50,727.50,1,1,1
479,33,270.46,417.13,97.47,206.75,1,1,1
479,37,200.87,413.04,63.48,151.30,1,1,1
479,38,152.17,432.17,53.04,133.91,1,1,1
479,41,235.95,422.73,19.83,62.81,1,1,1
479,42,186.78,424.38,22.73,57.44,1,1,1
479,43,120.66,429.34,25.62,71.90,1,1,1
479,50,129.33,419.11,44.89,124.89,1,1,1
480,5,416.04,418.18,31.02,95.19,1,1,1
480,8,1453.49,379.07,78.29,196.90,1,1,1
480,10,859.41,376.47,112.94,272.35,1,1,1
480,11,510.00,400.00,85.88,208.82,1,1,1
480,18,349.76,425.85,27.32,84.39,1,1,1
480,19,436.13,405.16,81.29,210.97,1,1,1
480,20,324.89,412.00,32.44,88.89,1,1,1
480,24,1018.22,397.17,72.47,92.31,1,1,1
480,25,360.89,408.89,84.44,188.89,1,1,1
480,26,339.56,419.11,67.56,171.56,1,1,1
480,29,335.29,414.71,21.01,67.44,1,1,1
480,30,251.05,411.13,30.04,92.86,1,1,1
480,31,284.03,421.85,21.22,73.95,1,1,1
480,32,1199.91,334.91,246.27,722.39,1,1,1
480,33,260.00,417.00,101.50,212.00,1,1,1
480,37,192.50,413.00,57.50,148.00,1,1,1
480,38,138.00,432.50,51.00,132.50,1,1,1
480,41,223.29,420.89,20.21,60.27,1,1,1
480,42,171.92,422.60,26.37,65.41,1,1,1
480,43,107.19,430.14,26.71,72.60,1,1,1
480,50,117.74,417.74,44.04,126.91,1,1,1
481,5,401.46,417.56,31.22,93.66,1,1,1
481,8,1451.77,377.30,73.76,199.29,1,1,1
481,10,852.35,375.88,108.82,272.94,1,1,1
481,11,494.12,399.41,91.18,210.59,1,1,1
481,19,423.53,405.35,83.96,211.23,1,1,1
481,20,311.34,411.34,34.41,89.07,1,1,1
481,24,1006.83,397.07,58.54,93.17,1,1,1
481,25,348.58,408.50,83.81,190.69,1,1,1
481,26,325.10,417.41,78.54,176.52,1,1,1
481,30,237.25,411.07,33.89,87.58,1,1,1
481,31,269.13,422.82,20.13,69.80,1,1,1
481,32,1198.72,333.67,238.89,722.22,1,1,1
481,33,248.15,416.67,100.46,210.19,1,1,1
481,37,179.28,412.83,59.72,150.00,1,1,1
481,38,127.89,432.28,45.83,130.56,1,1,1
481,41,208.10,419.72,22.54,57.39,1,1,1
481,42,160.21,423.94,21.13,55.99,1,1,1
481,43,93.15,427.41,25.86,73.83,1,1,1
481,50,102.22,416.44,48.89,129.33,1,1,1
482,5,388.37,416.28,32.56,96.90,1,1,1
482,8,1447.59,377.54,74.33,202.67,1,1,1
482,10,840.64,374.33,110.16,274.33,1,1,1
482,11,482.89,401.07,90.91,208.56,1,1,1
482,19,412.94,405.29,78.24,210.59,1,1,1
482,20,293.05,409.09,41.18,97.86,1,1,1
482,24,997.86,395.19,52.94,93.58,1,1,1
482,25,336.90,409.63,82.89,191.98,1,1,1
482,26,313.90,419.79,78.61,173.26,1,1,1
482,30,225.69,414.37,30.28,88.69,1,1,1
482,31,257.19,422.32,22.32,70.64,1,1,1
482,32,1187.75,329.00,242.50,732.50,1,1,1
482,33,237.73,414.55,99.09,212.27,1,1,1
482,37,166.82,408.18,56.36,154.09,1,1,1
482,38,110.00,430.91,54.55,135.91,1,1,1
482,41,196.70,419.78,21.25,54.95,1,1,1
482,42,144.32,424.54,27.11,56.41,1,1,1
482,43,78.75,428.57,25.64,70.33,1,1,1
482,50,87.11,415.56,47.11,131.11,1,1,1
483,5,376.32,414.47,31.58,103.29,1,1,1
483,7,1279.93,388.02,117.07,371.95,1,1,1
483,8,1444.19,375.97,74.42,197.67,1,1,1
483,10,829.27,373.66,110.73,273.17,1,1,1
483,11,472.20,401.46,91.22,208.29,1,1,1
483,19,401.18,404.71,80.59,212.35,1,1,1
483,20,285.29,410.59,35.29,100.59,1,1,1
483,24,985.61,395.20,50.92,90.04,1,1,1
483,25,325.33,408.89,80.00,189.33,1,1,1
483,26,300.89,416.00,79.11,176.44,1,1,1
483,30,211.41,411.74,32.55,91.28,1,1,1
483,31,242.95,422.15,24.16,75.84,1,1,1
483,32,1177.36,327.19,245.68,739.51,1,1,1
483,33,227.59,413.79,98.85,217.24,1,1,1
483,37,148.50,409.58,61.08,152.69,1,1,1
483,38,97.01,429.94,51.50,140.72,1,1,1
483,41,185.03,419.49,17.80,46.89,1,1,1
483,42,130.51,423.45,23.73,59.89,1,1,1
483,43,64.69,428.25,24.58,71.19,1,1,1
483,50,72.38,415.48,48.95,131.38,1,1,1
484,5,362.44,416.59,32.68,96.59,1,1,1
484,7,1295.78,383.15,92.68,408.54,1,1,1
484,8,1440.00,373.66,85.85,198.05,1,1,1
484,10,817.33,372.89,112.44,275.11,1,1,1
484,11,461.33,401.33,90.22,208.00,1,1,1
484,19,387.65,403.53,77.06,212.35,1,1,1
484,20,274.09,409.31,32.39,99.19,1,1,1
484,24,978.14,393.52,51.01,91.90,1,1,1
484,25,310.53,406.48,78.95,197.98,1,1,1
484,26,286.23,416.19,78.95,179.35,1,1,1
484,30,198.38,414.98,33.60,89.47,1,1,1
484,31,230.77,420.24,27.94,78.54,1,1,1
484,32,1169.68,329.59,245.95,736.49,1,1,1
484,33,218.93,412.76,96.71,217.70,1,1,1
484,37,139.09,408.23,58.85,155.14,1,1,1
484,38,83.13,429.22,52.26,139.92,1,1,1
484,41,173.16,421.19,15.25,48.02,1,1,1
484,42,117.80,421.47,23.45,59.32,1,1,1
484,43,51.13,428.81,21.75,69.49,1,1,1
484,50,55.29,416.47,55.88,134.12,1,1,1
485,5,347.10,415.48,37.42,96.77,1,1,1
485,7,1274.75,381.82,107.07,406.06,1,1,1
485,8,1430.59,372.94,97.65,197.06,1,1,1
485,10,802.13,373.05,117.73,274.47,1,1,1
485,11,448.94,401.42,93.62,210.64,1,1,1
485,19,372.94,404.12,77.06,211.76,1,1,1
485,20,259.56,408.89,35.11,98.67,1,1,1
485,24,967.89,393.27,45.57,90.52,1,1,1
485,25,299.11,406.22,77.33,195.56,1,1,1
485,26,268.89,415.11,78.22,181.78,1,1,1
485,30,184.80,412.28,35.09,91.23,1,1,1
485,31,217.54,421.64,32.75,78.36,1,1,1
485,32,1144.19,329.88,264.06,740.62,1,1,1
485,33,212.87,409.94,91.23,220.47,1,1,1
485,37,123.71,408.25,64.43,157.22,1,1,1
485,38,69.07,429.90,53.61,139.69,1,1,1
485,41,158.67,420.00,18.13,42.67,1,1,1
485,42,103.47,421.87,25.60,60.53,1,1,1
485,43,36.80,429.33,19.73,67.20,1,1,1
485,50,44.52,416.77,48.39,130.32,1,1,1
486,5,335.83,414.97,36.36,104.81,1,1,1
486,7,1271.19,379.66,104.24,408.47,1,1,1
486,8,1424.06,371.66,103.74,197.86,1,1,1
486,10,788.39,371.61,120.00,274.19,1,1,1
486,11,437.42,400.65,89.68,208.39,1,1,1
486,17,298.12,411.65,43.98,131.95,1,1,1
486,19,363.53,400.59,77.06,214.12,1,1,1
486,20,252.26,407.89,28.95,90.23,1,1,1
486,24,958.72,389.91,48.93,93.88,1,1,1
486,25,256.39,413.16,74.44,183.83,1,1,1
486,26,284.96,403.76,76.32,197.74,1,1,1
486,30,172.56,413.16,30.83,92.11,1,1,1
486,31,205.64,421.05,29.32,79.32,1,1,1
486,32,1119.33,327.19,277.78,741.98,1,1,1
486,33,206.97,408.46,87.56,223.38,1,1,1
486,37,108.96,410.45,61.69,153.73,1,1,1
486,38,54.73,429.35,53.73,138.81,1,1,1
486,41,149.10,418.51,14.14,43.44,1,1,1
486,42,91.26,422.62,24.16,60.15,1,1,1
486,43,22.88,428.79,21.08,69.92,1,1,1
486,50,31.02,417.11,49.73,132.09,1,1,1
487,5,324.88,414.63,34.63,103.90,1,1,1
487,7,1265.29,379.49,119.51,408.54,1,1,1
487,8,1418.72,369.52,105.35,196.79,1,1,1
487,10,779.07,372.09,120.93,272.87,1,1,1
487,11,425.58,400.78,95.35,207.75,1,1,1
487,17,282.28,409.28,48.95,132.07,1,1,1
487,19,353.53,400.00,75.29,211.18,1,1,1
487,20,242.20,405.81,23.85,90.52,1,1,1
487,24,950.76,388.38,51.99,93.58,1,1,1
487,25,264.98,400.42,79.32,200.42,1,1,1
487,26,237.55,410.13,69.62,186.50,1,1,1
487,30,159.92,411.81,36.71,90.30,1,1,1
487,31,194.51,421.94,26.16,73.84,1,1,1
487,32,1105.12,329.88,298.44,743.75,1,1,1
487,33,199.48,405.76,85.86,224.08,1,1,1
487,37,98.97,409.28,62.37,154.64,1,1,1
487,38,42.78,427.84,54.64,142.78,1,1,1
487,41,136.89,415.53,15.29,53.16,1,1,1
487,42,77.67,421.84,25.24,59.22,1,1,1
487,43,9.22,427.18,27.91,70.15,1,1,1
487,50,18.18,418.18,48.66,129.95,1,1,1
488,5,315.56,414.22,33.33,104.00,1,1,1
488,7,1246.51,375.97,128.68,410.85,1,1,1
488,8,1415.29,370.00,108.24,196.47,1,1,1
488,10,771.61,371.61,119.35,274.19,1,1,1
488,11,416.77,398.06,96.77,209.68,1,1,1
488,17,273.68,409.72,48.99,130.36,1,1,1
488,19,341.18,398.24,81.18,212.94,1,1,1
488,24,943.54,390.04,49.08,90.41,1,1,1
488,25,253.53,398.24,76.47,204.12,1,1,1
488,26,227.06,408.24,52.94,184.71,1,1,1
488,30,148.45,411.18,34.78,90.68,1,1,1
488,31,180.75,419.88,32.92,73.91,1,1,1
488,32,1107.51,328.24,301.35,744.59,1,1,1
488,33,191.86,403.62,86.43,228.51,1,1,1
488,37,86.88,405.88,77.83,158.37,1,1,1
488,38,32.13,428.51,52.49,142.99,1,1,1
488,41,129.50,417.39,13.04,41.30,1,1,1
488,42,67.08,420.50,27.64,61.49,1,1,1
488,43,0.62,427.33,24.84,70.50,1,1,1
488,50,6.47,416.47,47.65,130.59,1,1,1
489,5,304.65,415.50,35.66,103.10,1,1,1
489,7,1257.94,376.19,120.63,409.52,1,1,1
489,8,1410.99,368.13,108.24,197.25,1,1,1
489,10,767.65,371.18,114.12,272.35,1,1,1
489,11,406.67,398.22,99.11,209.33,1,1,1
489,17,271.22,409.23,39.11,129.52,1,1,1
489,19,332.26,396.13,75.48,216.13,1,1,1
489,24,934.25,388.69,49.54,91.13,1,1,1
489,25,244.39,399.02,72.20,200.49,1,1,1
489,26,214.63,406.83,67.80,194.15,1,1,1
489,30,138.01,409.23,39.48,91.51,1,1,1
489,31,173.43,420.66,27.31,70.48,1,1,1
489,32,1108.22,329.65,304.94,741.98,1,1,1
489,33,185.60,404.12,86.42,227.16,1,1,1
489,37,77.60,403.28,77.60,162.30,1,1,1
489,38,22.95,426.78,52.46,146.45,1,1,1
489,41,117.74,415.42,15.17,46.53,1,1,1
489,42,58.10,420.57,25.71,62.21,1,1,1
489,43,0.26,425.71,13.62,71.21,1,1,1
489,50,0.00,416.49,44.33,134.02,1,1,1
490,5,295.04,414.18,39.01,103.55,1,1,1
490,7,1268.95,368.51,107.32,434.15,1,1,1
490,8,1408.74,366.02,112.62,197.09,1,1,1
490,10,763.23,370.32,110.97,272.90,1,1,1
490,11,396.77,396.13,106.45,211.61,1,1,1
490,17,254.24,407.75,47.23,115.50,1,1,1
490,19,327.81,394.65,79.68,217.65,1,1,1
490,24,930.20,387.92,49.33,92.62,1,1,1
490,25,235.29,396.26,71.12,205.35,1,1,1
490,30,131.01,409.49,36.08,91.77,1,1,1
490,31,169.62,419.62,31.01,81.01,1,1,1
490,32,1115.39,328.11,305.56,737.50,1,1,1
490,33,179.75,402.45,88.96,230.06,1,1,1
490,37,69.94,404.91,77.91,158.90,1,1,1
490,38,14.72,426.99,53.99,146.01,1,1,1
490,41,109.97,418.06,17.25,53.64,1,1,1
490,42,48.52,420.22,27.76,61.19,1,1,1
490,50,0.44,413.63,36.59,139.02,1,1,1
491,5,288.98,412.71,38.98,105.08,1,1,1
491,7,1251.88,370.95,132.93,441.46,1,1,1
491,8,1415.50,365.89,105.43,197.67,1,1,1
491,10,756.68,370.59,111.76,273.26,1,1,1
491,11,393.05,397.33,105.35,210.70,1,1,1
491,17,248.00,410.22,48.00,116.89,1,1,1
491,19,320.65,395.48,81.94,217.42,1,1,1
491,24,925.09,386.72,50.92,92.25,1,1,1
491,25,231.61,397.42,67.74,205.81,1,1,1
491,30,126.90,407.59,34.48,91.72,1,1,1
491,31,160.00,421.38,32.41,78.62,1,1,1
491,32,1122.67,328.67,301.33,738.67,1,1,1
491,33,180.00,405.52,89.66,228.97,1,1,1
491,37,61.29,405.81,78.71,163.23,1,1,1
491,38,5.81,427.10,56.77,145.81,1,1,1
491,41,102.01,416.78,19.80,52.35,1,1,1
491,42,41.95,417.79,29.53,64.09,1,1,1
491,50,1.66,416.07,18.29,132.93,1,1,1
492,5,286.05,413.18,36.43,101.55,1,1,1
492,7,1269.77,373.64,122.48,438.76,1,1,1
492,8,1424.39,364.39,101.95,199.51,1,1,1
492,10,750.97,370.97,113.55,274.19,1,1,1
492,11,387.74,396.77,105.16,209.68,1,1,1
492,17,248.18,409.72,39.27,114.98,1,1,1
492,19,313.55,393.55,87.10,218.71,1,1,1
492,24,922.01,387.10,48.03,91.76,1,1,1
492,25,222.99,397.86,67.91,207.49,1,1,1
492,30,118.02,408.11,38.74,91.44,1,1,1
492,31,154.95,420.27,32.43,81.53,1,1,1
492,32,1139.95,326.89,279.73,741.89,1,1,1
492,33,175.66,404.61,96.05,232.24,1,1,1
492,37,59.04,409.04,75.90,159.04,1,1,1
492,38,2.41,428.31,54.82,144.58,1,1,1
492,41,96.60,419.55,17.56,52.69,1,1,1
492,42,37.68,416.71,28.61,65.44,1,1,1
492,50,5.32,427.05,18.29,117.07,1,1,1
492,55,706.93,394.54,22.06,79.20,1,1,1
493,5,275.93,414.81,44.44,101.85,1,1,1
493,7,1247.31,372.04,146.24,443.01,1,1,1
493,8,1435.14,362.84,100.00,204.05,1,1,1
493,10,745.16,370.97,113.55,275.48,1,1,1
493,11,382.58,396.13,107.74,211.61,1,1,1
493,17,239.56,409.78,47.11,120.44,1,1,1
493,19,309.41,395.29,87.65,220.00,1,1,1
493,24,915.92,386.62,52.87,92.04,1,1,1
493,25,215.29,400.59,66.47,205.29,1,1,1
493,30,115.11,409.33,37.78,90.67,1,1,1
493,31,150.67,419.11,32.00,82.22,1,1,1
493,32,1140.48,325.38,275.00,752.38,1,1,1
493,33,180.86,408.64,88.89,232.10,1,1,1
493,37,53.31,407.00,76.65,163.04,1,1,1
493,38,0.00,429.18,50.97,145.53,1,1,1
493,41,91.79,417.01,19.65,50.15,1,1,1
493,42,33.43,419.06,27.57,62.46,1,1,1
493,50,1.66,429.49,17.07,114.63,1,1,1
493,55,700.00,391.40,28.98,79.94,1,1,1
494,5,275.19,414.73,37.98,96.90,1,1,1
494,7,1277.12,372.03,120.34,447.46,1,1,1
494,8,1446.52,364.17,94.65,202.14,1,1,1
494,10,742.35,372.35,113.53,273.53,1,1,1
494,11,378.82,396.47,111.18,213.53,1,1,1
494,17,237.56,410.24,46.83,106.83,1,1,1
494,19,303.23,396.77,90.32,219.35,1,1,1
494,24,912.81,388.02,52.09,91.92,1,1,1
494,25,214.84,403.23,63.23,204.52,1,1,1
494,26,166.45,412.26,66.45,199.35,1,1,1
494,30,111.71,408.78,35.12,92.20,1,1,1
494,31,143.41,420.98,33.66,81.95,1,1,1
494,32,1138.90,322.69,270.13,751.95,1,1,1
494,33,179.66,410.17,85.31,232.77,1,1,1
494,37,48.02,413.56,77.97,160.45,1,1,1
494,38,0.00,428.81,50.28,149.72,1,1,1
494,41,85.33,417.87,20.00,58.13,1,1,1
494,42,28.00,419.20,26.93,70.67,1,1,1
494,50,1.66,427.05,21.95,119.51,1,1,1
494,55,694.43,390.25,29.81,88.02,1,1,1
495,5,268.99,413.95,38.76,103.88,1,1,1
495,7,1279.93,375.83,125.61,448.78,1,1,1
495,8,1455.32,363.12,93.62,206.38,1,1,1
495,10,738.06,372.90,115.48,270.32,1,1,1
495,11,377.42,397.42,108.39,210.97,1,1,1
495,17,240.96,411.81,38.01,113.28,1,1,1
495,19,305.88,398.40,85.56,219.79,1,1,1
495,24,909.41,387.65,62.35,92.94,1,1,1
495,25,197.86,404.81,74.87,210.16,1,1,1
495,26,163.64,408.02,68.98,204.28,1,1,1
495,30,103.69,409.23,38.75,94.10,1,1,1
495,31,143.91,420.66,30.63,79.70,1,1,1
495,32,1135.38,321.01,258.02,729.63,1,1,1
495,33,177.22,403.80,88.61,243.04,1,1,1
495,37,43.71,408.38,79.64,165.27,1,1,1
495,38,0.60,428.74,40.72,149.10,1,1,1
495,41,82.49,418.36,20.34,57.06,1,1,1
495,42,25.14,419.77,25.71,62.99,1,1,1
495,55,692.65,390.13,22.90,84.87,1,1,1
496,5,265.25,413.60,37.04,101.23,1,1,1
496,7,1291.11,380.00,123.33,448.89,1,1,1
496,8,1461.94,360.00,95.48,209.68,1,1,1
496,10,738.82,372.35,108.24,272.35,1,1,1
496,11,374.12,395.88,108.82,214.12,1,1,1
496,17,234.71,411.18,42.94,102.35,1,1,1
496,19,300.00,400.00,87.65,219.41,1,1,1
496,24,907.65,388.07,55.05,92.97,1,1,1
496,25,202.35,414.71,71.76,202.35,1,1,1
496,26,156.47,407.06,70.59,205.29,1,1,1
496,30,101.42,406.38,39.01,97.16,1,1,1
496,31,139.01,421.28,30.50,80.14,1,1,1
496,32,1131.14,318.07,250.88,738.60,1,1,1
496,33,179.43,405.67,83.69,240.43,1,1,1
496,37,39.47,411.18,80.92,165.13,1,1,1
496,38,0.00,429.61,46.05,149.34,1,1,1
496,41,78.45,417.80,24.12,63.47,1,1,1
496,42,22.48,420.14,22.01,63.93,1,1,1
496,55,686.85,391.13,27.22,83.18,1,1,1
497,5,258.87,414.89,38.30,101.42,1,1,1
497,7,1307.98,375.83,114.63,456.10,1,1,1
497,8,1467.44,362.79,96.90,205.43,1,1,1
497,10,733.17,371.22,113.17,274.15,1,1,1
497,11,372.20,397.07,109.76,213.17,1,1,1
497,17,229.15,411.81,42.44,118.45,1,1,1
497,19,300.85,401.69,83.05,216.95,1,1,1
497,24,905.29,390.00,58.82,90.59,1,1,1
497,25,193.05,406.42,77.01,211.76,1,1,1
497,26,151.34,417.65,62.03,197.86,1,1,1
497,30,98.98,408.16,38.27,95.41,1,1,1
497,31,136.22,418.37,30.10,82.14,1,1,1
497,32,1129.04,320.61,237.68,755.07,1,1,1
497,33,178.71,410.32,82.58,237.42,1,1,1
497,37,39.35,412.26,78.71,160.65,1,1,1
497,38,0.00,429.68,36.77,148.39,1,1,1
497,41,73.44,417.32,24.71,74.13,1,1,1
497,42,20.32,417.55,21.71,58.20,1,1,1
497,55,682.52,388.83,27.67,85.44,1,1,1
498,5,256.59,412.40,39.53,106.98,1,1,1
498,7,1316.51,374.61,110.98,460.98,1,1,1
498,8,1472.94,362.35,98.24,206.47,1,1,1
498,10,729.41,372.19,116.04,273.26,1,1,1
498,11,370.05,396.79,105.35,216.04,1,1,1
498,17,226.94,411.44,42.44,117.34,1,1,1
498,19,292.68,401.46,83.90,218.05,1,1,1
498,24,902.19,389.62,54.92,90.71,1,1,1
498,25,183.90,409.27,82.44,211.22,1,1,1
498,26,149.76,417.56,64.88,200.98,1,1,1
498,30,94.01,408.98,38.32,94.61,1,1,1
498,31,131.74,419.16,29.94,83.23,1,1,1
498,32,1122.87,313.86,246.03,750.79,1,1,1
498,33,182.41,412.96,78.70,235.19,1,1,1
498,37,36.47,409.41,75.29,167.06,1,1,1
498,38,0.00,428.82,31.76,150.59,1,1,1
498,41,71.81,416.44,23.49,63.76,1,1,1
498,42,13.42,420.13,26.17,63.09,1,1,1
498,55,677.54,389.86,29.35,83.70,1,1,1
499,5,254.79,415.07,36.99,103.42,1,1,1
499,7,1321.30,375.00,113.89,462.96,1,1,1
499,8,1480.00,361.18,98.82,208.82,1,1,1
499,10,726.47,370.00,116.47,276.47,1,1,1
499,11,365.88,396.47,105.88,216.47,1,1,1
499,17,225.51,411.34,43.32,110.93,1,1,1
499,19,289.68,401.94,82.58,218.06,1,1,1
499,24,896.02,390.21,58.10,89.60,1,1,1
499,25,175.48,407.10,86.45,215.48,1,1,1
499,26,143.23,418.06,63.87,201.29,1,1,1
499,30,90.69,408.91,36.84,94.33,1,1,1
499,31,125.91,420.65,34.82,83.81,1,1,1
499,32,1118.07,315.40,260.24,757.83,1,1,1
499,33,181.37,404.90,83.33,246.08,1,1,1
499,37,31.37,411.76,78.43,164.71,1,1,1
499,38,0.00,431.37,24.51,148.04,1,1,1
499,41,67.25,414.62,23.39,63.45,1,1,1
499,42,7.31,419.30,27.49,63.74,1,1,1
499,55,673.70,389.60,22.63,63.91,1,1,1
500,5,249.61,415.50,38.76,103.88,1,1,1
500,7,1322.88,375.42,116.95,463.56,1,1,1
500,8,1484.75,364.41,100.85,206.78,1,1,1
500,10,724.06,370.59,115.51,278.61,1,1,1
500,11,364.71,397.86,103.21,214.44,1,1,1
500,17,224.29,410.12,42.51,115.38,1,1,1
500,19,285.16,402.58,90.97,219.35,1,1,1
500,24,898.29,391.10,53.42,89.04,1,1,1
500,25,169.68,406.45,87.74,218.06,1,1,1
500,26,138.06,418.06,68.39,204.52,1,1,1
500,30,86.83,411.11,38.68,93.00,1,1,1
500,31,122.22,421.40,31.69,81.89,1,1,1
500,32,1114.40,317.31,267.60,761.69,1,1,1
500,33,181.25,405.11,88.07,247.73,1,1,1
500,37,28.14,407.78,75.45,168.86,1,1,1
500,38,0.60,432.34,20.96,149.10,1,1,1
500,41,60.56,416.77,26.40,68.01,1,1,1
500,42,2.80,419.88,27.33,62.73,1,1,1
500,55,669.86,388.70,22.60,85.96,1,1,1
501,5,247.29,418.60,34.88,103.10,1,1,1
501,7,1322.03,377.12,125.42,466.95,1,1,1
501,8,1487.80,366.34,104.88,206.34,1,1,1
501,10,719.35,370.32,114.84,278.06,1,1,1
501,11,360.00,399.35,105.16,215.48,1,1,1
501,17,212.15,412.15,48.99,111.74,1,1,1
501,19,281.76,402.94,90.00,219.41,1,1,1
501,24,892.61,392.84,57.04,90.07,1,1,1
501,25,162.94,407.06,81.18,220.00,1,1,1
501,26,129.41,417.06,64.71,208.24,1,1,1
501,30,78.95,412.96,40.49,93.93,1,1,1
501,31,117.41,423.08,30.36,82.59,1,1,1
501,32,1110.84,317.81,271.16,761.19,1,1,1
501,33,178.76,404.15,88.08,249.74,1,1,1
501,37,23.32,411.92,74.09,165.80,1,1,1
501,38,0.00,441.45,18.65,139.38,1,1,1
501,41,59.91,417.59,21.83,58.80,1,1,1
501,42,0.00,423.16,21.83,63.03,1,1,1
501,55,663.05,392.15,23.09,82.45,1,1,1
502,5,239.01,418.44,39.01,103.55,1,1,1
502,7,1323.26,376.74,129.46,468.22,1,1,1
502,8,1490.73,368.78,108.78,208.29,1,1,1
502,10,716.04,371.12,116.04,280.75,1,1,1
502,11,352.94,401.07,105.35,215.51,1,1,1
502,19,277.65,404.12,88.24,220.00,1,1,1
502,24,885.98,392.99,60.98,93.60,1,1,1
502,25,154.71,406.47,85.88,222.35,1,1,1
502,26,122.94,416.47,71.76,208.82,1,1,1
502,28,193.91,412.61,26.26,79.83,1,1,1
502,30,73.71,413.55,35.46,93.63,1,1,1
502,31,112.35,425.10,28.29,75.30,1,1,1
502,32,1107.14,318.24,282.14,760.71,1,1,1
502,33,175.37,403.73,92.54,249.25,1,1,1
502,37,17.51,409.73,73.54,171.60,1,1,1
502,38,0.00,446.11,13.77,138.32,1,1,1
502,41,51.60,420.90,23.67,56.29,1,1,1
502,42,0.85,424.95,14.71,59.91,1,1,1
502,55,659.08,394.26,21.22,83.75,1,1,1
503,5,233.33,421.71,38.76,101.55,1,1,1
503,7,1329.66,376.27,133.05,472.88,1,1,1
503,8,1489.84,371.12,117.11,206.95,1,1,1
503,10,713.53,373.53,115.29,280.59,1,1,1
503,11,350.59,402.35,103.53,215.88,1,1,1
503,19,272.90,404.52,90.97,220.65,1,1,1
503,24,890.60,396.31,50.67,91.61,1,1,1
503,25,148.39,405.16,69.68,227.74,1,1,1
503,26,116.13,415.48,66.45,211.61,1,1,1
503,28,191.61,415.10,22.82,70.13,1,1,1
503,30,69.70,415.58,38.96,93.07,1,1,1
503,31,109.52,425.97,29.87,80.95,1,1,1
503,32,1109.54,321.56,281.46,757.44,1,1,1
503,33,174.00,404.67,95.33,254.67,1,1,1
503,37,14.04,411.91,74.04,172.34,1,1,1
503,38,0.00,439.02,13.01,147.97,1,1,1
503,41,45.66,423.15,26.05,65.59,1,1,1
503,42,0.32,428.62,10.93,59.16,1,1,1
503,55,653.36,396.31,23.49,83.89,1,1,1
504,5,231.78,423.26,36.43,102.33,1,1,1
504,7,1338.76,377.52,131.78,476.74,1,1,1
504,8,1493.66,373.17,120.00,207.80,1,1,1
504,10,710.24,376.59,115.61,280.00,1,1,1
504,11,349.27,404.39,101.46,215.12,1,1,1
504,19,270.59,405.88,88.82,222.35,1,1,1
504,24,877.29,398.17,64.47,93.04,1,1,1
504,25,142.35,406.47,85.29,226.47,1,1,1
504,26,110.59,416.47,81.18,212.35,1,1,1
504,28,183.29,417.27,29.53,101.67,1,1,1
504,30,66.67,417.46,35.98,97.35,1,1,1
504,31,101.15,428.35,31.42,78.93,1,1,1
504,32,1111.71,327.57,281.29,751.43,1,1,1
504,33,167.44,406.98,100.00,258.91,1,1,1
504,37,7.95,409.27,74.17,176.16,1,1,1
504,41,45.61,424.93,22.10,61.19,1,1,1
504,55,649.39,397.57,21.04,63.30,1,1,1
505,5,232.62,426.24,35.46,87.94,1,1,1
505,7,1342.37,380.51,137.29,479.66,1,1,1
505,8,1495.19,377.01,126.20,210.70,1,1,1
505,10,708.82,380.59,114.71,280.59,1,1,1
505,11,348.24,406.47,100.00,217.06,1,1,1
505,19,267.65,409.41,91.76,220.59,1,1,1
505,24,876.49,402.39,60.56,90.44,1,1,1
505,25,140.00,409.41,78.24,228.24,1,1,1
505,26,104.71,418.82,72.94,217.06,1,1,1
505,28,177.44,419.78,36.21,115.32,1,1,1
505,30,63.79,419.22,34.54,98.05,1,1,1
505,31,98.33,432.31,30.08,81.89,1,1,1
505,32,1112.61,339.22,271.39,739.78,1,1,1
505,33,166.18,408.82,104.41,260.29,1,1,1
505,37,7.72,411.97,72.20,176.06,1,1,1
505,41,40.32,429.44,23.61,58.89,1,1,1
505,55,646.85,402.10,20.38,70.17,1,1,1
506,5,227.91,427.91,34.11,91.47,1,1,1
506,7,1351.88,381.93,136.59,484.15,1,1,1
506,8,1497.67,378.29,132.56,209.30,1,1,1
506,10,704.96,383.69,116.31,280.85,1,1,1
506,11,348.78,407.80,100.00,220.00,1,1,1
506,19,264.39,410.24,89.27,218.54,1,1,1
506,24,861.18,406.25,70.72,89.80,1,1,1
506,25,131.22,409.76,82.93,230.24,1,1,1
506,26,93.66,421.95,83.41,214.63,1,1,1
506,28,175.77,422.01,28.97,111.14,1,1,1
506,30,64.62,422.84,32.87,94.15,1,1,1
506,31,95.26,433.15,25.35,79.39,1,1,1
506,32,1119.56,336.44,279.44,742.56,1,1,1
506,33,160.78,411.76,111.76,259.48,1,1,1
506,37,4.19,411.63,73.95,180.47,1,1,1
506,41,40.32,430.77,21.22,59.15,1,1,1
506,55,639.83,402.78,25.74,62.43,1,1,1
507,5,223.40,427.66,34.75,93.62,1,1,1
507,7,1360.41,385.59,139.02,486.59,1,1,1
507,8,1504.24,382.20,134.75,210.17,1,1,1
507,10,703.55,386.52,113.48,279.43,1,1,1
507,11,349.65,410.64,95.74,217.73,1,1,1
507,19,260.65,411.61,87.10,218.71,1,1,1
507,24,851.10,405.29,80.62,90.75,1,1,1
507,25,125.16,411.61,80.00,232.26,1,1,1
507,26,87.74,423.87,76.13,220.65,1,1,1
507,28,177.33,424.89,36.00,124.89,1,1,1
507,30,61.39,423.76,31.68,94.06,1,1,1
507,31,92.08,437.13,23.27,70.79,1,1,1
507,32,1133.00,342.00,281.00,737.00,1,1,1
507,33,156.62,413.97,118.38,265.44,1,1,1
507,37,0.67,417.45,75.17,175.17,1,1,1
507,40,0.53,432.89,14.06,45.09,1,1,1
507,41,36.87,433.69,20.16,59.68,1,1,1
507,55,637.06,406.85,26.40,63.96,1,1,1
508,5,229.08,429.79,31.21,91.49,1,1,1
508,7,1382.37,388.02,128.05,489.02,1,1,1
508,8,1517.02,384.40,131.21,209.22,1,1,1
508,10,702.54,388.98,116.95,282.20,1,1,1
508,11,347.10,410.97,94.19,220.65,1,1,1
508,17,184.00,424.89,52.00,140.44,1,1,1
508,19,260.96,413.90,90.91,220.32,1,1,1
508,24,851.97,410.39,79.21,90.68,1,1,1
508,25,127.27,415.51,79.14,234.22,1,1,1
508,26,88.77,425.13,72.73,224.06,1,1,1
508,28,177.98,427.52,28.75,82.57,1,1,1
508,30,56.54,425.65,36.65,92.67,1,1,1
508,31,87.96,437.70,27.75,72.25,1,1,1
508,32,1137.08,343.82,282.92,735.18,1,1,1
508,33,160.74,419.63,119.63,260.12,1,1,1
508,37,3.31,419.87,66.23,177.48,1,1,1
508,40,0.00,436.45,13.39,48.29,1,1,1
508,41,35.20,435.51,20.25,61.37,1,1,1
508,55,636.76,408.61,25.00,63.45,1,1,1
509,7,1386.02,390.46,135.37,496.34,1,1,1
509,8,1527.12,383.90,129.66,215.25,1,1,1
509,10,700.00,392.59,115.74,281.48,1,1,1
509,11,350.39,412.40,90.70,220.16,1,1,1
509,17,188.77,427.81,60.43,133.16,1,1,1
509,19,262.57,412.30,85.03,222.46,1,1,1
509,24,830.87,411.41,101.01,91.95,1,1,1
509,25,124.06,418.18,78.07,237.43,1,1,1
509,26,82.89,431.02,80.21,223.53,1,1,1
509,28,174.83,427.52,29.19,98.66,1,1,1
509,30,58.39,426.85,30.54,90.94,1,1,1
509,31,84.90,440.27,25.17,73.49,1,1,1
509,32,1141.06,340.81,280.94,738.19,1,1,1
509,33,157.14,422.14,119.29,262.86,1,1,1
509,37,0.68,420.41,67.35,176.19,1,1,1
509,40,1.06,432.27,20.21,57.80,1,1,1
509,41,35.82,434.75,20.92,64.89,1,1,1
509,55,634.23,407.05,26.85,87.92,1,1,1
510,7,1392.12,392.90,141.46,502.44,1,1,1
510,8,1537.96,383.33,120.37,220.37,1,1,1
510,10,701.01,394.95,113.13,280.81,1,1,1
510,11,347.29,417.83,90.70,212.40,1,1,1
510,17,184.71,430.59,47.06,129.41,1,1,1
510,19,258.82,416.47,87.06,222.94,1,1,1
510,25,121.76,420.59,78.82,236.47,1,1,1
510,26,81.18,434.12,80.00,224.12,1,1,1
510,28,171.87,425.69,31.19,108.26,1,1,1
510,30,54.43,429.05,35.78,93.88,1,1,1
510,31,83.49,442.81,24.16,77.37,1,1,1
510,32,1152.75,341.50,265.25,737.50,1,1,1
510,33,160.93,424.50,119.87,260.93,1,1,1
510,37,1.32,424.50,68.21,177.48,1,1,1
510,40,1.87,428.35,18.07,72.59,1,1,1
510,41,33.33,435.83,20.56,78.19,1,1,1
510,55,632.21,408.05,28.19,93.96,1,1,1
511,7,1405.54,396.56,135.37,502.44,1,1,1
511,8,1551.06,384.40,119.86,214.89,1,1,1
511,10,696.13,394.19,116.77,284.52,1,1,1
511,11,347.74,416.13,88.39,218.06,1,1,1
511,17,186.63,431.02,44.39,140.11,1,1,1
511,18,154.12,440.59,39.41,118.82,1,1,1
511,19,263.10,417.11,84.49,224.06,1,1,1
511,25,118.72,422.99,82.35,237.97,1,1,1
511,26,75.94,436.90,81.82,227.27,1,1,1
511,28,171.07,426.90,35.28,111.17,1,1,1
511,30,56.09,428.17,25.38,90.36,1,1,1
511,31,78.68,440.61,26.40,74.37,1,1,1
511,32,1157.29,348.00,267.71,731.00,1,1,1
511,33,168.26,423.95,119.76,263.47,1,1,1
511,37,2.04,423.81,65.99,177.55,1,1,1
511,40,0.39,433.07,22.18,78.60,1,1,1
511,41,28.02,435.80,24.12,77.04,1,1,1
511,55,631.54,411.41,23.15,70.13,1,1,1
512,7,1421.39,396.56,130.49,504.88,1,1,1
512,8,1563.57,385.27,120.16,217.05,1,1,1
512,10,695.04,393.62,117.02,286.52,1,1,1
512,11,349.65,414.18,88.65,219.15,1,1,1
512,17,184.49,429.95,45.45,140.64,1,1,1
512,18,156.89,442.22,32.89,88.89,1,1,1
512,19,262.03,416.58,86.63,223.53,1,1,1
512,25,116.04,425.13,84.49,237.43,1,1,1
512,26,71.12,437.43,83.96,226.20,1,1,1
512,28,172.42,427.86,30.64,118.66,1,1,1
512,30,58.22,428.41,27.02,86.35,1,1,1
512,31,80.78,439.83,28.13,77.99,1,1,1
512,32,1165.25,342.75,269.75,736.25,1,1,1
512,33,172.85,425.17,119.21,264.24,1,1,1
512,37,0.00,421.85,68.87,181.46,1,1,1
512,55,629.19,414.09,26.51,64.77,1,1,1
513,7,1427.97,397.46,136.44,508.47,1,1,1
513,8,1570.37,388.89,123.70,212.59,1,1,1
513,10,692.51,393.58,120.32,287.70,1,1,1
513,11,346.52,415.51,88.77,217.11,1,1,1
513,17,178.24,430.00,50.59,137.06,1,1,1
513,18,155.29,440.59,37.06,97.06,1,1,1
513,19,256.47,416.47,94.12,224.71,1,1,1
513,25,115.29,424.12,87.06,241.76,1,1,1
513,26,65.29,438.24,88.24,228.24,1,1,1
513,28,169.05,428.41,33.72,95.38,1,1,1
513,30,53.81,426.79,31.87,91.92,1,1,1
513,31,83.60,439.26,27.48,78.98,1,1,1
513,32,1172.52,342.35,261.48,736.65,1,1,1
513,33,186.05,424.81,113.95,266.67,1,1,1
513,37,0.78,427.13,68.22,176.74,1,1,1
513,40,1.07,430.25,15.30,61.21,1,1,1
513,41,30.25,437.01,20.64,61.57,1,1,1
513,55,629.44,413.45,21.83,65.99,1,1,1
514,5,211.63,434.11,40.31,102.33,1,1,1
514,7,1442.12,395.34,135.37,514.63,1,1,1
514,8,1578.72,386.52,126.24,218.44,1,1,1
514,10,690.97,392.26,121.29,289.03,1,1,1
514,11,349.03,414.84,85.16,218.71,1,1,1
514,17,182.22,430.22,48.89,151.56,1,1,1
514,18,155.08,441.18,33.69,84.49,1,1,1
514,19,258.24,418.82,87.65,224.71,1,1,1
514,25,113.53,424.12,88.24,242.94,1,1,1
514,26,60.59,437.06,91.18,228.82,1,1,1
514,28,173.54,428.69,28.97,92.20,1,1,1
514,30,53.48,427.02,37.60,93.59,1,1,1
514,31,82.17,438.72,26.46,87.19,1,1,1
514,32,1177.79,336.50,262.21,742.50,1,1,1
514,33,195.78,422.29,106.02,272.29,1,1,1
514,37,0.00,427.11,68.67,177.71,1,1,1
514,40,0.92,433.03,16.51,70.64,1,1,1
514,41,30.28,433.94,19.88,66.36,1,1,1
514,55,627.94,415.13,19.12,67.23,1,1,1
515,5,216.28,432.56,31.78,110.08,1,1,1
515,7,1448.22,395.34,140.24,515.85,1,1,1
515,8,1583.72,386.82,129.46,216.28,1,1,1
515,10,690.32,391.61,122.58,283.87,1,1,1
515,11,345.16,416.13,89.68,217.42,1,1,1
515,17,180.00,428.24,48.82,126.47,1,1,1
515,18,158.05,440.49,30.24,89.27,1,1,1
515,19,257.65,420.00,90.00,221.18,1,1,1
515,25,112.35,422.35,89.41,244.12,1,1,1
515,26,57.06,437.65,96.47,230.00,1,1,1
515,28,173.39,427.83,37.61,103.36,1,1,1
515,30,53.82,426.91,34.86,88.07,1,1,1
515,32,1190.25,336.50,248.75,742.50,1,1,1
515,33,205.30,420.53,101.32,272.85,1,1,1
515,37,1.99,427.81,65.56,180.79,1,1,1
515,40,1.25,431.15,13.08,60.44,1,1,1
515,41,31.46,435.20,19.00,64.80,1,1,1
515,55,625.17,413.42,20.13,68.79,1,1,1
516,5,210.08,433.33,34.11,96.12,1,1,1
516,7,1460.41,392.90,145.12,523.17,1,1,1
516,8,1594.12,385.29,128.24,215.29,1,1,1
516,10,688.98,389.83,123.73,284.75,1,1,1
516,11,345.88,417.06,88.82,217.06,1,1,1
516,17,179.14,428.88,49.20,141.71,1,1,1
516,18,156.47,440.59,36.47,82.35,1,1,1
516,19,258.82,419.79,89.30,221.39,1,1,1
516,25,109.09,419.25,91.44,247.59,1,1,1
516,26,56.15,435.29,91.98,229.41,1,1,1
516,28,173.10,428.68,28.68,97.72,1,1,1
516,30,53.31,426.85,31.13,87.55,1,1,1
516,32,1192.39,333.14,260.61,745.86,1,1,1
516,33,214.84,418.06,98.06,275.48,1,1,1
516,37,0.66,425.17,65.56,179.47,1,1,1
516,40,1.65,430.45,15.64,63.79,1,1,1
516,41,32.51,432.92,17.70,55.97,1,1,1
516,55,625.08,411.31,20.49,80.73,1,1,1
517,5,214.18,434.75,31.91,97.16,1,1,1
517,7,1473.15,390.74,145.37,525.00,1,1,1
517,8,1607.20,385.60,129.60,217.60,1,1,1
517,10,689.81,387.04,123.15,286.11,1,1,1
517,11,339.72,414.89,98.58,217.73,1,1,1
517,17,181.35,427.52,48.93,143.43,1,1,1
517,18,152.41,440.64,37.43,84.49,1,1,1
517,19,260.17,420.34,87.42,221.91,1,1,1
517,25,104.81,416.58,96.26,251.34,1,1,1
517,26,50.80,431.55,93.58,236.90,1,1,1
517,28,175.56,428.33,28.89,96.67,1,1,1
517,30,53.81,426.19,32.38,89.05,1,1,1
517,32,1206.58,330.35,252.42,748.65,1,1,1
517,33,222.41,415.52,94.83,278.45,1,1,1
517,37,0.00,419.67,66.67,184.70,1,1,1
517,41,28.96,432.24,18.03,61.75,1,1,1
517,55,622.96,412.35,19.30,73.04,1,1,1
518,5,211.18,432.94,37.65,112.35,1,1,1
518,7,1484.26,387.04,145.37,531.48,1,1,1
518,8,1614.55,384.55,129.09,215.45,1,1,1
518,10,691.90,386.80,123.17,284.15,1,1,1
518,11,341.13,416.31,92.91,216.31,1,1,1
518,17,180.92,427.92,43.46,138.87,1,1,1
518,18,155.29,440.00,35.29,90.59,1,1,1
518,19,258.05,417.56,90.73,223.41,1,1,1
518,25,104.73,414.19,91.89,252.03,1,1,1
518,26,47.97,429.05,93.24,240.54,1,1,1
518,28,175.77,427.97,25.55,88.33,1,1,1
518,30,50.83,425.00,31.67,89.17,1,1,1
518,32,1202.00,326.75,262.00,752.25,1,1,1
518,33,233.25,409.56,96.88,285.94,1,1,1
518,37,0.43,416.24,64.96,188.03,1,1,1
518,41,31.38,432.71,17.82,53.99,1,1,1
518,55,620.32,411.76,21.93,72.19,1,1,1
519,5,212.71,433.05,40.68,111.02,1,1,1
519,7,1499.44,385.59,143.90,534.15,1,1,1
519,8,1628.68,382.17,122.48,217.83,1,1,1
519,10,691.18,384.12,122.94,291.18,1,1,1
519,11,349.41,415.88,84.12,215.88,1,1,1
519,17,178.65,426.97,45.69,141.57,1,1,1
519,18,154.71,440.59,34.71,90.00,1,1,1
519,19,267.65,417.06,80.00,224.12,1,1,1
519,25,102.94,412.35,94.12,256.47,1,1,1
519,26,47.65,427.65,87.65,242.35,1,1,1
519,28,177.89,427.51,29.31,93.32,1,1,1
519,30,53.21,427.76,29.31,85.60,1,1,1
519,32,1189.55,327.88,282.45,751.12,1,1,1
519,33,233.66,413.86,108.91,280.20,1,1,1
519,37,1.03,415.98,67.01,187.63,1,1,1
519,41,27.18,431.07,21.36,60.44,1,1,1
519,55,619.93,411.44,19.56,71.59,1,1,1
520,5,208.51,431.91,41.84,107.09,1,1,1
520,7,1507.98,383.15,148.78,541.46,1,1,1
520,8,1632.20,379.66,128.81,218.64,1,1,1
520,10,691.61,384.52,121.94,290.32,1,1,1
520,11,347.74,416.77,87.10,215.48,1,1,1
520,17,178.63,427.10,48.09,141.60,1,1,1
520,18,154.61,439.85,34.69,90.04,1,1,1
520,19,267.38,417.11,81.82,221.93,1,1,1
520,25,101.46,410.95,92.70,256.93,1,1,1
520,26,44.53,425.55,83.94,244.53,1,1,1
520,28,174.02,428.08,30.18,82.15,1,1,1
520,30,51.97,427.56,25.98,91.86,1,1,1
520,32,1182.00,327.45,297.00,751.55,1,1,1
520,33,243.83,412.35,113.58,281.48,1,1,1
520,37,1.10,419.23,67.03,186.26,1,1,1
520,41,29.38,431.19,19.33,65.46,1,1,1
520,55,614.57,408.50,26.72,78.14,1,1,1
521,5,210.08,432.56,37.98,105.43,1,1,1
521,7,1523.83,381.93,148.78,546.34,1,1,1
521,8,1651.69,381.36,119.49,217.80,1,1,1
521,10,693.22,385.59,120.34,290.68,1,1,1
521,11,347.52,416.31,90.07,217.02,1,1,1
521,17,179.64,426.70,47.51,140.72,1,1,1
521,18,152.94,441.18,36.90,90.37,1,1,1
521,19,269.41,418.82,81.76,220.59,1,1,1
521,25,94.71,410.59,95.88,261.18,1,1,1
521,26,39.41,427.06,91.18,241.18,1,1,1
521,28,175.41,427.17,27.63,89.46,1,1,1
521,30,51.29,429.27,27.17,82.44,1,1,1
521,32,1186.90,328.95,297.10,750.05,1,1,1
521,33,246.85,413.51,129.73,281.98,1,1,1
521,37,0.68,418.37,66.67,186.39,1,1,1
521,41,29.18,433.07,17.90,57.59,1,1,1
521,55,616.78,405.70,21.48,72.82,1,1,1
522,5,210.08,432.56,35.66,99.22,1,1,1
522,7,1534.80,381.93,148.78,552.44,1,1,1
522,8,1662.02,379.07,110.08,223.26,1,1,1
522,10,692.59,385.19,121.30,288.89,1,1,1
522,11,349.65,416.31,87.94,218.44,1,1,1
522,17,178.67,427.56,52.44,142.22,1,1,1
522,18,151.34,441.18,34.22,87.17,1,1,1
522,19,257.42,421.29,87.74,218.06,1,1,1
522,25,93.62,411.35,96.45,259.57,1,1,1
522,26,36.88,424.11,95.04,245.39,1,1,1
522,28,173.44,427.71,27.02,86.61,1,1,1
522,30,48.04,426.10,29.56,85.68,1,1,1
522,31,81.87,437.82,30.57,74.61,1,1,1
522,32,1199.56,332.11,291.44,746.89,1,1,1
522,33,252.80,415.20,134.40,280.80,1,1,1
522,37,0.00,416.77,65.88,192.81,1,1,1
522,55,612.81,406.96,25.63,79.67,1,1,1
523,5,206.98,431.01,37.21,100.00,1,1,1
523,7,1550.66,383.15,150.00,554.88,1,1,1
523,8,1665.78,380.89,118.06,222.22,1,1,1
523,10,691.67,386.11,121.30,289.81,1,1,1
523,11,346.45,416.13,91.61,216.77,1,1,1
523,17,181.55,428.16,50.97,141.26,1,1,1
523,18,150.59,440.59,38.24,90.00,1,1,1
523,19,256.68,421.39,87.70,219.79,1,1,1
523,25,91.03,411.54,96.15,264.10,1,1,1
523,26,33.97,425.64,90.38,243.59,1,1,1
523,28,176.09,425.98,27.82,84.37,1,1,1
523,30,48.51,428.05,26.21,91.95,1,1,1
523,31,79.53,430.31,31.50,87.01,1,1,1
523,32,1206.98,338.33,295.02,740.67,1,1,1
523,33,250.00,410.42,143.02,290.70,1,1,1
523,37,0.00,419.63,65.19,189.57,1,1,1
523,55,613.46,405.81,24.77,74.01,1,1,1
524,5,211.76,431.55,33.16,99.47,1,1,1
524,7,1560.41,385.59,152.44,559.76,1,1,1
524,8,1675.26,379.38,114.43,223.71,1,1,1
524,10,684.59,389.24,125.61,290.24,1,1,1
524,11,345.39,414.18,92.20,221.28,1,1,1
524,17,175.65,428.41,50.18,140.96,1,1,1
524,18,153.48,441.18,34.22,89.30,1,1,1
524,19,255.29,416.47,104.71,225.29,1,1,1
524,20,114.15,423.90,40.00,106.34,1,1,1
524,25,89.76,415.12,95.12,262.93,1,1,1
524,26,32.20,426.83,91.71,255.12,1,1,1
524,28,177.10,427.73,23.11,81.72,1,1,1
524,30,48.84,427.06,24.09,80.86,1,1,1
524,31,83.46,437.87,26.84,70.96,1,1,1
524,32,1218.31,330.92,295.69,748.08,1,1,1
524,33,253.57,416.96,142.86,285.71,1,1,1
524,37,0.00,422.84,65.43,189.51,1,1,1
524,55,612.75,407.38,21.81,71.14,1,1,1
525,5,206.67,430.00,40.00,104.44,1,1,1
525,7,1576.27,385.59,156.10,568.29,1,1,1
525,8,1690.90,380.71,112.20,224.39,1,1,1
525,10,683.37,391.68,126.83,291.46,1,1,1
525,11,346.10,417.02,93.62,218.44,1,1,1
525,17,179.35,431.58,48.18,139.27,1,1,1
525,18,154.01,441.18,32.62,89.84,1,1,1
525,19,258.29,415.51,75.40,220.32,1,1,1
525,20,110.70,424.06,45.99,106.95,1,1,1
525,25,81.82,417.11,102.67,264.17,1,1,1
525,26,29.41,428.88,93.58,252.41,1,1,1
525,28,178.79,426.17,28.37,87.88,1,1,1
525,30,48.13,428.04,25.70,90.65,1,1,1
525,31,80.37,435.05,28.04,85.05,1,1,1
525,32,1231.69,333.00,292.31,746.00,1,1,1
525,33,258.33,418.24,142.86,289.29,1,1,1
525,37,0.00,421.47,66.67,193.79,1,1,1
525,55,612.92,405.17,23.62,74.54,1,1,1
526,5,204.24,431.36,39.83,102.54,1,1,1
526,7,1587.24,386.80,158.54,571.95,1,1,1
526,8,1698.22,384.37,104.88,223.17,1,1,1
526,10,681.36,391.53,130.51,288.14,1,1,1
526,11,343.87,418.71,99.35,214.84,1,1,1
526,17,177.98,428.44,54.13,142.20,1,1,1
526,18,149.41,440.59,34.71,101.76,1,1,1
526,19,258.71,416.77,86.45,217.42,1,1,1
526,20,112.44,423.56,47.11,118.67,1,1,1
526,25,81.33,421.33,103.11,266.22,1,1,1
526,26,25.78,432.00,88.89,253.33,1,1,1
526,28,181.76,427.25,24.94,83.60,1,1,1
526,30,47.17,427.83,29.72,88.21,1,1,1
526,31,79.72,435.38,24.06,81.13,1,1,1
526,32,1244.56,337.83,293.44,741.17,1,1,1
526,33,258.54,418.70,143.90,288.62,1,1,1
526,37,0.74,419.85,66.18,194.85,1,1,1
526,55,610.58,408.64,21.17,70.75,1,1,1
527,5,202.13,431.21,43.26,103.55,1,1,1
527,7,1603.10,388.02,153.66,573.17,1,1,1
527,8,1701.88,384.37,110.98,220.73,1,1,1
527,10,683.84,393.94,128.28,285.86,1,1,1
527,11,343.97,415.60,99.29,217.73,1,1,1
527,17,178.33,429.10,56.04,143.34,1,1,1
527,18,151.56,439.11,35.11,91.11,1,1,1
527,19,257.65,414.12,82.35,212.94,1,1,1
527,20,112.55,423.08,42.91,106.88,1,1,1
527,25,86.49,424.32,94.14,265.32,1,1,1
527,26,23.42,431.98,89.64,256.76,1,1,1
527,28,180.04,426.75,24.20,79.62,1,1,1
527,30,46.91,426.12,24.72,79.49,1,1,1
527,31,75.00,438.76,27.25,66.85,1,1,1
527,32,1256.04,334.46,291.96,744.54,1,1,1
527,33,268.75,416.96,139.29,289.29,1,1,1
527,37,0.00,422.97,66.22,191.89,1,1,1
527,55,609.31,409.31,26.72,68.83,1,1,1
528,5,206.98,431.78,37.98,103.88,1,1,1
528,7,1612.85,386.80,160.98,581.71,1,1,1
528,8,1709.20,383.15,110.98,224.39,1,1,1
528,10,687.29,392.37,121.19,289.83,1,1,1
528,11,344.68,414.89,100.71,220.57,1,1,1
528,17,178.19,428.86,53.36,143.62,1,1,1
528,18,148.32,440.27,35.23,102.68,1,1,1
528,19,257.06,415.29,78.82,225.88,1,1,1
528,20,111.22,423.41,40.98,119.51,1,1,1
528,25,77.56,422.93,101.95,268.78,1,1,1
528,26,22.93,432.68,87.32,262.93,1,1,1
528,28,180.14,427.25,27.25,77.14,1,1,1
528,30,46.91,425.45,28.36,89.82,1,1,1
528,31,71.64,435.64,28.00,80.00,1,1,1
528,32,1256.00,336.67,297.00,742.33,1,1,1
528,33,272.00,412.67,136.00,294.67,1,1,1
528,37,0.00,423.40,68.79,193.62,1,1,1
528,55,604.06,409.59,29.89,64.21,1,1,1
529,5,205.67,431.91,39.01,101.42,1,1,1
529,7,1629.93,385.59,158.54,587.80,1,1,1
529,8,1721.39,373.39,97.56,226.83,1,1,1
529,10,684.59,392.90,121.95,290.24,1,1,1
529,11,337.96,412.96,105.56,218.52,1,1,1
529,17,174.49,428.34,54.66,143.32,1,1,1
529,18,150.24,439.02,36.59,95.12,1,1,1
529,19,257.06,415.88,90.00,227.06,1,1,1
529,20,114.98,423.48,42.51,110.53,1,1,1
529,25,76.11,423.89,102.02,270.85,1,1,1
529,26,23.08,432.79,87.45,264.37,1,1,1
529,28,179.70,426.65,25.89,83.25,1,1,1
529,30,43.72,425.97,25.11,77.92,1,1,1
529,31,69.70,438.53,26.41,66.23,1,1,1
529,32,1263.00,329.43,283.00,749.57,1,1,1
529,33,285.86,412.29,127.14,298.57,1,1,1
529,37,0.52,423.71,64.43,194.33,1,1,1
529,55,605.26,409.31,28.74,68.02,1,1,1
530,5,210.24,433.17,30.73,99.02,1,1,1
530,7,1645.78,383.15,162.20,595.12,1,1,1
530,8,1723.83,373.39,90.24,236.59,1,1,1
530,10,684.52,394.19,120.65,286.45,1,1,1
530,11,342.58,414.19,103.87,215.48,1,1,1
530,17,172.82,427.52,54.36,141.95,1,1,1
530,18,148.13,439.04,43.32,95.72,1,1,1
530,19,257.65,415.29,81.76,228.24,1,1,1
530,20,112.89,424.00,41.33,111.11,1,1,1
530,25,69.33,421.78,108.44,276.00,1,1,1
530,26,22.67,430.67,85.78,267.11,1,1,1
530,28,180.25,425.21,23.95,82.14,1,1,1
530,30,42.63,425.10,29.08,70.12,1,1,1
530,32,1265.00,322.00,274.00,757.00,1,1,1
530,33,300.00,418.67,110.00,293.33,1,1,1
530,37,0.00,425.14,68.72,192.74,1,1,1
530,55,599.02,408.29,31.71,67.32,1,1,1
531,5,208.51,431.91,34.75,100.71,1,1,1
531,7,1657.98,384.37,165.85,597.56,1,1,1
531,8,1733.59,373.39,89.02,221.95,1,1,1
531,10,682.17,390.70,122.48,288.37,1,1,1
531,11,336.43,413.18,110.85,220.93,1,1,1
531,17,165.95,426.52,63.44,140.86,1,1,1
531,18,147.06,438.50,37.97,93.58,1,1,1
531,19,256.47,415.29,80.00,227.65,1,1,1
531,20,111.07,422.82,40.94,109.06,1,1,1
531,25,65.52,421.84,109.77,277.01,1,1,1
531,26,18.39,430.46,78.16,266.09,1,1,1
531,28,180.49,424.44,25.93,87.16,1,1,1
531,30,46.41,424.89,29.54,89.87,1,1,1
531,32,1267.75,324.00,260.25,755.00,1,1,1
531,33,315.25,409.00,101.25,303.75,1,1,1
531,37,0.66,421.85,74.83,198.01,1,1,1
531,55,597.99,408.72,31.54,67.11,1,1,1
532,5,209.22,431.21,33.33,101.42,1,1,1
532,7,1675.05,385.59,163.41,598.78,1,1,1
532,10,679.84,389.15,122.48,291.47,1,1,1
532,11,336.43,412.40,110.08,231.01,1,1,1
532,17,177.33,424.89,52.44,142.67,1,1,1
532,18,148.18,437.25,31.98,88.66,1,1,1
532,19,253.48,414.97,97.33,228.88,1,1,1
532,20,112.55,421.46,40.08,104.45,1,1,1
532,25,61.29,419.35,115.48,278.71,1,1,1
532,26,13.55,427.10,88.39,270.97,1,1,1
532,28,179.20,424.16,27.22,91.13,1,1,1
532,32,1266.23,323.33,262.77,755.67,1,1,1
532,33,330.89,407.32,112.20,307.32,1,1,1
532,37,0.60,417.37,64.67,200.00,1,1,1
532,55,607.06,405.08,21.47,64.12,1,1,1
533,5,201.29,430.97,38.06,102.58,1,1,1
533,7,1688.46,381.93,168.29,607.32,1,1,1
533,10,677.97,388.14,123.73,289.83,1,1,1
533,11,336.13,411.61,110.32,230.97,1,1,1
533,17,175.12,422.54,50.70,143.19,1,1,1
533,18,144.28,437.27,34.69,96.68,1,1,1
533,19,251.87,414.97,100.53,230.48,1,1,1
533,20,110.12,421.46,38.87,112.55,1,1,1
533,25,56.52,418.01,118.01,279.50,1,1,1
533,26,9.94,423.60,96.89,271.43,1,1,1
533,28,179.13,423.06,24.76,84.95,1,1,1
533,32,1265.39,318.39,271.61,760.61,1,1,1
533,33,336.05,402.28,106.98,315.12,1,1,1
533,37,0.61,419.02,65.64,200.00,1,1,1
533,55,597.46,401.78,29.95,74.87,1,1,1
534,5,202.84,429.08,36.88,98.58,1,1,1
534,7,1707.98,378.27,163.41,614.63,1,1,1
534,10,676.85,385.19,122.22,288.89,1,1,1
534,11,335.48,410.97,107.74,227.74,1,1,1
534,17,167.19,422.66,53.52,144.92,1,1,1
534,18,140.65,437.42,39.35,91.61,1,1,1
534,19,248.94,412.77,104.26,232.62,1,1,1
534,20,109.59,420.66,38.38,108.12,1,1,1
534,25,53.98,415.91,119.89,282.95,1,1,1
534,26,5.11,423.86,91.48,274.43,1,1,1
534,28,175.55,422.98,26.89,89.24,1,1,1
534,32,1259.06,319.41,283.94,759.59,1,1,1
534,33,343.59,405.77,113.46,308.97,1,1,1
534,37,0.72,414.49,66.67,203.62,1,1,1
534,55,601.24,402.48,23.53,73.07,1,1,1
535,5,200.89,428.00,35.56,103.11,1,1,1
535,7,1716.51,370.95,171.95,625.61,1,1,1
535,8,1738.46,373.39,95.12,293.90,1,1,1
535,10,674.07,383.33,123.15,290.74,1,1,1
535,11,330.97,410.97,112.90,224.52,1,1,1
535,17,166.84,422.46,53.48,142.78,1,1,1
535,18,137.59,436.88,32.62,88.65,1,1,1
535,19,247.29,413.18,108.53,227.91,1,1,1
535,20,105.26,419.84,39.68,105.67,1,1,1
535,25,48.84,413.18,118.60,286.82,1,1,1
535,26,0.78,422.48,90.70,274.42,1,1,1
535,28,175.49,421.73,23.68,83.57,1,1,1
535,32,1260.25,312.75,289.75,766.25,1,1,1
535,33,347.92,405.21,117.71,308.33,1,1,1
535,37,1.50,412.00,60.50,221.50,1,1,1
536,5,201.42,426.95,34.04,102.84,1,1,1
536,7,1729.93,370.95,176.83,628.05,1,1,1
536,8,1745.17,370.78,89.13,260.87,1,1,1
536,10,673.61,384.37,124.39,289.02,1,1,1
536,11,329.08,410.64,95.04,225.53,1,1,1
536,17,161.54,422.62,60.63,140.27,1,1,1
536,18,130.59,435.29,39.41,94.12,1,1,1
536,19,248.66,412.83,104.81,229.41,1,1,1
536,20,97.72,418.53,44.16,110.91,1,1,1
536,25,41.92,408.98,126.95,292.22,1,1,1
536,26,0.00,421.51,90.32,274.73,1,1,1
536,28,172.67,421.43,24.84,89.44,1,1,1
536,32,1260.97,315.44,295.03,763.56,1,1,1
536,33,353.33,406.67,117.78,305.93,1,1,1
536,37,0.53,414.44,82.89,218.72,1,1,1
537,5,194.12,427.65,38.24,101.18,1,1,1
537,7,1743.46,374.00,175.54,631.00,1,1,1
537,8,1758.85,372.46,81.54,223.08,1,1,1
537,10,671.17,380.71,124.39,296.34,1,1,1
537,11,329.66,411.02,97.46,222.03,1,1,1
537,17,152.31,423.59,60.00,140.00,1,1,1
537,18,131.76,435.88,35.88,91.76,1,1,1
537,19,245.88,413.53,108.82,230.59,1,1,1
537,20,96.94,418.96,41.28,108.87,1,1,1
537,25,37.84,407.43,127.70,295.27,1,1,1
537,26,0.68,420.95,87.16,279.73,1,1,1
537,28,169.68,421.81,25.27,83.24,1,1,1
537,32,1262.65,319.01,301.35,759.99,1,1,1
537,33,362.64,404.40,123.08,314.29,1,1,1
537,37,0.00,414.51,52.85,203.63,1,1,1
538,5,190.32,425.16,34.19,96.77,1,1,1
538,7,1764.58,370.73,154.42,637.27,1,1,1
538,8,1776.52,369.24,65.67,222.39,1,1,1
538,10,669.49,379.66,120.34,296.61,1,1,1
538,11,327.27,408.56,91.44,224.60,1,1,1
538,17,147.74,420.58,62.96,138.68,1,1,1
538,18,122.58,436.77,38.06,84.52,1,1,1
538,19,242.94,412.35,111.18,231.18,1,1,1
538,20,88.26,417.00,38.06,104.05,1,1,1
538,25,30.17,407.76,134.48,300.00,1,1,1
538,26,0.00,419.83,80.17,286.21,1,1,1
538,32,1264.00,321.17,302.00,757.83,1,1,1
538,33,361.50,410.25,137.50,307.50,1,1,1
538,37,0.00,411.17,44.13,212.29,1,1,1
539,5,185.81,426.45,38.06,101.94,1,1,1
539,7,1770.67,370.33,148.33,642.67,1,1,1
539,8,1780.23,368.56,67.44,217.44,1,1,1
539,10,665.07,378.27,125.61,300.00,1,1,1
539,11,322.48,410.08,97.67,224.81,1,1,1
539,17,151.12,424.25,57.09,138.43,1,1,1
539,18,119.15,434.75,38.30,90.78,1,1,1
539,19,240.64,410.70,111.23,225.67,1,1,1
539,20,88.30,417.55,39.00,108.08,1,1,1
539,25,26.14,410.46,129.41,302.61,1,1,1
539,26,0.00,424.00,70.59,283.84,1,1,1
539,28,165.20,421.62,24.60,80.32,1,1,1
539,32,1262.72,321.58,308.28,757.42,1,1,1
539,33,359.15,408.45,145.07,312.68,1,1,1
539,37,0.00,412.07,40.52,209.48,1,1,1
540,5,184.27,425.84,35.96,106.74,1,1,1
540,7,1782.02,375.96,136.98,646.04,1,1,1
540,8,1780.26,367.19,77.19,233.33,1,1,1
540,10,663.89,381.48,124.07,299.07,1,1,1
540,11,323.40,409.93,90.78,227.66,1,1,1
540,17,152.91,423.79,53.88,143.69,1,1,1
540,18,117.06,436.47,40.00,92.94,1,1,1
540,19,240.11,412.30,112.30,226.74,1,1,1
540,20,83.56,417.79,40.94,111.74,1,1,1
540,25,17.95,411.54,137.82,303.85,1,1,1
540,26,0.00,423.72,71.79,291.67,1,1,1
540,28,162.53,422.53,26.90,92.64,1,1,1
540,30,18.18,423.03,33.33,88.48,1,1,1
540,32,1266.82,326.27,307.18,752.73,1,1,1
540,33,365.32,410.48,143.55,312.90,1,1,1
541,5,178.06,427.10,41.29,102.58,1,1,1
541,7,1795.17,379.48,123.83,642.52,1,1,1
541,8,1790.78,368.39,65.28,230.56,1,1,1
541,10,658.59,383.84,126.26,297.98,1,1,1
541,11,319.35,410.97,97.42,226.45,1,1,1
541,17,146.04,425.18,57.01,144.67,1,1,1
541,18,110.64,434.75,40.43,97.16,1,1,1
541,19,234.76,411.76,111.76,229.95,1,1,1
541,20,80.73,417.74,41.28,114.37,1,1,1
541,25,14.00,414.00,136.00,306.00,1,1,1
541,26,0.67,429.33,62.67,286.00,1,1,1
541,28,158.99,422.30,28.96,92.09,1,1,1
541,30,21.52,425.74,22.78,63.29,1,1,1
541,32,1270.82,331.18,302.18,747.82,1,1,1
541,33,367.75,407.75,147.50,322.50,1,1,1
542,5,176.27,427.12,37.29,104.24,1,1,1
542,7,1808.08,380.15,110.92,649.85,1,1,1
542,8,1791.15,372.46,72.31,235.38,1,1,1
542,10,656.54,384.37,126.83,298.78,1,1,1
542,11,321.19,411.86,102.54,224.58,1,1,1
542,17,143.51,423.01,56.07,147.28,1,1,1
542,18,110.70,436.90,40.64,88.77,1,1,1
542,19,234.76,411.76,105.88,233.69,1,1,1
542,20,75.21,418.66,43.73,106.96,1,1,1
542,25,6.57,418.25,137.96,308.03,1,1,1
542,26,0.73,432.12,56.93,281.02,1,1,1
542,28,154.78,423.04,30.00,91.96,1,1,1
542,30,14.08,426.76,24.65,83.10,1,1,1
542,32,1278.67,337.06,302.33,741.94,1,1,1
542,33,375.00,411.46,140.62,317.71,1,1,1
543,5,172.90,429.03,37.42,103.23,1,1,1
543,7,1821.92,394.00,97.08,635.00,1,1,1
543,8,1792.17,371.17,83.33,233.33,1,1,1
543,10,655.56,387.88,124.24,298.99,1,1,1
543,11,317.73,412.77,102.84,223.40,1,1,1
543,17,133.62,424.45,62.88,146.29,1,1,1
543,18,109.41,436.47,35.29,88.24,1,1,1
543,19,231.18,412.35,107.06,231.18,1,1,1
543,20,70.85,419.19,44.28,105.54,1,1,1
543,25,2.53,418.99,139.87,318.35,1,1,1
543,26,1.27,432.91,58.86,279.75,1,1,1
543,28,158.99,422.10,21.91,83.90,1,1,1
543,30,13.67,428.65,23.03,74.53,1,1,1
543,32,1280.75,340.08,296.25,738.92,1,1,1
543,33,389.62,410.38,136.79,321.70,1,1,1
544,5,168.95,430.89,40.74,108.64,1,1,1
544,7,1834.23,394.00,84.77,638.00,1,1,1
544,8,1798.41,371.49,91.89,236.49,1,1,1
544,10,648.48,389.90,129.29,295.96,1,1,1
544,11,314.84,412.26,101.94,221.94,1,1,1
544,17,132.96,423.60,61.42,147.94,1,1,1
544,18,108.12,436.53,32.84,94.10,1,1,1
544,19,233.16,411.23,103.74,232.09,1,1,1
544,20,71.83,420.30,41.62,110.41,1,1,1
544,25,0.60,418.56,138.92,318.56,1,1,1
544,26,0.00,433.53,52.69,282.04,1,1,1
544,28,156.81,424.68,26.48,87.92,1,1,1
544,30,11.84,429.39,28.51,76.32,1,1,1
544,32,1285.39,330.58,294.61,748.42,1,1,1
544,33,401.89,408.49,132.08,323.58,1,1,1
545,5,167.38,431.91,39.01,104.26,1,1,1
545,7,1851.15,394.00,67.85,641.00,1,1,1
545,8,1800.38,367.85,75.38,241.54,1,1,1
545,10,649.22,390.46,125.61,297.56,1,1,1
545,11,313.55,410.97,99.35,225.16,1,1,1
545,17,127.62,426.36,64.44,146.44,1,1,1
545,18,101.95,437.07,38.05,99.02,1,1,1
545,19,232.62,413.90,101.07,230.48,1,1,1
545,20,66.85,420.61,43.18,115.32,1,1,1
545,25,0.00,421.00,134.93,317.69,1,1,1
545,26,0.00,446.72,64.85,270.80,1,1,1
545,28,155.64,423.88,23.36,86.88,1,1,1
545,30,7.87,429.92,28.08,71.92,1,1,1
545,32,1293.33,332.00,299.67,747.00,1,1,1
545,33,415.38,407.69,125.38,326.15,1,1,1
546,5,170.00,431.76,35.88,103.53,1,1,1
546,7,1872.14,397.10,46.86,607.90,1,1,1
546,8,1803.17,369.52,70.69,239.66,1,1,1
546,10,650.00,389.81,123.15,299.07,1,1,1
546,11,313.48,412.06,98.58,224.11,1,1,1
546,17,129.47,426.32,63.68,143.68,1,1,1
546,18,103.74,437.97,37.97,91.98,1,1,1
546,19,231.02,412.83,101.60,234.22,1,1,1
546,20,70.61,421.90,38.62,107.78,1,1,1
546,25,0.00,419.85,136.06,320.61,1,1,1
546,26,0.00,440.46,48.59,277.10,1,1,1
546,28,151.81,424.28,22.83,94.57,1,1,1
546,30,8.02,427.78,27.78,77.16,1,1,1
546,32,1296.93,330.43,286.07,748.57,1,1,1
546,33,420.87,405.22,129.57,331.30,1,1,1
547,5,165.75,432.72,36.61,105.86,1,1,1
547,7,1885.00,397.08,34.00,574.92,1,1,1
547,8,1811.15,363.23,78.46,244.62,1,1,1
547,10,645.45,389.90,126.26,297.98,1,1,1
547,11,305.88,411.18,105.88,226.47,1,1,1
547,17,131.66,426.63,54.77,144.22,1,1,1
547,18,100.00,439.04,37.97,104.28,1,1,1
547,19,229.68,412.90,101.94,235.48,1,1,1
547,20,66.67,422.02,40.98,121.10,1,1,1
547,25,0.00,414.60,133.11,327.74,1,1,1
547,26,0.00,428.47,44.53,293.43,1,1,1
547,28,147.26,425.06,26.01,88.54,1,1,1
547,30,8.33,428.26,21.01,69.57,1,1,1
547,32,1298.42,327.45,285.58,751.55,1,1,1
547,33,425.52,404.14,133.79,334.48,1,1,1
548,5,167.38,431.91,33.33,104.96,1,1,1
548,8,1816.97,364.34,70.69,243.10,1,1,1
548,10,644.92,389.83,122.88,298.31,1,1,1
548,11,307.10,412.26,102.58,227.10,1,1,1
548,17,128.09,426.59,55.43,146.82,1,1,1
548,18,95.88,440.00,44.12,104.71,1,1,1
548,19,228.81,414.41,101.69,232.20,1,1,1
548,20,62.36,422.88,42.07,121.77,1,1,1
548,25,0.79,414.17,130.71,329.92,1,1,1
548,26,0.79,422.83,38.58,295.28,1,1,1
548,28,148.31,424.29,27.68,100.56,1,1,1
548,30,6.29,429.72,25.87,73.43,1,1,1
548,32,1305.86,315.14,280.14,763.86,1,1,1
548,33,435.64,401.98,131.68,336.63,1,1,1
549,5,163.87,433.55,36.13,101.94,1,1,1
549,8,1820.17,366.07,84.15,239.02,1,1,1
549,10,643.22,387.29,122.88,300.00,1,1,1
549,11,304.52,411.61,101.29,227.10,1,1,1
549,17,122.85,426.97,58.43,146.82,1,1,1
549,18,96.77,440.65,40.65,100.00,1,1,1
549,19,228.68,413.95,100.00,234.88,1,1,1
549,20,61.99,423.99,43.54,116.97,1,1,1
549,25,0.00,414.17,128.35,332.28,1,1,1
549,26,0.79,436.22,37.01,285.04,1,1,1
549,28,148.31,424.58,26.84,101.69,1,1,1
549,30,6.21,431.07,20.06,61.86,1,1,1
549,32,1309.54,308.74,279.46,770.26,1,1,1
549,33,448.00,404.00,128.67,339.33,1,1,1
550,5,156.74,432.62,39.01,104.26,1,1,1
550,8,1830.67,363.58,87.88,245.45,1,1,1
550,10,639.81,386.11,124.07,304.63,1,1,1
550,11,300.93,413.89,102.78,225.00,1,1,1
550,17,120.50,428.45,57.74,146.86,1,1,1
550,18,94.71,440.00,37.65,104.71,1,1,1
550,19,227.65,416.47,96.47,232.35,1,1,1
550,20,59.63,424.46,43.43,120.18,1,1,1
550,25,0.73,412.41,124.82,335.77,1,1,1
550,26,0.00,427.74,32.74,299.27,1,1,1
550,28,142.94,425.94,34.29,94.24,1,1,1
550,30,4.61,428.53,21.33,65.42,1,1,1
550,32,1314.84,308.04,282.16,770.96,1,1,1
550,33,456.63,402.07,144.78,344.78,1,1,1
551,5,156.74,434.75,38.30,103.55,1,1,1
551,8,1830.57,359.43,87.14,245.71,1,1,1
551,10,637.37,385.86,126.26,303.03,1,1,1
551,11,299.35,414.84,102.58,227.74,1,1,1
551,17,117.81,430.36,56.68,145.75,1,1,1
551,18,88.39,441.94,38.06,101.29,1,1,1
551,19,225.29,418.24,99.41,232.35,1,1,1
551,20,59.61,425.07,41.23,118.11,1,1,1
551,25,0.59,409.41,118.24,338.82,1,1,1
551,26,0.00,437.65,21.76,297.06,1,1,1
551,28,142.64,427.41,32.23,91.62,1,1,1
551,30,5.84,433.50,20.81,64.21,1,1,1
551,32,1319.00,308.00,285.00,771.00,1,1,1
551,33,465.33,403.33,160.00,340.00,1,1,1
552,5,155.32,434.75,39.01,105.67,1,1,1
552,8,1838.46,362.41,80.54,242.59,1,1,1
552,10,639.46,386.80,124.39,301.22,1,1,1
552,11,298.24,416.47,102.94,227.65,1,1,1
552,17,121.05,432.24,53.29,144.08,1,1,1
552,18,92.35,444.71,37.06,98.82,1,1,1
552,19,225.81,420.00,96.77,231.61,1,1,1
552,20,56.38,427.18,44.30,116.44,1,1,1
552,25,1.11,410.00,116.67,348.89,1,1,1
552,28,147.96,428.16,26.99,94.37,1,1,1
552,32,1324.12,304.04,289.88,774.96,1,1,1
552,33,468.87,406.60,177.36,342.45,1,1,1
553,5,150.35,436.17,43.97,104.96,1,1,1
553,8,1845.78,362.41,73.22,240.59,1,1,1
553,10,637.29,386.44,122.88,300.00,1,1,1
553,11,294.84,418.71,104.52,225.81,1,1,1
553,17,118.18,434.55,53.33,141.21,1,1,1
553,18,89.27,447.32,37.56,95.12,1,1,1
553,19,225.81,421.29,95.48,234.19,1,1,1
553,20,56.88,429.05,41.28,113.46,1,1,1
553,25,0.00,413.73,108.61,354.90,1,1,1
553,28,147.26,431.70,28.24,93.08,1,1,1
553,32,1306.12,307.65,315.88,771.35,1,1,1
553,33,470.30,407.92,187.13,342.57,1,1,1
554,5,151.77,436.88,41.13,107.09,1,1,1
554,8,1850.66,361.20,68.29,237.80,1,1,1
554,10,634.75,386.44,126.27,297.46,1,1,1
554,11,288.24,420.00,110.00,225.29,1,1,1
554,17,112.97,435.14,55.14,145.95,1,1,1
554,18,86.63,446.52,36.90,98.93,1,1,1
554,19,223.53,421.18,96.47,235.88,1,1,1
554,20,53.02,429.53,42.62,116.11,1,1,1
554,25,0.71,414.29,106.43,353.57,1,1,1
554,28,145.01,431.20,26.34,98.98,1,1,1
554,32,1290.84,309.70,336.16,769.30,1,1,1
554,33,471.17,409.01,196.40,344.14,1,1,1
555,5,150.39,439.53,39.53,106.98,1,1,1
555,8,1858.85,360.15,60.15,241.85,1,1,1
555,10,635.59,387.29,127.12,301.69,1,1,1
555,11,292.37,422.88,105.93,222.88,1,1,1
555,17,108.79,436.81,59.34,144.51,1,1,1
555,18,83.42,449.73,42.78,98.40,1,1,1
555,19,223.23,422.58,94.19,237.42,1,1,1
555,20,52.35,430.87,41.61,117.11,1,1,1
555,25,0.00,416.43,104.29,355.71,1,1,1
555,28,140.81,433.64,31.78,98.75,1,1,1
555,31,22.71,442.36,30.57,84.28,1,1,1
555,32,1279.33,318.56,347.67,760.44,1,1,1
555,33,473.33,410.00,200.83,346.67,1,1,1
556,5,151.18,440.59,35.88,106.47,1,1,1
556,8,1865.00,364.77,54.00,237.23,1,1,1
556,10,636.11,387.96,126.85,301.85,1,1,1
556,11,288.89,423.15,110.19,226.85,1,1,1
556,17,108.24,440.11,57.69,145.60,1,1,1
556,18,80.75,450.80,41.71,98.93,1,1,1
556,19,223.87,424.52,92.26,234.19,1,1,1
556,20,48.32,432.89,42.62,116.44,1,1,1
556,25,0.00,419.05,102.38,361.11,1,1,1
556,28,143.04,435.31,29.38,96.65,1,1,1
556,31,20.59,444.61,29.41,73.04,1,1,1
556,32,1275.47,322.59,359.53,756.41,1,1,1
556,33,481.90,411.21,200.00,350.00,1,1,1
557,5,148.06,443.41,40.31,106.98,1,1,1
557,8,1871.77,365.69,47.23,238.31,1,1,1
557,10,636.36,390.91,124.24,304.04,1,1,1
557,11,292.93,426.26,104.04,226.26,1,1,1
557,17,114.15,442.44,49.76,145.37,1,1,1
557,18,81.29,452.26,43.87,100.65,1,1,1
557,19,224.71,426.47,94.12,235.88,1,1,1
557,20,49.24,434.25,40.67,118.96,1,1,1
557,25,0.81,428.46,98.37,359.35,1,1,1
557,28,146.19,437.18,29.79,93.07,1,1,1
557,31,26.75,450.88,23.25,69.74,1,1,1
557,32,1283.77,327.35,360.23,751.65,1,1,1
557,33,496.64,413.45,188.24,348.74,1,1,1
558,5,146.51,444.96,40.31,105.43,1,1,1
558,8,1880.76,366.07,38.24,242.93,1,1,1
558,10,634.59,392.90,130.49,307.32,1,1,1
558,11,292.25,428.68,105.43,228.68,1,1,1
558,17,111.51,443.88,54.68,145.32,1,1,1
558,18,81.76,454.12,45.29,105.29,1,1,1
558,19,227.13,428.68,89.15,231.01,1,1,1
558,20,49.39,436.44,42.51,122.67,1,1,1
558,25,0.86,433.62,100.86,365.52,1,1,1
558,28,144.07,440.11,26.84,89.27,1,1,1
558,31,27.27,454.98,23.81,77.49,1,1,1
558,32,1297.48,339.25,359.52,739.75,1,1,1
558,33,515.74,417.59,173.15,350.00,1,1,1
559,5,150.39,449.61,36.43,103.88,1,1,1
559,8,1888.08,374.00,30.92,236.00,1,1,1
559,10,636.11,395.37,127.78,303.70,1,1,1
559,11,290.74,428.70,109.26,227.78,1,1,1
559,17,108.63,444.60,55.40,147.48,1,1,1
559,18,82.94,454.71,45.29,102.94,1,1,1
559,19,227.66,428.37,87.94,234.04,1,1,1
559,20,49.76,436.59,42.93,120.98,1,1,1
559,25,1.16,433.67,100.00,373.26,1,1,1
559,28,144.94,441.20,29.21,98.13,1,1,1
559,31,19.23,453.21,33.97,85.90,1,1,1
559,32,1310.00,340.33,352.00,738.67,1,1,1
559,33,534.52,415.86,158.33,346.43,1,1,1
560,5,147.47,448.48,41.41,107.07,1,1,1
560,8,1894.00,378.00,25.00,238.00,1,1,1
560,10,627.27,399.00,137.80,304.88,1,1,1
560,11,288.89,427.78,112.96,229.63,1,1,1
560,17,107.35,445.71,56.33,147.35,1,1,1
560,18,84.49,456.15,46.52,103.74,1,1,1
560,19,228.68,429.46,86.82,237.98,1,1,1
560,20,49.33,437.92,43.62,122.15,1,1,1
560,25,0.00,447.86,102.14,364.29,1,1,1
560,28,147.31,440.92,26.09,95.91,1,1,1
560,31,23.37,455.98,28.80,79.89,1,1,1
560,32,1327.32,341.87,340.68,737.13,1,1,1
560,33,556.90,417.24,138.79,348.28,1,1,1
561,5,149.61,448.84,38.76,105.43,1,1,1
561,8,1906.54,409.38,12.46,204.62,1,1,1
561,10,613.85,399.00,151.22,307.32,1,1,1
561,11,290.68,427.97,109.32,230.51,1,1,1
561,17,107.46,445.77,56.72,147.76,1,1,1
561,18,82.94,458.24,46.47,100.00,1,1,1
561,19,228.82,430.59,88.24,240.00,1,1,1
561,20,48.99,439.27,44.53,119.03,1,1,1
561,25,0.86,448.28,98.28,367.24,1,1,1
561,28,146.07,441.57,28.46,100.37,1,1,1
561,31,26.22,456.93,31.46,84.27,1,1,1
561,32,1370.44,338.56,317.56,740.44,1,1,1
561,33,580.16,411.11,138.10,358.73,1,1,1
562,5,153.19,453.90,34.04,100.71,1,1,1
562,10,627.27,400.22,137.80,306.10,1,1,1
562,11,283.33,429.63,119.44,228.70,1,1,1
562,17,106.04,445.05,58.79,147.25,1,1,1
562,18,83.53,456.47,47.65,102.35,1,1,1
562,19,224.12,430.00,92.35,238.82,1,1,1
562,20,50.25,441.29,42.29,117.41,1,1,1
562,25,0.00,445.71,94.29,370.48,1,1,1
562,28,145.33,441.36,28.90,97.73,1,1,1
562,30,0.85,450.42,21.53,77.90,1,1,1
562,31,26.91,456.94,27.76,75.07,1,1,1
562,32,1366.83,333.56,323.17,745.44,1,1,1
562,33,595.65,406.52,134.78,367.39,1,1,1
563,5,149.15,450.85,38.98,105.08,1,1,1
563,10,633.37,403.88,134.15,301.22,1,1,1
563,11,289.74,428.21,111.97,231.62,1,1,1
563,17,101.01,445.23,64.32,145.73,1,1,1
563,18,84.12,457.65,40.00,102.35,1,1,1
563,19,222.46,429.95,95.19,240.64,1,1,1
563,20,50.55,440.59,44.65,119.56,1,1,1
563,25,0.00,445.61,85.96,374.56,1,1,1
563,28,144.96,442.36,30.84,96.54,1,1,1
563,30,0.00,446.40,24.21,100.00,1,1,1
563,31,29.11,456.77,29.68,90.49,1,1,1
563,32,1370.22,329.04,323.78,749.96,1,1,1
563,33,612.00,414.00,129.33,365.33,1,1,1
564,5,154.76,450.79,34.60,103.11,1,1,1
564,10,635.80,401.44,130.49,301.22,1,1,1
564,11,289.81,427.78,115.74,232.41,1,1,1
564,17,97.78,444.89,68.44,146.67,1,1,1
564,18,85.03,456.68,39.04,102.67,1,1,1
564,19,225.29,430.59,94.12,238.24,1,1,1
564,20,51.42,441.30,43.72,117.41,1,1,1
564,25,0.78,458.91,82.95,362.79,1,1,1
564,28,147.11,442.03,28.64,95.38,1,1,1
564,30,0.00,443.24,22.07,99.55,1,1,1
564,31,28.35,456.30,30.71,93.70,1,1,1
564,32,1373.73,321.49,341.27,757.51,1,1,1
564,33,635.89,407.97,120.27,367.57,1,1,1
565,5,150.35,451.06,37.59,101.42,1,1,1
565,10,635.19,404.63,129.63,289.81,1,1,1
565,11,289.03,426.45,116.13,230.97,1,1,1
565,17,94.48,445.30,73.48,148.07,1,1,1
565,18,82.44,457.56,45.37,101.46,1,1,1
565,19,224.82,429.79,95.04,238.30,1,1,1
565,20,50.18,441.70,42.80,119.56,1,1,1
565,25,0.79,448.82,82.68,371.65,1,1,1
565,28,149.28,441.79,28.82,99.71,1,1,1
565,30,0.29,444.67,19.88,94.81,1,1,1
565,31,27.09,455.62,27.67,84.73,1,1,1
565,32,1380.12,320.50,320.88,758.50,1,1,1
565,33,637.25,408.82,139.22,362.75,1,1,1
566,5,145.74,450.39,41.09,102.33,1,1,1
566,10,633.05,403.39,127.97,297.46,1,1,1
566,11,289.68,425.16,115.48,234.19,1,1,1
566,17,100.00,442.86,62.09,147.80,1,1,1
566,18,85.56,457.22,43.32,101.60,1,1,1
566,19,221.94,429.03,98.71,240.00,1,1,1
566,20,47.56,440.89,42.22,121.33,1,1,1
566,25,0.00,446.67,79.05,379.05,1,1,1
566,28,149.01,441.08,33.43,100.28,1,1,1
566,30,0.00,443.06,18.98,85.84,1,1,1
566,31,28.33,455.81,24.65,73.09,1,1,1
566,32,1387.29,310.86,287.71,768.14,1,1,1
566,33,658.71,403.71,142.86,368.57,1,1,1
567,5,144.19,448.84,40.31,100.78,1,1,1
567,10,631.36,403.39,116.95,300.85,1,1,1
567,11,288.98,425.42,111.86,233.05,1,1,1
567,17,97.84,443.24,61.62,147.03,1,1,1
567,18,81.28,458.29,45.45,99.47,1,1,1
567,19,221.71,429.46,97.67,241.86,1,1,1
567,20,46.22,442.22,45.33,120.44,1,1,1
567,25,0.85,464.10,76.07,352.14,1,1,1
567,28,144.98,441.64,33.46,100.37,1,1,1
567,30,0.00,444.24,14.87,77.70,1,1,1
567,31,24.54,452.42,27.88,69.89,1,1,1
567,32,1389.50,300.19,267.50,778.81,1,1,1
567,33,661.39,404.95,173.27,368.32,1,1,1
568,5,142.22,448.89,38.22,100.44,1,1,1
568,10,627.27,398.99,118.18,306.06,1,1,1
568,11,287.94,424.82,110.64,233.33,1,1,1
568,17,92.05,443.71,64.24,148.34,1,1,1
568,18,80.00,458.82,41.76,101.18,1,1,1
568,19,217.65,429.41,99.41,239.41,1,1,1
568,20,44.00,440.44,44.44,120.89,1,1,1
568,25,0.00,468.57,70.48,358.10,1,1,1
568,28,145.55,440.75,28.77,100.00,1,1,1
568,30,0.34,446.58,16.44,83.22,1,1,1
568,31,21.58,454.45,27.74,75.68,1,1,1
568,32,1384.83,303.11,274.17,775.89,1,1,1
568,33,666.28,405.77,184.88,365.12,1,1,1
569,5,136.67,450.00,41.11,98.89,1,1,1
569,10,622.39,401.44,124.39,302.44,1,1,1
569,11,284.50,426.36,110.85,231.01,1,1,1
569,17,86.40,443.20,65.60,143.20,1,1,1
569,18,80.75,457.75,37.43,101.07,1,1,1
569,19,210.97,429.03,104.52,240.65,1,1,1
569,20,40.65,439.35,41.29,121.29,1,1,1
569,25,0.00,458.40,68.80,380.00,1,1,1
569,28,141.00,441.00,33.05,101.67,1,1,1
569,30,0.00,448.12,16.74,85.77,1,1,1
569,31,19.67,450.63,26.78,83.26,1,1,1
569,32,1377.00,308.00,281.00,771.00,1,1,1
569,33,671.20,407.20,193.60,370.40,1,1,1
570,5,132.20,449.15,33.90,98.31,1,1,1
570,10,617.51,400.22,118.29,297.56,1,1,1
570,11,276.85,428.70,119.44,232.41,1,1,1
570,17,75.40,444.44,64.29,135.71,1,1,1
570,19,208.47,430.51,107.63,238.14,1,1,1
570,25,0.43,461.39,60.66,380.33,1,1,1
570,28,135.95,440.50,33.06,93.39,1,1,1
570,31,9.92,456.20,25.21,76.86,1,1,1
570,32,1373.72,314.22,285.28,764.78,1,1,1
570,33,670.94,407.28,204.17,370.83,1,1,1
571,5,121.28,450.35,36.17,96.45,1,1,1
571,10,616.29,402.66,118.29,298.78,1,1,1
571,11,267.68,430.30,123.23,236.36,1,1,1
571,17,71.78,446.01,60.74,136.20,1,1,1
571,19,200.78,433.33,112.40,238.76,1,1,1
571,20,20.16,440.31,50.39,124.81,1,1,1
571,25,1.88,465.09,53.03,389.39,1,1,1
571,28,128.53,439.74,32.05,98.72,1,1,1
571,31,3.42,450.68,26.03,103.42,1,1,1
571,32,1361.67,318.67,301.33,760.33,1,1,1
571,33,678.33,410.33,200.00,373.33,1,1,1
572,5,117.73,449.65,37.59,102.84,1,1,1
572,10,605.32,400.22,136.59,304.88,1,1,1
572,11,257.76,428.27,125.61,240.24,1,1,1
572,17,63.31,446.04,70.50,148.20,1,1,1
572,18,62.22,458.22,35.56,99.11,1,1,1
572,19,192.37,433.05,111.86,239.83,1,1,1
572,20,18.64,440.68,51.69,125.42,1,1,1
572,25,0.76,468.78,37.84,360.81,1,1,1
572,28,124.23,442.66,31.06,104.78,1,1,1
572,31,0.65,458.82,31.37,105.88,1,1,1
572,32,1354.00,322.75,308.00,756.25,1,1,1
572,33,691.50,409.00,186.25,380.00,1,1,1
573,5,108.47,452.54,43.22,97.46,1,1,1
573,10,599.22,401.44,137.80,308.54,1,1,1
573,11,249.22,431.93,128.05,239.02,1,1,1
573,17,55.21,446.63,71.17,149.69,1,1,1
573,18,50.85,458.47,33.90,96.61,1,1,1
573,19,189.68,433.55,107.74,241.94,1,1,1
573,20,12.26,443.23,43.87,123.87,1,1,1
573,25,0.00,492.00,37.67,334.72,1,1,1
573,28,117.67,444.65,31.16,100.93,1,1,1
573,31,0.47,460.00,24.65,90.23,1,1,1
573,32,1345.94,328.11,314.06,750.89,1,1,1
573,33,705.36,409.82,176.79,379.46,1,1,1
574,5,101.76,451.76,41.18,104.71,1,1,1
574,10,591.90,402.66,140.24,310.98,1,1,1
574,11,248.00,435.59,130.49,232.93,1,1,1
574,17,49.19,448.39,54.84,140.32,1,1,1
574,18,54.24,460.17,40.68,103.39,1,1,1
574,19,181.40,435.66,116.28,240.31,1,1,1
574,20,6.98,443.41,53.49,124.81,1,1,1
574,25,1.88,477.21,33.33,300.00,1,1,1
574,28,109.20,441.72,36.20,109.20,1,1,1
574,31,0.00,445.37,25.00,114.81,1,1,1
574,32,1343.00,338.00,314.00,741.00,1,1,1
574,33,727.00,410.00,164.00,384.00,1,1,1
575,5,101.42,456.74,38.30,98.58,1,1,1
575,10,589.15,402.33,138.76,313.18,1,1,1
575,11,248.06,436.43,116.28,236.43,1,1,1
575,14,666.80,424.29,35.63,103.64,1,1,1
575,17,43.69,448.54,57.28,143.69,1,1,1
575,18,49.15,458.47,32.20,105.08,1,1,1
575,19,180.85,436.17,105.67,240.43,1,1,1
575,20,4.26,443.26,48.94,126.95,1,1,1
575,25,0.11,483.67,26.39,269.44,1,1,1
575,28,107.35,444.85,33.82,109.56,1,1,1
575,31,0.00,450.74,17.65,105.15,1,1,1
575,32,1337.73,342.92,315.27,736.08,1,1,1
575,33,746.18,410.52,149.30,387.32,1,1,1
576,5,97.67,453.49,39.53,106.98,1,1,1
576,10,585.59,401.69,137.29,309.32,1,1,1
576,11,253.39,429.66,105.93,239.83,1,1,1
576,14,662.40,426.18,27.58,93.87,1,1,1
576,17,46.94,446.94,61.73,150.51,1,1,1
576,18,40.68,460.17,41.53,112.71,1,1,1
576,19,179.43,434.04,104.96,239.01,1,1,1
576,20,0.71,442.55,50.35,128.37,1,1,1
576,25,0.11,478.11,15.28,276.39,1,1,1
576,28,108.49,444.79,26.64,100.39,1,1,1
576,32,1340.55,344.32,317.45,734.68,1,1,1
576,33,757.45,406.30,150.70,391.55,1,1,1
577,5,91.49,452.48,43.26,106.38,1,1,1
577,10,582.41,401.85,137.96,311.11,1,1,1
577,11,245.37,429.63,109.26,239.81,1,1,1
577,14,660.86,429.36,28.44,91.13,1,1,1
577,17,35.57,443.62,70.47,152.35,1,1,1
577,18,37.06,458.24,44.12,111.18,1,1,1
577,19,173.05,431.21,108.51,244.68,1,1,1
577,20,0.00,440.43,48.94,126.95,1,1,1
577,28,95.92,441.84,31.63,104.59,1,1,1
577,32,1345.75,342.38,310.25,736.62,1,1,1
577,33,767.62,404.88,151.56,393.75,1,1,1
578,5,85.59,455.08,44.92,102.54,1,1,1
578,10,578.70,402.78,137.04,308.33,1,1,1
578,11,242.59,428.70,107.41,237.96,1,1,1
578,14,657.93,428.41,28.04,92.62,1,1,1
578,17,27.54,444.93,70.29,149.28,1,1,1
578,18,38.98,459.32,41.53,103.39,1,1,1
578,19,167.10,429.68,109.03,243.23,1,1,1
578,20,0.00,439.89,41.53,127.87,1,1,1
578,28,95.87,440.91,35.95,104.55,1,1,1
578,32,1351.50,339.22,300.50,739.78,1,1,1
578,33,779.28,401.72,151.39,397.22,1,1,1
579,5,86.47,451.76,41.18,101.76,1,1,1
579,10,576.05,400.22,135.37,312.20,1,1,1
579,11,236.11,429.63,113.89,237.04,1,1,1
579,14,654.71,427.06,32.35,96.47,1,1,1
579,17,29.73,445.95,63.96,146.85,1,1,1
579,18,35.19,455.56,44.44,108.33,1,1,1
579,19,167.80,428.81,105.08,245.76,1,1,1
579,20,0.85,438.98,34.75,120.34,1,1,1
579,28,94.37,441.78,31.92,101.88,1,1,1
579,32,1357.10,333.14,294.90,745.86,1,1,1
579,33,794.38,402.25,148.31,395.51,1,1,1
580,5,83.69,451.06,41.13,105.67,1,1,1
580,10,573.15,400.00,139.81,312.04,1,1,1
580,11,231.01,425.58,112.40,237.21,1,1,1
580,14,650.55,424.35,31.73,90.04,1,1,1
580,17,32.47,442.27,58.25,151.55,1,1,1
580,18,27.97,455.08,50.00,108.47,1,1,1
580,19,165.25,427.12,105.08,244.07,1,1,1
580,20,0.59,439.41,35.88,127.06,1,1,1
580,24,812.94,421.18,31.76,91.76,1,1,1
580,28,94.02,439.74,34.19,101.28,1,1,1
580,32,1365.25,327.75,290.00,750.00,1,1,1
580,33,805.25,399.00,155.00,397.50,1,1,1
581,5,77.65,447.65,44.71,104.12,1,1,1
581,10,574.58,398.31,138.14,311.86,1,1,1
581,11,239.83,422.03,102.54,241.53,1,1,1
581,14,648.99,425.10,23.48,86.23,1,1,1
581,17,29.87,441.95,63.76,138.93,1,1,1
581,18,30.00,452.35,52.94,109.41,1,1,1
581,19,164.54,425.53,105.67,244.68,1,1,1
581,20,0.49,437.56,35.12,128.78,1,1,1
581,24,810.73,419.02,31.22,95.61,1,1,1
581,28,96.98,438.59,27.85,102.01,1,1,1
581,32,1369.95,319.78,296.05,759.22,1,1,1
581,33,820.57,396.32,176.54,402.47,1,1,1
582,5,72.09,444.19,44.96,107.75,1,1,1
582,10,570.59,399.47,137.97,308.02,1,1,1
582,11,232.99,419.59,106.19,239.18,1,1,1
582,14,652.81,423.22,24.34,89.14,1,1,1
582,17,30.24,440.49,61.46,139.51,1,1,1
582,18,24.00,453.33,49.33,108.00,1,1,1
582,19,161.70,423.40,106.38,243.97,1,1,1
582,20,0.49,437.07,35.12,127.80,1,1,1
582,24,813.66,417.56,29.76,95.12,1,1,1
582,28,96.31,436.91,28.52,104.03,1,1,1
582,32,1378.51,311.05,283.49,767.95,1,1,1
582,33,833.33,393.33,191.11,402.22,1,1,1
583,5,72.09,445.74,47.29,106.20,1,1,1
583,10,574.19,396.77,131.61,309.03,1,1,1
583,11,232.90,418.71,107.10,241.29,1,1,1
583,14,652.83,423.58,27.36,89.62,1,1,1
583,17,22.93,440.98,62.93,151.22,1,1,1
583,18,27.10,451.61,45.81,107.10,1,1,1
583,19,160.28,424.11,106.38,243.26,1,1,1
583,20,0.49,437.56,34.15,125.37,1,1,1
583,24,812.68,416.59,36.59,96.10,1,1,1
583,28,91.61,435.57,30.87,102.68,1,1,1
583,32,1383.44,307.28,281.56,771.72,1,1,1
583,33,834.83,396.17,205.56,401.39,1,1,1
584,5,75.89,443.26,36.17,105.67,1,1,1
584,10,569.91,394.69,133.63,312.39,1,1,1
584,11,224.11,419.15,112.77,238.30,1,1,1
584,14,648.89,421.78,24.00,90.67,1,1,1
584,17,23.53,438.50,65.78,142.78,1,1,1
584,18,33.16,451.34,40.11,108.56,1,1,1
584,19,163.57,422.48,100.78,244.96,1,1,1
584,20,0.53,434.76,37.43,125.67,1,1,1
584,24,809.63,416.58,31.55,95.72,1,1,1
584,28,96.33,435.17,25.69,102.14,1,1,1
584,32,1391.78,301.72,278.22,777.28,1,1,1
584,33,841.78,392.00,201.39,408.33,1,1,1
585,5,71.32,442.64,39.53,109.30,1,1,1
585,10,570.00,392.22,133.33,316.67,1,1,1
585,11,232.62,418.44,101.42,239.01,1,1,1
585,14,647.77,421.46,22.67,87.85,1,1,1
585,17,12.83,438.50,80.21,146.52,1,1,1
585,18,34.22,452.94,32.62,100.00,1,1,1
585,19,161.24,421.71,103.10,244.96,1,1,1
585,20,0.00,433.16,35.29,127.81,1,1,1
585,24,809.09,413.90,33.69,96.79,1,1,1
585,28,95.82,433.98,28.97,102.79,1,1,1
585,32,1397.33,294.78,284.67,784.22,1,1,1
585,33,844.56,389.22,215.28,405.56,1,1,1
586,5,69.15,442.29,41.29,106.47,1,1,1
586,10,568.22,393.02,132.56,313.18,1,1,1
586,11,231.36,417.80,105.08,238.98,1,1,1
586,14,646.34,420.49,26.34,87.32,1,1,1
586,17,14.17,438.46,72.87,150.20,1,1,1
586,18,34.76,450.27,35.29,104.81,1,1,1
586,19,160.00,421.18,102.35,245.88,1,1,1
586,20,0.00,432.00,36.03,129.13,1,1,1
586,24,808.91,413.77,35.63,96.36,1,1,1
586,28,95.22,432.42,29.69,104.44,1,1,1
586,32,1398.72,294.78,290.28,784.22,1,1,1
586,33,855.67,387.83,219.44,409.72,1,1,1
587,5,71.63,441.84,38.30,107.09,1,1,1
587,10,569.77,389.92,131.78,315.50,1,1,1
587,11,225.00,419.44,112.04,237.04,1,1,1
587,14,648.00,419.11,20.00,89.78,1,1,1
587,17,11.76,435.88,74.12,153.53,1,1,1
587,18,32.15,447.78,42.68,108.54,1,1,1
587,19,160.00,421.18,101.18,244.71,1,1,1
587,20,0.59,432.35,36.47,129.41,1,1,1
587,24,811.18,410.59,34.12,97.06,1,1,1
587,28,95.41,431.19,32.11,105.81,1,1,1
587,32,1397.11,296.33,297.89,782.67,1,1,1
587,33,873.03,387.64,205.62,411.24,1,1,1
588,5,71.11,440.89,39.11,105.33,1,1,1
588,10,568.99,387.60,133.33,320.93,1,1,1
588,11,227.97,417.80,105.93,239.83,1,1,1
588,14,645.37,418.05,22.44,95.61,1,1,1
588,17,12.30,434.76,76.47,150.80,1,1,1
588,18,35.80,449.00,40.24,108.54,1,1,1
588,19,158.82,421.39,102.67,243.85,1,1,1
588,20,0.00,429.95,41.18,129.95,1,1,1
588,24,803.21,411.76,43.32,94.65,1,1,1
588,28,100.28,430.64,28.13,105.29,1,1,1
588,32,1401.32,298.77,299.68,780.23,1,1,1
588,33,896.05,384.74,191.23,421.05,1,1,1
589,5,70.17,440.46,41.01,103.07,1,1,1
589,10,570.00,384.44,133.33,312.22,1,1,1
589,11,226.24,418.44,107.80,237.59,1,1,1
589,14,650.24,415.12,18.54,89.27,1,1,1
589,17,15.12,432.20,70.73,153.66,1,1,1
589,18,35.80,446.56,46.34,106.10,1,1,1
589,19,158.06,420.00,103.87,245.16,1,1,1
589,20,0.00,427.80,39.02,130.73,1,1,1
589,24,811.71,409.76,33.66,94.63,1,1,1
589,28,100.28,428.97,28.97,104.18,1,1,1
589,32,1402.00,298.62,305.00,780.38,1,1,1
589,33,919.19,379.88,179.69,417.19,1,1,1
590,5,77.49,438.02,33.21,110.10,1,1,1
590,10,572.03,389.83,132.20,308.47,1,1,1
590,11,217.80,416.95,122.03,237.29,1,1,1
590,14,650.59,413.53,22.94,101.18,1,1,1
590,17,16.89,431.11,71.11,152.44,1,1,1
590,18,39.83,444.92,40.68,105.93,1,1,1
590,19,159.35,418.71,105.81,247.10,1,1,1
590,20,0.44,426.22,39.11,133.78,1,1,1
590,24,804.52,409.68,45.16,96.77,1,1,1
590,28,102.75,428.75,29.66,104.89,1,1,1
590,32,1325.88,300.53,391.12,778.47,1,1,1
590,33,953.95,377.72,163.16,417.54,1,1,1
591,5,75.42,438.14,37.95,107.32,1,1,1
591,10,572.09,382.17,135.66,313.95,1,1,1
591,11,218.64,414.41,119.49,240.68,1,1,1
591,14,653.44,410.93,21.46,93.52,1,1,1
591,17,18.18,429.41,72.19,154.01,1,1,1
591,18,37.02,439.24,39.02,112.20,1,1,1
591,19,162.94,419.41,100.00,243.53,1,1,1
591,20,1.07,425.13,40.11,129.41,1,1,1
591,24,815.29,407.06,33.53,97.65,1,1,1
591,28,106.13,426.46,28.13,104.74,1,1,1
591,32,1321.80,299.80,410.20,779.20,1,1,1
591,33,984.27,377.53,156.18,417.98,1,1,1
592,5,77.01,433.69,37.39,106.53,1,1,1
592,10,572.88,376.27,134.75,316.10,1,1,1
592,11,215.74,411.11,125.93,241.67,1,1,1
592,14,654.15,409.27,22.44,90.24,1,1,1
592,17,20.00,426.83,73.66,151.22,1,1,1
592,18,36.44,438.14,39.83,108.47,1,1,1
592,19,162.02,414.73,103.88,246.51,1,1,1
592,20,0.00,421.46,45.37,133.66,1,1,1
592,24,809.76,404.39,55.61,97.07,1,1,1
592,28,108.86,423.62,30.26,105.17,1,1,1
592,32,1397.11,308.67,348.89,770.33,1,1,1
592,33,998.35,372.86,160.49,430.86,1,1,1
593,5,80.00,430.32,35.79,107.73,1,1,1
593,10,575.19,376.74,135.66,320.93,1,1,1
593,11,217.80,411.02,130.51,241.53,1,1,1
593,14,651.68,406.73,24.46,92.35,1,1,1
593,17,22.51,423.25,70.85,153.14,1,1,1
593,18,36.44,436.44,50.85,113.56,1,1,1
593,19,160.59,412.94,101.76,245.88,1,1,1
593,20,0.37,418.82,46.49,133.58,1,1,1
593,24,816.97,402.21,44.28,95.57,1,1,1
593,28,108.49,420.66,31.37,104.80,1,1,1
593,32,1396.05,305.79,354.95,773.21,1,1,1
593,33,1017.58,365.93,162.64,432.97,1,1,1
594,5,77.52,430.23,39.53,101.55,1,1,1
594,10,577.12,373.73,136.44,317.80,1,1,1
594,11,225.25,407.07,123.23,239.39,1,1,1
594,14,656.71,404.36,21.81,81.88,1,1,1
594,17,18.82,420.00,76.47,154.71,1,1,1
594,18,39.72,434.04,48.23,109.22,1,1,1
594,19,161.76,410.00,101.76,248.24,1,1,1
594,20,0.59,415.88,48.24,133.53,1,1,1
594,24,818.24,400.59,51.18,98.24,1,1,1
594,28,112.55,418.08,31.37,106.27,1,1,1
594,32,1399.58,304.96,357.42,774.04,1,1,1
594,33,1036.62,361.75,165.43,434.57,1,1,1
595,5,75.19,425.58,41.09,103.10,1,1,1
595,10,579.07,373.64,135.66,316.28,1,1,1
595,11,233.05,404.24,115.25,239.83,1,1,1
595,14,658.43,402.54,21.25,88.22,1,1,1
595,17,30.60,419.13,65.57,154.10,1,1,1
595,18,45.81,434.84,49.68,111.61,1,1,1
595,19,158.62,406.90,101.72,247.41,1,1,1
595,20,0.00,413.66,53.55,134.97,1,1,1
595,24,822.95,397.81,47.54,95.63,1,1,1
595,28,115.36,416.10,30.71,106.37,1,1,1
595,31,0.75,434.08,6.74,85.39,1,1,1
595,32,1401.50,304.50,360.50,774.50,1,1,1
595,33,1057.06,362.83,155.56,430.56,1,1,1
596,5,71.39,424.61,48.78,102.44,1,1,1
596,10,580.62,371.32,134.88,317.05,1,1,1
596,11,232.41,401.85,121.30,242.59,1,1,1
596,14,658.39,399.66,23.15,90.27,1,1,1
596,17,21.46,417.56,77.56,151.22,1,1,1
596,18,43.32,432.09,53.48,109.63,1,1,1
596,19,159.57,402.84,97.87,251.06,1,1,1
596,20,0.00,413.66,52.68,133.17,1,1,1
596,24,824.88,394.63,45.37,95.61,1,1,1
596,28,117.71,414.76,29.15,105.54,1,1,1
596,31,0.00,431.00,9.59,88.19,1,1,1
596,32,1405.12,293.94,358.88,785.06,1,1,1
596,33,1072.31,359.56,181.25,428.12,1,1,1
597,5,76.27,422.17,41.46,103.66,1,1,1
597,10,579.66,369.49,134.75,316.95,1,1,1
597,11,233.05,398.31,121.19,243.22,1,1,1
597,14,659.40,397.32,24.16,90.27,1,1,1
597,17,22.93,415.61,77.56,153.66,1,1,1
597,19,158.14,401.55,98.45,251.16,1,1,1
597,20,2.44,411.71,51.22,133.17,1,1,1
597,24,822.44,393.17,49.27,95.12,1,1,1
597,28,115.87,412.92,33.95,105.90,1,1,1
597,31,0.74,429.52,9.96,97.42,1,1,1
597,32,1410.44,291.89,351.56,787.11,1,1,1
597,33,1086.81,358.24,208.79,436.26,1,1,1
598,5,78.71,419.73,42.68,104.88,1,1,1
598,10,584.26,369.44,134.26,319.44,1,1,1
598,11,236.44,395.76,119.49,242.37,1,1,1
598,14,659.56,396.44,24.89,92.89,1,1,1
598,17,24.38,414.43,77.61,152.74,1,1,1
598,19,158.76,398.97,101.03,251.55,1,1,1
598,20,3.29,410.53,52.63,129.61,1,1,1
598,24,826.97,392.76,44.74,95.39,1,1,1
598,28,118.35,410.86,31.46,107.49,1,1,1
598,31,0.52,427.84,13.40,84.54,1,1,1
598,32,1409.81,286.12,367.19,792.88,1,1,1
598,33,1095.75,359.56,231.25,429.69,1,1,1
599,5,75.05,419.73,46.34,102.44,1,1,1
599,10,584.50,369.77,133.33,314.73,1,1,1
599,11,228.81,391.53,125.42,244.92,1,1,1
599,12,621.76,401.55,29.53,86.01,1,1,1
599,14,659.43,396.80,26.69,75.80,1,1,1
599,17,24.88,414.63,74.15,149.76,1,1,1
599,19,159.26,397.22,96.30,250.93,1,1,1
599,20,3.55,409.93,53.90,134.04,1,1,1
599,24,826.95,391.49,43.26,95.74,1,1,1
599,28,120.65,408.91,29.96,108.10,1,1,1
599,31,0.00,426.72,15.79,85.02,1,1,1
599,32,1418.17,272.17,344.83,806.83,1,1,1
599,33,1107.53,356.99,239.78,432.26,1,1,1
600,5,83.59,416.07,37.80,106.10,1,1,1
600,10,584.75,367.80,131.36,316.10,1,1,1
600,11,237.29,390.68,121.19,244.07,1,1,1
600,12,622.82,396.31,27.52,91.95,1,1,1
600,14,660.72,395.54,25.91,81.06,1,1,1
600,17,27.53,412.15,75.71,152.23,1,1,1
600,19,155.93,394.92,100.00,251.69,1,1,1
600,20,3.74,408.56,52.94,131.02,1,1,1
600,24,826.74,389.30,50.80,96.26,1,1,1
600,28,121.71,407.65,31.80,107.34,1,1,1
600,31,0.61,429.36,18.65,80.73,1,1,1
600,32,1422.33,265.61,319.67,813.39,1,1,1
600,33,1115.39,348.94,250.00,443.06,1,1,1
601,5,81.40,415.50,38.76,106.20,1,1,1
601,10,583.84,365.66,133.33,315.15,1,1,1
601,11,234.88,389.15,124.03,247.29,1,1,1
601,12,623.25,394.46,26.94,89.30,1,1,1
601,14,665.99,393.65,22.08,76.90,1,1,1
601,17,29.33,409.78,80.00,153.33,1,1,1
601,19,154.24,392.37,100.85,255.93,1,1,1
601,20,6.47,405.88,48.82,134.12,1,1,1
601,24,826.47,386.47,50.00,97.06,1,1,1
601,28,125.08,406.12,30.28,106.42,1,1,1
601,31,0.00,420.18,16.82,88.07,1,1,1
601,32,1433.25,259.56,305.75,819.44,1,1,1
601,33,1122.75,349.00,255.00,442.50,1,1,1
602,5,82.37,416.07,40.24,104.88,1,1,1
602,10,584.85,366.67,133.33,309.09,1,1,1
602,11,233.90,388.14,126.27,247.46,1,1,1
602,12,624.68,394.04,26.38,89.79,1,1,1
602,14,662.87,392.40,26.32,79.53,1,1,1
602,17,29.95,407.49,75.94,152.41,1,1,1
602,19,150.39,393.80,106.98,251.16,1,1,1
602,20,8.02,404.28,50.80,139.04,1,1,1
602,24,830.48,386.63,47.59,96.79,1,1,1
602,28,126.94,404.43,30.26,106.27,1,1,1
602,31,0.00,419.19,19.56,87.08,1,1,1
602,32,1440.39,260.06,300.61,818.94,1,1,1
602,33,1141.78,346.17,247.22,444.44,1,1,1
603,5,78.71,414.85,39.02,107.32,1,1,1
603,10,585.27,370.54,129.46,313.18,1,1,1
603,11,234.75,388.14,127.97,249.15,1,1,1
603,12,625.00,396.02,40.91,91.48,1,1,1
603,14,669.14,394.14,23.83,89.06,1,1,1
603,17,35.88,407.65,59.41,136.47,1,1,1
603,19,145.76,392.37,116.95,255.08,1,1,1
603,20,4.71,402.94,47.06,134.12,1,1,1
603,24,829.41,387.65,51.52,93.06,1,1,1
603,28,122.35,404.71,36.47,104.71,1,1,1
603,31,0.59,420.59,17.06,85.88,1,1,1
603,32,1434.81,259.56,310.19,819.44,1,1,1
603,33,1181.69,347.06,221.88,446.88,1,1,1
604,5,82.37,414.85,39.02,108.54,1,1,1
604,10,581.40,368.22,134.88,314.73,1,1,1
604,11,232.41,389.81,126.85,245.37,1,1,1
604,12,630.22,392.44,28.44,93.78,1,1,1
604,14,671.81,391.95,22.48,87.92,1,1,1
604,17,31.11,407.11,72.44,153.78,1,1,1
604,18,64.41,422.03,52.54,106.78,1,1,1
604,19,147.29,393.80,112.40,252.71,1,1,1
604,20,5.78,405.33,55.56,134.67,1,1,1
604,24,831.76,386.47,52.82,93.02,1,1,1
604,28,127.56,404.44,32.00,107.56,1,1,1
604,31,0.89,414.22,15.56,95.56,1,1,1
604,32,1420.81,257.30,329.19,821.70,1,1,1
604,33,1208.87,343.87,214.93,452.24,1,1,1
605,5,81.15,417.29,39.02,102.44,1,1,1
605,10,579.80,367.68,136.36,313.13,1,1,1
605,11,232.41,389.81,135.19,245.37,1,1,1
605,12,626.83,394.15,34.15,93.17,1,1,1
605,14,667.45,391.61,27.52,82.89,1,1,1
605,17,26.92,406.15,77.69,153.85,1,1,1
605,18,58.98,418.51,59.76,123.17,1,1,1
605,19,145.76,394.07,113.56,255.08,1,1,1
605,20,5.78,404.00,54.67,134.67,1,1,1
605,24,832.94,388.24,47.99,92.47,1,1,1
605,28,132.28,404.76,24.87,105.29,1,1,1
605,31,1.06,412.70,15.87,96.30,1,1,1
605,32,1409.81,264.25,348.19,814.75,1,1,1
605,33,1237.94,343.94,198.44,457.81,1,1,1
606,5,82.37,418.51,37.80,108.54,1,1,1
606,10,577.12,366.10,136.83,316.07,1,1,1
606,11,237.29,393.22,122.88,244.07,1,1,1
606,12,629.78,392.00,29.78,90.22,1,1,1
606,14,667.11,391.95,28.52,86.91,1,1,1
606,17,31.55,406.42,72.73,157.22,1,1,1
606,18,62.94,421.18,53.53,116.47,1,1,1
606,19,140.68,394.92,117.80,254.24,1,1,1
606,20,8.56,404.28,54.55,137.43,1,1,1
606,24,832.62,388.77,48.31,90.72,1,1,1
606,28,132.42,404.59,27.22,106.42,1,1,1
606,31,0.00,421.71,17.13,89.30,1,1,1
606,32,1401.50,272.56,358.50,806.44,1,1,1
606,33,1275.11,339.22,186.11,466.67,1,1,1
607,5,77.49,417.29,41.46,108.54,1,1,1
607,10,575.97,366.67,134.88,313.18,1,1,1
607,11,238.71,392.90,118.71,247.74,1,1,1
607,12,630.67,394.67,30.22,87.56,1,1,1
607,14,666.11,391.61,28.86,86.24,1,1,1
607,17,29.96,407.69,74.49,147.37,1,1,1
607,18,57.22,421.39,47.06,120.32,1,1,1
607,19,139.53,397.67,119.38,254.26,1,1,1
607,20,9.31,404.05,50.61,138.46,1,1,1
607,24,831.55,386.63,48.16,101.39,1,1,1
607,28,132.35,404.20,32.56,107.98,1,1,1
607,31,0.50,417.33,14.36,91.58,1,1,1
607,32,1389.46,278.19,369.54,800.81,1,1,1
607,33,1297.62,339.67,179.76,465.48,1,1,1
608,5,73.83,417.29,48.78,107.32,1,1,1
608,10,569.77,365.12,139.53,314.73,1,1,1
608,11,235.59,392.37,120.34,249.15,1,1,1
608,12,628.44,393.78,31.11,89.78,1,1,1
608,14,667.69,391.36,26.46,84.40,1,1,1
608,17,29.15,408.50,70.04,150.61,1,1,1
608,18,61.41,422.17,46.34,121.95,1,1,1
608,19,135.88,397.06,120.00,254.12,1,1,1
608,20,8.91,403.64,54.66,139.68,1,1,1
608,24,829.15,387.85,50.56,95.29,1,1,1
608,28,132.59,403.62,30.36,108.64,1,1,1
608,31,0.00,418.66,15.04,88.86,1,1,1
608,32,1387.94,283.00,373.06,796.00,1,1,1
608,33,1314.50,334.56,182.81,470.31,1,1,1
609,5,73.66,416.87,48.10,101.27,1,1,1
609,10,566.67,363.89,141.67,317.59,1,1,1
609,11,234.75,392.37,121.19,248.31,1,1,1
609,12,628.41,393.73,32.84,90.41,1,1,1
609,14,667.51,390.61,27.66,90.10,1,1,1
609,17,26.72,407.69,65.59,146.56,1,1,1
609,18,62.63,419.73,48.78,120.73,1,1,1
609,19,136.44,397.46,117.80,254.24,1,1,1
609,20,9.31,401.62,51.01,141.70,1,1,1
609,24,831.58,387.04,48.42,95.39,1,1,1
609,28,132.42,403.98,28.75,106.73,1,1,1
609,31,0.43,420.35,13.85,88.74,1,1,1
609,32,1387.00,288.00,377.00,791.00,1,1,1
609,33,1335.00,334.00,184.00,476.00,1,1,1
610,5,65.29,416.07,46.34,100.00,1,1,1
610,10,564.07,361.20,141.46,319.51,1,1,1
610,11,234.26,391.67,118.52,248.15,1,1,1
610,12,628.97,393.31,30.92,87.19,1,1,1
610,14,668.26,390.06,26.77,85.66,1,1,1
610,17,23.35,407.78,68.26,146.71,1,1,1
610,18,54.10,418.51,63.41,123.17,1,1,1
610,19,132.93,395.21,116.77,256.89,1,1,1
610,20,7.78,401.20,58.08,140.12,1,1,1
610,24,832.93,386.83,46.77,103.64,1,1,1
610,28,132.21,404.12,29.96,107.49,1,1,1
610,31,0.00,418.35,16.48,90.26,1,1,1
610,32,1382.02,297.02,378.98,781.98,1,1,1
610,33,1348.68,337.37,184.21,468.42,1,1,1
611,5,70.17,412.41,40.24,95.12,1,1,1
611,10,560.17,361.02,144.92,323.73,1,1,1
611,11,232.20,392.37,116.10,248.31,1,1,1
611,12,625.46,393.36,33.95,90.04,1,1,1
611,14,667.41,390.53,25.35,86.91,1,1,1
611,17,21.46,411.22,65.85,144.88,1,1,1
611,18,61.41,420.95,50.00,118.29,1,1,1
611,19,130.56,395.37,113.89,257.41,1,1,1
611,20,7.80,401.46,51.71,143.41,1,1,1
611,24,831.71,384.88,46.78,98.27,1,1,1
611,28,131.58,404.86,34.01,106.07,1,1,1
611,31,0.00,419.10,18.54,88.20,1,1,1
611,32,1384.71,292.58,373.29,786.42,1,1,1
611,33,1371.15,341.73,169.49,476.27,1,1,1
612,5,67.73,413.63,42.68,91.46,1,1,1
612,10,557.63,360.17,144.92,324.58,1,1,1
612,11,230.23,393.02,118.60,246.51,1,1,1
612,12,627.68,394.10,32.47,88.19,1,1,1
612,14,668.27,390.86,23.86,82.99,1,1,1
612,17,19.51,411.22,60.49,142.44,1,1,1
612,18,58.98,423.39,51.22,120.73,1,1,1
612,19,124.81,396.12,120.16,256.59,1,1,1
612,20,7.80,401.95,53.17,143.41,1,1,1
612,24,831.71,387.32,43.12,101.93,1,1,1
612,28,132.55,405.37,26.85,105.37,1,1,1
612,31,0.52,418.56,12.89,87.11,1,1,1
612,32,1391.06,292.38,369.94,786.62,1,1,1
612,33,1387.94,336.12,178.12,485.94,1,1,1
613,5,71.39,414.85,39.02,93.90,1,1,1
613,10,558.14,361.24,141.86,324.03,1,1,1
613,11,227.12,392.37,118.64,246.61,1,1,1
613,12,627.13,393.12,34.01,90.69,1,1,1
613,14,669.28,390.07,23.56,87.07,1,1,1
613,17,19.25,412.42,59.01,149.69,1,1,1
613,18,62.63,418.51,51.22,118.29,1,1,1
613,19,119.49,397.46,122.03,253.39,1,1,1
613,20,6.83,403.73,62.11,143.48,1,1,1
613,24,828.57,386.96,47.48,98.63,1,1,1
613,28,132.39,407.04,29.58,112.21,1,1,1
613,29,15.02,413.15,24.88,96.24,1,1,1
613,31,0.00,419.72,14.55,86.38,1,1,1
613,32,1402.00,286.12,357.00,792.88,1,1,1
613,33,1397.31,340.81,196.88,481.25,1,1,1
614,5,76.27,414.85,32.93,81.71,1,1,1
614,10,555.93,360.17,143.22,327.12,1,1,1
614,11,226.27,390.68,121.19,246.61,1,1,1
614,12,625.00,394.89,35.23,89.77,1,1,1
614,14,666.67,391.15,26.55,86.73,1,1,1
614,17,16.10,413.86,63.67,153.56,1,1,1
614,18,62.63,424.61,51.22,118.29,1,1,1
614,19,121.39,394.65,117.65,254.01,1,1,1
614,20,7.49,404.49,58.43,142.32,1,1,1
614,24,830.71,386.89,46.56,101.13,1,1,1
614,28,133.62,405.93,27.12,109.89,1,1,1
614,29,8.43,412.85,26.10,79.92,1,1,1
614,31,0.40,426.10,12.05,79.92,1,1,1
614,32,1412.00,283.33,352.00,795.67,1,1,1
614,33,1405.33,332.67,200.00,493.33,1,1,1
615,10,553.70,362.04,146.30,323.15,1,1,1
615,11,229.29,390.91,112.12,250.51,1,1,1
615,12,625.82,397.65,34.27,90.14,1,1,1
615,14,668.91,392.08,24.63,87.10,1,1,1
615,17,16.97,413.28,67.53,152.03,1,1,1
615,18,62.63,424.61,56.10,119.51,1,1,1
615,19,124.58,394.92,112.71,256.78,1,1,1
615,20,7.01,404.43,59.04,140.22,1,1,1
615,24,827.31,386.72,49.96,101.31,1,1,1
615,28,135.23,406.71,27.18,110.40,1,1,1
615,31,0.00,423.49,11.74,81.54,1,1,1
615,32,1423.88,273.62,337.12,805.38,1,1,1
615,33,1458.89,356.67,137.78,350.00,1,1,1
616,10,550.85,363.56,147.46,326.27,1,1,1
616,11,227.12,388.98,115.25,250.85,1,1,1
616,12,629.55,397.57,30.77,88.26,1,1,1
616,14,669.13,394.30,25.17,84.56,1,1,1
616,17,13.90,412.83,65.78,153.48,1,1,1
616,18,57.76,420.95,62.20,119.51,1,1,1
616,19,121.71,393.80,115.50,256.59,1,1,1
616,20,9.63,404.28,59.36,141.71,1,1,1
616,24,827.81,385.03,49.46,106.66,1,1,1
616,28,137.25,408.10,27.53,95.55,1,1,1
616,31,0.00,424.58,15.08,79.89,1,1,1
616,32,1432.53,273.23,336.47,805.77,1,1,1
616,33,1482.00,373.00,106.00,324.00,1,1,1
617,10,554.26,363.57,144.19,328.68,1,1,1
617,11,226.85,390.74,117.59,249.07,1,1,1
617,12,627.13,400.81,34.01,99.60,1,1,1
617,14,667.69,395.54,27.58,88.02,1,1,1
617,17,15.38,414.57,69.64,153.44,1,1,1
617,18,66.29,427.05,53.66,117.07,1,1,1
617,19,120.65,396.13,116.13,258.71,1,1,1
617,20,13.36,406.88,50.61,142.51,1,1,1
617,24,828.34,389.47,46.49,98.55,1,1,1
617,28,140.22,409.96,26.57,101.48,1,1,1
617,31,0.74,423.99,14.39,88.19,1,1,1
617,32,1445.26,270.40,326.74,808.60,1,1,1
618,10,557.98,368.51,140.24,323.17,1,1,1
618,11,233.90,393.22,111.02,250.85,1,1,1
618,12,628.76,398.71,33.48,89.70,1,1,1
618,14,669.62,397.85,25.81,84.68,1,1,1
618,17,21.33,413.78,53.78,137.33,1,1,1
618,18,67.68,428.28,56.57,120.20,1,1,1
618,19,118.71,394.84,115.48,261.94,1,1,1
618,20,12.00,408.44,53.33,140.89,1,1,1
618,24,831.11,392.00,49.82,103.34,1,1,1
618,28,137.78,412.44,40.00,116.44,1,1,1
618,31,0.00,425.00,21.23,84.91,1,1,1
618,32,1448.72,269.78,335.28,809.22,1,1,1
619,10,558.47,369.49,140.68,326.27,1,1,1
619,11,245.76,394.07,103.39,247.46,1,1,1
619,12,630.57,402.59,41.45,89.64,1,1,1
619,14,675.80,397.86,25.27,86.83,1,1,1
619,17,26.45,415.48,60.00,138.71,1,1,1
619,18,69.50,432.62,51.06,97.87,1,1,1
619,19,119.49,398.31,111.86,256.78,1,1,1
619,20,12.90,407.74,46.45,135.48,1,1,1
619,24,826.45,395.48,59.35,99.86,1,1,1
619,29,18.71,412.26,25.16,72.90,1,1,1
619,31,0.00,416.13,21.29,97.42,1,1,1
619,32,1452.89,265.61,344.11,813.39,1,1,1
620,5,82.37,423.39,35.37,106.10,1,1,1
620,10,556.59,370.54,143.41,326.36,1,1,1
620,11,238.38,394.95,106.06,250.51,1,1,1
620,12,633.79,404.78,33.11,87.37,1,1,1
620,14,674.81,400.51,26.74,86.12,1,1,1
620,17,18.18,415.51,72.73,153.48,1,1,1
620,18,75.40,428.34,49.20,119.25,1,1,1
620,19,124.58,398.31,111.02,259.32,1,1,1
620,20,26.20,410.16,56.68,140.64,1,1,1
620,24,832.62,393.58,48.74,102.18,1,1,1
620,28,148.18,410.53,40.49,118.62,1,1,1
620,29,25.91,420.24,22.67,60.73,1,1,1
620,31,0.40,425.91,20.24,88.66,1,1,1
620,32,1460.97,269.64,349.03,809.36,1,1,1
621,5,86.05,424.37,36.05,95.35,1,1,1
621,10,561.24,373.64,144.19,327.13,1,1,1
621,11,243.22,398.31,110.17,250.85,1,1,1
621,12,637.79,406.17,33.93,88.95,1,1,1
621,14,680.28,403.25,26.63,79.27,1,1,1
621,17,21.39,415.51,72.73,155.61,1,1,1
621,18,77.97,432.20,60.17,120.34,1,1,1
621,19,127.91,403.88,113.18,256.59,1,1,1
621,20,31.02,410.70,51.34,141.71,1,1,1
621,24,842.78,396.79,44.24,102.21,1,1,1
621,28,151.87,421.39,35.29,89.84,1,1,1
621,29,31.55,420.32,19.79,58.29,1,1,1
621,31,0.53,426.74,21.93,88.24,1,1,1
621,32,1473.00,265.14,356.00,813.86,1,1,1
621,33,1623.00,333.71,170.00,450.00,1,1,1
622,5,92.12,425.83,34.15,96.34,1,1,1
622,10,565.89,375.19,144.19,328.68,1,1,1
622,11,250.85,400.85,104.24,246.61,1,1,1
622,12,640.44,404.00,38.22,90.67,1,1,1
622,14,688.19,403.32,24.72,85.24,1,1,1
622,17,28.88,420.86,69.52,150.80,1,1,1
622,18,86.84,430.26,51.32,125.66,1,1,1
622,19,137.21,406.98,107.75,256.59,1,1,1
622,20,36.90,413.37,52.41,139.57,1,1,1
622,24,842.25,398.93,49.73,100.53,1,1,1
622,29,36.36,423.53,24.06,58.82,1,1,1
622,31,0.53,427.81,32.09,92.51,1,1,1
622,32,1477.00,272.00,366.00,807.00,1,1,1
622,33,1641.00,332.00,198.00,490.00,1,1,1
623,5,97.00,423.39,37.80,103.66,1,1,1
623,10,571.19,373.73,144.92,333.90,1,1,1
623,11,255.56,402.22,105.56,246.67,1,1,1
623,12,650.73,407.80,34.63,92.20,1,1,1
623,14,692.62,403.69,24.83,80.87,1,1,1
623,17,34.63,418.05,74.15,147.80,1,1,1
623,18,95.72,429.95,51.87,119.79,1,1,1
623,19,141.86,406.20,109.30,258.91,1,1,1
623,20,47.32,411.71,47.32,140.98,1,1,1
623,24,849.76,402.93,45.80,96.07,1,1,1
623,29,48.29,422.44,23.90,64.88,1,1,1
623,30,0.49,428.29,13.17,90.24,1,1,1
623,31,6.83,432.20,34.63,88.29,1,1,1
623,32,1488.64,284.45,364.36,794.55,1,1,1
623,33,1705.00,337.18,161.82,476.36,1,1,1
624,5,107.98,422.17,40.24,97.56,1,1,1
624,10,579.07,376.74,138.76,331.78,1,1,1
624,11,265.25,404.24,102.54,247.46,1,1,1
624,12,657.49,408.50,33.60,86.64,1,1,1
624,14,701.27,404.06,23.35,72.84,1,1,1
624,17,40.60,417.79,74.83,154.70,1,1,1
624,18,107.49,431.55,56.15,123.53,1,1,1
624,19,149.03,408.39,110.32,256.13,1,1,1
624,20,59.06,410.40,51.68,147.32,1,1,1
624,24,856.89,402.67,45.99,93.89,1,1,1
624,29,55.37,421.81,21.14,55.03,1,1,1
624,30,0.67,419.13,23.15,97.65,1,1,1
624,31,18.12,429.53,29.87,89.93,1,1,1
624,32,1502.00,287.69,368.00,791.31,1,1,1
624,33,1733.25,333.00,165.62,539.06,1,1,1
625,5,120.17,423.39,36.59,90.24,1,1,1
625,10,585.27,376.74,137.98,333.33,1,1,1
625,11,273.15,405.56,109.26,246.30,1,1,1
625,12,666.67,406.67,33.78,96.89,1,1,1
625,14,708.63,404.31,25.63,71.83,1,1,1
625,17,48.24,420.07,75.00,152.46,1,1,1
625,18,117.06,432.94,60.00,122.35,1,1,1
625,19,156.77,408.39,107.74,256.13,1,1,1
625,20,70.42,411.62,51.76,146.83,1,1,1
625,24,857.33,401.33,50.42,95.23,1,1,1
625,29,65.49,421.48,26.41,60.56,1,1,1
625,30,0.35,418.31,35.56,98.94,1,1,1
625,31,27.46,427.82,34.86,89.44,1,1,1
625,32,1511.71,297.21,367.29,781.79,1,1,1
625,33,1774.21,336.50,144.79,520.50,1,1,1
626,5,127.49,423.39,42.68,97.56,1,1,1
626,10,593.02,376.74,137.98,327.91,1,1,1
626,11,283.05,406.78,106.78,246.61,1,1,1
626,12,671.31,406.41,37.88,90.25,1,1,1
626,14,716.24,403.05,25.89,77.66,1,1,1
626,17,56.89,421.33,76.44,150.22,1,1,1
626,18,122.99,432.09,66.31,119.79,1,1,1
626,19,166.10,409.32,105.08,256.78,1,1,1
626,20,76.44,410.67,56.89,148.44,1,1,1
626,24,870.67,403.56,48.07,93.01,1,1,1
626,29,76.44,418.67,22.22,59.11,1,1,1
626,30,7.75,417.71,36.90,99.63,1,1,1
626,31,40.59,431.00,33.95,85.98,1,1,1
626,32,1517.62,300.19,379.38,778.81,1,1,1
626,33,1773.88,337.69,145.12,524.31,1,1,1
627,5,139.68,424.61,39.02,90.24,1,1,1
627,10,600.85,375.42,136.44,326.27,1,1,1
627,11,288.39,406.45,108.39,246.45,1,1,1
627,12,680.81,405.17,35.79,91.51,1,1,1
627,14,726.18,403.62,23.12,77.44,1,1,1
627,17,64.77,421.48,77.52,151.01,1,1,1
627,18,134.22,431.56,56.44,120.44,1,1,1
627,19,175.42,408.47,106.78,255.93,1,1,1
627,20,97.65,411.07,45.64,148.66,1,1,1
627,24,875.40,404.28,51.87,89.84,1,1,1
627,29,85.23,421.14,21.81,47.65,1,1,1
627,30,16.11,417.45,38.59,98.99,1,1,1
627,31,45.64,425.84,34.23,86.24,1,1,1
627,32,1544.92,299.98,364.08,779.02,1,1,1
627,33,1795.94,342.00,123.06,552.00,1,1,1
627,37,0.00,466.07,16.07,345.54,1,1,1
627,41,1.29,432.26,6.45,56.77,1,1,1
628,5,149.44,423.39,37.80,84.15,1,1,1
628,10,607.98,372.17,139.02,329.27,1,1,1
628,11,293.22,404.24,109.32,248.31,1,1,1
628,12,686.91,404.74,36.21,92.20,1,1,1
628,14,732.31,402.79,25.63,91.64,1,1,1
628,17,72.47,420.24,78.95,150.61,1,1,1
628,18,144.71,430.00,49.41,122.94,1,1,1
628,19,182.95,409.30,105.43,257.36,1,1,1
628,20,107.29,410.12,45.34,144.53,1,1,1
628,24,890.91,400.00,46.12,95.34,1,1,1
628,29,93.93,420.65,19.43,56.68,1,1,1
628,30,24.70,416.60,40.49,100.81,1,1,1
628,31,54.25,425.91,37.25,89.47,1,1,1
628,32,1554.91,295.39,361.09,783.61,1,1,1
628,33,1848.85,383.27,70.15,447.73,1,1,1
628,37,1.02,454.08,20.41,316.33,1,1,1
628,41,0.62,428.09,15.74,62.96,1,1,1
629,5,154.32,423.39,36.59,92.68,1,1,1
629,10,613.95,372.09,137.98,325.58,1,1,1
629,11,300.00,401.85,114.81,247.22,1,1,1
629,12,696.31,406.04,34.23,90.60,1,1,1
629,14,741.28,402.01,22.15,75.50,1,1,1
629,17,78.95,420.65,79.35,149.80,1,1,1
629,18,146.67,430.67,56.89,123.11,1,1,1
629,19,186.82,406.98,105.43,256.59,1,1,1
629,20,113.36,410.12,48.99,145.75,1,1,1
629,24,897.33,401.07,43.36,95.49,1,1,1
629,29,99.13,419.08,21.10,68.79,1,1,1
629,30,34.10,414.74,34.68,99.13,1,1,1
629,31,63.29,425.72,27.17,80.92,1,1,1
629,32,1560.00,288.67,358.00,790.33,1,1,1
629,33,1883.44,390.61,35.56,372.39,1,1,1
629,37,0.67,446.31,30.87,326.85,1,1,1
629,41,0.00,423.49,24.16,81.21,1,1,1
630,5,162.85,420.95,34.15,87.80,1,1,1
630,10,619.49,370.34,136.44,329.66,1,1,1
630,11,307.63,400.00,110.17,247.46,1,1,1
630,12,703.11,406.67,31.11,89.33,1,1,1
630,14,746.48,401.53,23.85,79.51,1,1,1
630,17,83.00,418.62,80.57,152.23,1,1,1
630,18,157.06,428.82,58.82,121.18,1,1,1
630,19,192.26,403.87,103.23,257.42,1,1,1
630,20,118.62,408.91,50.61,147.77,1,1,1
630,24,897.98,403.24,53.68,88.44,1,1,1
630,28,234.25,412.54,31.19,117.13,1,1,1
630,29,104.89,420.18,23.55,66.36,1,1,1
630,30,39.14,415.29,35.17,100.92,1,1,1
630,31,67.28,425.99,31.50,84.10,1,1,1
630,32,1564.50,281.44,353.50,797.56,1,1,1
630,37,0.00,418.81,34.65,356.44,1,1,1
630,41,1.12,421.79,27.93,81.01,1,1,1
631,5,167.73,420.95,32.93,87.80,1,1,1
631,10,622.03,369.49,140.68,327.12,1,1,1
631,11,308.47,397.46,115.25,246.61,1,1,1
631,12,706.71,407.38,32.89,85.91,1,1,1
631,17,88.29,416.59,78.54,153.17,1,1,1
631,18,165.88,430.00,54.71,122.94,1,1,1
631,19,195.76,401.69,104.24,260.17,1,1,1
631,20,125.37,408.29,48.78,146.83,1,1,1
631,24,901.46,398.54,52.63,89.49,1,1,1
631,28,246.86,412.92,29.52,109.96,1,1,1
631,29,110.03,419.22,20.61,59.89,1,1,1
631,30,44.29,414.48,35.38,100.28,1,1,1
631,31,74.09,423.12,27.86,79.11,1,1,1
631,32,1553.56,278.31,365.44,799.69,1,1,1
631,37,2.89,425.78,34.72,358.33,1,1,1
631,41,3.09,420.62,33.51,86.08,1,1,1
632,5,170.17,420.95,35.37,95.12,1,1,1
632,10,627.97,366.95,134.75,331.36,1,1,1
632,11,312.71,396.61,114.41,245.76,1,1,1
632,12,709.40,407.05,35.23,79.19,1,1,1
632,14,753.05,399.75,27.66,78.93,1,1,1
632,17,93.52,416.19,76.92,153.04,1,1,1
632,18,172.73,427.81,51.87,121.93,1,1,1
632,19,201.29,400.65,100.65,258.71,1,1,1
632,20,125.51,408.10,55.06,143.72,1,1,1
632,24,894.33,394.33,60.99,94.91,1,1,1
632,28,248.99,412.75,32.55,110.07,1,1,1
632,29,114.33,420.70,21.34,56.69,1,1,1
632,30,45.54,414.33,37.58,99.04,1,1,1
632,31,76.75,422.61,30.25,79.94,1,1,1
632,32,1564.36,264.67,353.64,814.33,1,1,1
632,37,1.85,432.97,42.31,360.26,1,1,1
632,41,6.63,420.48,32.53,84.34,1,1,1
633,10,628.81,365.25,140.68,333.05,1,1,1
633,11,316.10,396.61,117.80,248.31,1,1,1
633,12,720.89,405.29,25.63,79.39,1,1,1
633,14,758.82,399.16,24.79,80.46,1,1,1
633,17,96.76,414.17,76.11,153.85,1,1,1
633,18,173.53,427.06,53.53,121.76,1,1,1
633,19,204.24,396.61,102.54,262.71,1,1,1
633,20,132.79,407.69,50.20,141.30,1,1,1
633,24,907.29,395.14,54.13,96.54,1,1,1
633,28,252.68,411.41,39.93,121.81,1,1,1
633,29,117.13,417.48,23.78,68.88,1,1,1
633,30,47.55,411.89,40.56,100.70,1,1,1
633,31,79.02,423.78,27.97,80.42,1,1,1
633,32,1578.77,257.46,340.23,818.54,1,1,1
633,37,1.50,423.75,48.75,380.00,1,1,1
633,41,9.35,420.56,33.64,76.17,1,1,1
634,10,631.01,365.12,137.21,331.78,1,1,1
634,11,315.74,393.52,119.44,249.07,1,1,1
634,12,719.56,403.69,30.63,93.36,1,1,1
634,14,762.95,397.77,25.63,82.73,1,1,1
634,17,97.07,413.17,70.73,153.17,1,1,1
634,18,180.59,427.06,48.82,123.53,1,1,1
634,19,203.55,395.74,105.67,260.28,1,1,1
634,20,141.46,407.32,47.80,142.44,1,1,1
634,24,914.15,394.63,47.27,95.83,1,1,1
634,28,259.04,410.70,31.37,110.70,1,1,1
634,30,51.74,413.13,38.61,98.84,1,1,1
634,31,81.85,427.41,27.41,76.06,1,1,1
634,32,1583.19,244.02,335.81,833.98,1,1,1
634,37,1.50,428.56,55.56,373.61,1,1,1
634,41,10.24,420.49,37.07,76.59,1,1,1
635,10,636.43,365.12,136.43,330.23,1,1,1
635,11,321.19,389.83,122.03,250.85,1,1,1
635,12,715.13,401.85,39.11,86.35,1,1,1
635,14,764.47,395.18,28.68,87.06,1,1,1
635,17,102.14,412.30,65.24,145.99,1,1,1
635,18,185.03,426.20,51.87,121.93,1,1,1
635,19,204.63,391.67,105.56,266.67,1,1,1
635,20,148.13,405.88,48.13,143.32,1,1,1
635,24,910.70,394.12,59.26,91.47,1,1,1
635,28,256.68,410.12,36.84,125.51,1,1,1
635,30,52.53,411.67,41.25,100.00,1,1,1
635,31,87.55,426.46,26.85,80.93,1,1,1
635,32,1584.43,243.71,332.57,835.29,1,1,1
635,37,0.00,404.55,55.45,406.36,1,1,1
635,41,10.80,417.84,38.03,84.04,1,1,1
636,10,633.90,365.25,142.37,328.81,1,1,1
636,11,316.67,389.81,122.22,251.85,1,1,1
636,12,718.22,401.33,38.22,92.00,1,1,1
636,14,767.11,394.97,29.53,80.87,1,1,1
636,17,98.94,407.94,68.25,148.15,1,1,1
636,18,189.03,424.52,52.26,121.94,1,1,1
636,19,203.53,390.59,110.00,264.12,1,1,1
636,20,148.68,403.70,49.21,144.44,1,1,1
636,24,921.69,384.66,48.26,98.49,1,1,1
636,28,260.64,405.22,37.75,125.30,1,1,1
636,30,59.04,408.43,34.94,99.20,1,1,1
636,31,87.15,424.10,25.30,79.92,1,1,1
636,32,1571.67,238.67,347.33,836.33,1,1,1
636,37,0.00,420.67,55.95,397.62,1,1,1
636,41,14.42,414.10,37.50,99.04,1,1,1
637,10,634.88,364.34,135.66,327.91,1,1,1
637,11,323.61,386.80,119.51,252.44,1,1,1
637,12,722.94,403.36,32.42,81.65,1,1,1
637,14,770.80,392.02,28.99,80.46,1,1,1
637,17,98.54,406.34,69.76,156.10,1,1,1
637,18,187.10,419.35,58.06,123.23,1,1,1
637,19,207.74,389.68,106.45,263.23,1,1,1
637,20,145.37,400.98,55.61,146.34,1,1,1
637,24,932.20,394.15,41.41,89.00,1,1,1
637,28,266.05,404.43,38.38,112.18,1,1,1
637,30,56.46,405.17,39.85,101.85,1,1,1
637,31,90.77,416.97,32.10,90.41,1,1,1
637,32,1567.62,243.94,351.38,835.06,1,1,1
637,37,2.26,421.16,56.58,402.63,1,1,1
637,41,15.60,413.83,37.59,81.21,1,1,1
638,10,632.20,364.41,142.37,324.58,1,1,1
638,11,322.39,384.37,128.05,256.10,1,1,1
638,12,723.62,400.74,33.58,80.81,1,1,1
638,14,772.34,389.59,27.41,82.23,1,1,1
638,17,95.45,405.19,72.73,155.19,1,1,1
638,18,187.17,417.11,55.08,124.06,1,1,1
638,19,205.88,388.82,108.24,262.94,1,1,1
638,20,148.60,398.13,52.34,149.53,1,1,1
638,24,920.49,388.78,51.90,90.71,1,1,1
638,28,270.99,400.62,33.02,113.89,1,1,1
638,30,53.67,403.67,42.67,100.33,1,1,1
638,31,95.00,414.67,29.33,84.67,1,1,1
638,32,1557.06,253.11,361.94,825.89,1,1,1
638,37,0.89,403.57,55.36,423.21,1,1,1
638,41,16.28,410.70,37.21,80.47,1,1,1
639,10,627.18,361.74,144.85,328.93,1,1,1
639,11,321.19,382.20,125.42,255.93,1,1,1
639,14,771.32,385.03,29.19,82.99,1,1,1
639,17,94.71,403.53,71.76,148.82,1,1,1
639,18,188.82,414.12,55.29,124.71,1,1,1
639,19,203.55,385.82,111.35,265.25,1,1,1
639,20,147.52,394.33,55.32,152.48,1,1,1
639,24,921.17,379.49,53.66,92.68,1,1,1
639,28,275.11,396.89,30.22,116.89,1,1,1
639,30,55.70,401.01,37.92,98.66,1,1,1
639,31,93.62,412.42,28.19,81.88,1,1,1
639,32,1548.72,260.06,369.28,818.94,1,1,1
639,37,1.03,408.25,52.58,417.53,1,1,1
639,41,14.44,408.10,40.14,88.38,1,1,1
640,10,623.73,356.78,144.07,332.20,1,1,1
640,11,319.44,378.70,124.07,256.48,1,1,1
640,14,768.50,381.65,32.72,81.35,1,1,1
640,17,92.94,401.18,72.94,145.88,1,1,1
640,18,192.51,409.09,51.87,129.95,1,1,1
640,19,205.88,384.71,106.47,260.00,1,1,1
640,20,152.35,391.18,52.94,148.24,1,1,1
640,24,923.73,376.27,50.00,94.07,1,1,1
640,28,267.56,391.56,37.78,120.44,1,1,1
640,30,55.72,396.68,36.53,101.85,1,1,1
640,31,89.67,409.23,32.47,84.50,1,1,1
640,32,1542.62,267.38,376.38,810.62,1,1,1
640,37,1.11,424.44,56.67,406.67,1,1,1
640,41,13.92,405.15,40.21,79.38,1,1,1
641,10,618.60,353.49,148.06,330.23,1,1,1
641,11,319.49,376.27,126.27,254.24,1,1,1
641,14,769.72,377.37,32.11,79.51,1,1,1
641,17,90.59,394.71,72.35,155.29,1,1,1
641,18,189.30,405.88,60.43,126.20,1,1,1
641,19,200.59,381.18,109.41,264.12,1,1,1
641,20,148.24,385.29,57.65,150.00,1,1,1
641,28,263.53,387.06,40.59,127.65,1,1,1
641,29,130.36,396.76,19.84,57.89,1,1,1
641,30,52.63,391.09,37.65,100.81,1,1,1
641,31,90.69,403.64,28.34,82.19,1,1,1
641,32,1530.49,271.49,388.51,805.51,1,1,1
641,37,0.00,416.16,59.60,416.16,1,1,1
641,41,11.49,402.17,40.06,84.47,1,1,1
642,10,613.21,350.94,149.06,330.19,1,1,1
642,11,318.06,374.84,122.58,254.19,1,1,1
642,14,770.47,373.83,31.21,79.53,1,1,1
642,17,86.64,392.71,72.06,154.25,1,1,1
642,18,191.44,402.67,56.68,132.62,1,1,1
642,19,195.88,379.41,111.76,262.94,1,1,1
642,20,148.18,382.19,60.73,154.25,1,1,1
642,28,266.06,385.02,38.84,121.41,1,1,1
642,29,125.08,393.27,21.71,59.94,1,1,1
642,30,51.38,389.30,38.23,101.22,1,1,1
642,31,84.40,398.78,25.99,90.83,1,1,1
642,32,1531.69,275.19,386.31,803.81,1,1,1
642,37,0.00,421.21,58.59,414.14,1,1,1
642,41,9.83,398.72,40.17,95.73,1,1,1
643,10,607.75,347.29,148.84,332.56,1,1,1
643,11,317.83,372.87,120.93,253.49,1,1,1
643,14,768.27,371.96,33.58,77.86,1,1,1
643,17,85.88,390.00,71.76,157.65,1,1,1
643,18,185.88,398.24,70.00,135.29,1,1,1
643,19,196.47,379.41,111.18,264.12,1,1,1
643,20,148.82,379.41,49.41,153.53,1,1,1
643,28,261.78,382.67,41.78,124.00,1,1,1
643,29,127.11,392.00,22.67,62.67,1,1,1
643,30,51.11,388.89,37.33,102.67,1,1,1
643,31,79.11,399.11,32.00,90.67,1,1,1
643,32,1529.48,271.63,388.52,807.37,1,1,1
643,37,0.00,417.17,55.56,419.19,1,1,1
643,41,10.33,398.12,38.03,83.10,1,1,1
644,10,601.55,345.74,152.71,327.13,1,1,1
644,11,317.59,372.22,120.37,255.56,1,1,1
644,14,768.52,369.73,31.96,79.66,1,1,1
644,17,81.18,391.18,73.53,154.12,1,1,1
644,18,185.56,397.86,64.17,132.09,1,1,1
644,19,191.53,375.42,111.86,269.49,1,1,1
644,20,145.88,378.82,59.41,152.94,1,1,1
644,28,264.88,380.98,39.51,121.46,1,1,1
644,29,123.41,387.80,22.93,60.00,1,1,1
644,30,51.68,387.25,35.23,101.68,1,1,1
644,31,79.87,396.31,32.21,88.59,1,1,1
644,32,1539.00,271.17,379.00,807.83,1,1,1
644,37,0.00,408.26,49.54,432.11,1,1,1
644,41,6.56,396.14,41.31,91.51,1,1,1
645,10,596.61,340.68,156.78,329.66,1,1,1
645,11,317.80,369.49,124.58,255.93,1,1,1
645,14,767.21,367.21,31.98,83.00,1,1,1
645,17,79.51,385.85,73.17,158.54,1,1,1
645,18,188.44,396.89,66.22,128.00,1,1,1
645,19,192.20,375.61,112.68,264.88,1,1,1
645,20,148.78,376.59,55.12,155.12,1,1,1
645,28,264.43,379.87,40.60,121.48,1,1,1
645,29,123.83,386.24,23.15,57.05,1,1,1
645,30,48.66,385.57,36.58,100.34,1,1,1
645,31,83.22,396.64,31.88,85.23,1,1,1
645,32,1547.33,265.61,370.67,813.39,1,1,1
645,37,0.00,409.09,46.36,434.55,1,1,1
645,41,5.93,395.76,42.37,88.14,1,1,1
646,10,592.37,337.29,158.47,332.20,1,1,1
646,11,316.28,366.67,121.71,256.59,1,1,1
646,14,767.45,365.77,32.55,82.55,1,1,1
646,17,74.67,386.22,75.11,156.89,1,1,1
646,18,190.00,395.88,52.35,132.35,1,1,1
646,19,189.68,371.61,115.48,268.39,1,1,1
646,20,145.81,375.48,59.35,154.19,1,1,1
646,28,266.79,377.86,42.07,114.39,1,1,1
646,29,122.88,386.72,22.51,64.58,1,1,1
646,30,46.86,384.50,36.16,98.15,1,1,1
646,31,81.92,394.83,31.00,77.86,1,1,1
646,32,1559.81,256.44,356.19,822.56,1,1,1
646,37,1.66,406.22,46.34,431.71,1,1,1
646,41,5.16,394.37,42.25,83.10,1,1,1
647,10,589.15,332.56,160.47,336.43,1,1,1
647,11,315.60,363.12,119.86,258.16,1,1,1
647,14,765.68,363.84,33.58,82.66,1,1,1
647,17,71.26,381.78,76.92,157.49,1,1,1
647,18,189.76,393.66,58.05,131.22,1,1,1
647,19,184.71,370.00,116.47,267.65,1,1,1
647,20,144.94,371.66,69.23,157.89,1,1,1
647,28,268.81,375.84,40.67,115.90,1,1,1
647,29,118.04,384.40,25.99,73.09,1,1,1
647,30,46.79,382.57,38.23,97.86,1,1,1
647,31,81.65,394.50,29.36,81.96,1,1,1
647,32,1578.56,248.62,339.44,830.38,1,1,1
647,37,0.00,415.90,42.86,422.62,1,1,1
647,41,5.16,391.61,40.00,82.90,1,1,1
648,10,586.44,331.36,163.56,337.29,1,1,1
648,11,316.10,360.17,116.10,255.93,1,1,1
648,14,764.89,362.22,34.67,86.22,1,1,1
648,17,68.44,379.11,76.44,157.33,1,1,1
648,18,197.33,394.12,54.55,127.81,1,1,1
648,19,183.42,365.78,118.18,268.45,1,1,1
648,20,146.52,371.12,58.29,156.68,1,1,1
648,28,266.36,375.84,41.59,114.68,1,1,1
648,29,119.57,385.02,24.77,62.39,1,1,1
648,30,44.95,381.65,38.53,97.86,1,1,1
648,31,77.06,390.83,31.19,85.02,1,1,1
648,32,1595.94,239.22,323.06,836.78,1,1,1
648,37,1.92,412.50,36.54,425.00,1,1,1
648,41,3.71,391.78,41.38,80.64,1,1,1
649,10,582.95,328.68,164.34,337.21,1,1,1
649,11,314.41,359.32,113.56,255.93,1,1,1
649,14,764.21,361.25,34.32,78.97,1,1,1
649,17,63.64,379.14,78.07,158.29,1,1,1
649,18,188.24,391.98,73.26,144.39,1,1,1
649,19,182.17,362.79,113.18,266.67,1,1,1
649,20,146.52,370.59,56.15,157.22,1,1,1
649,28,267.21,376.92,40.08,111.74,1,1,1
649,29,118.12,385.91,23.15,62.42,1,1,1
649,30,43.29,380.87,38.26,100.67,1,1,1
649,31,77.85,394.30,32.89,86.58,1,1,1
649,32,1611.38,222.06,307.62,855.94,1,1,1
649,37,0.00,385.26,36.84,456.84,1,1,1
649,41,1.06,389.72,40.78,81.56,1,1,1
650,10,575.42,326.27,170.34,340.68,1,1,1
650,11,313.89,357.41,113.89,257.41,1,1,1
650,14,760.98,360.00,36.59,80.49,1,1,1
650,17,60.00,380.00,78.64,157.73,1,1,1
650,19,177.30,361.70,119.86,268.09,1,1,1
650,20,144.92,369.52,59.36,156.68,1,1,1
650,28,265.41,374.66,43.84,113.70,1,1,1
650,29,114.73,384.93,27.05,61.30,1,1,1
650,30,43.49,379.79,36.64,95.89,1,1,1
650,31,78.77,388.70,26.37,84.25,1,1,1
650,32,1628.56,218.94,289.44,860.06,1,1,1
650,37,1.19,413.52,30.95,429.76,1,1,1
650,41,0.97,388.39,40.65,84.84,1,1,1
651,10,572.03,326.27,172.03,344.07,1,1,1
651,11,312.71,356.78,113.56,258.47,1,1,1
651,14,760.00,358.22,36.00,82.22,1,1,1
651,17,59.13,383.69,80.00,156.44,1,1,1
651,19,173.73,361.02,122.88,271.19,1,1,1
651,20,141.18,369.52,57.22,157.75,1,1,1
651,28,261.78,374.67,44.00,110.22,1,1,1
651,29,111.41,383.22,25.84,60.07,1,1,1
651,30,39.93,380.20,37.25,95.64,1,1,1
651,31,75.50,388.59,24.50,78.52,1,1,1
651,32,1642.62,211.12,275.38,867.88,1,1,1
651,37,0.00,398.51,31.33,450.60,1,1,1
651,41,0.00,387.39,38.42,85.34,1,1,1
652,10,568.99,324.81,172.09,345.74,1,1,1
652,11,311.86,354.24,113.56,258.47,1,1,1
652,14,755.05,358.72,38.53,79.36,1,1,1
652,17,50.80,382.35,81.28,153.48,1,1,1
652,19,172.35,360.00,121.18,270.00,1,1,1
652,20,141.18,367.38,60.43,158.29,1,1,1
652,28,261.78,372.89,45.33,115.11,1,1,1
652,29,108.44,384.89,28.89,69.78,1,1,1
652,30,38.67,378.22,34.67,97.33,1,1,1
652,31,72.44,391.56,29.33,82.67,1,1,1
652,32,1653.68,209.01,265.32,868.99,1,1,1
652,37,0.00,419.44,25.93,432.41,1,1,1
652,41,0.53,386.63,36.90,86.63,1,1,1
653,10,559.32,325.42,177.12,347.46,1,1,1
653,11,311.02,354.24,106.78,260.17,1,1,1
653,14,756.00,356.89,36.89,84.00,1,1,1
653,17,46.34,381.95,81.46,151.22,1,1,1
653,19,162.79,358.14,127.13,272.09,1,1,1
653,20,139.02,368.78,62.44,155.12,1,1,1
653,28,260.74,373.15,44.97,114.09,1,1,1
653,29,105.33,382.74,27.66,61.68,1,1,1
653,30,39.59,375.63,29.95,95.18,1,1,1
653,31,71.32,387.31,23.10,83.25,1,1,1
653,32,1664.43,196.57,252.57,882.43,1,1,1
653,37,1.66,435.49,15.85,502.44,1,1,1
653,41,0.94,386.38,34.27,87.32,1,1,1
654,10,556.78,327.97,177.12,344.92,1,1,1
654,11,305.08,354.24,111.02,259.32,1,1,1
654,14,752.23,358.70,39.68,80.57,1,1,1
654,17,39.51,380.49,86.34,152.68,1,1,1
654,19,165.12,359.69,127.13,272.09,1,1,1
654,20,136.59,368.29,63.90,158.05,1,1,1
654,28,259.73,370.13,42.62,117.45,1,1,1
654,29,106.84,382.48,24.79,60.26,1,1,1
654,30,32.77,376.46,33.25,92.72,1,1,1
654,31,63.11,386.65,27.67,83.01,1,1,1
654,32,1679.28,197.56,238.72,881.44,1,1,1
654,37,0.00,412.33,14.29,502.38,1,1,1
654,41,0.00,383.56,29.78,89.33,1,1,1
655,10,554.24,330.51,175.42,344.07,1,1,1
655,11,302.58,356.13,112.90,260.65,1,1,1
655,14,753.85,357.89,33.60,79.35,1,1,1
655,17,35.29,379.68,83.96,156.68,1,1,1
655,19,163.56,360.17,132.20,272.88,1,1,1
655,20,133.58,366.42,64.21,161.25,1,1,1
655,28,258.30,370.04,42.51,118.22,1,1,1
655,29,104.18,382.45,23.68,61.00,1,1,1
655,30,30.92,376.88,33.15,100.84,1,1,1
655,31,64.07,385.52,24.79,83.29,1,1,1
655,32,1687.94,200.19,231.06,876.81,1,1,1
655,41,0.94,387.79,30.05,85.45,1,1,1
656,10,550.00,332.41,175.93,344.44,1,1,1
656,11,300.71,357.45,110.64,258.87,1,1,1
656,14,748.13,355.08,39.04,84.49,1,1,1
656,17,30.36,380.97,83.40,156.28,1,1,1
656,19,153.53,362.35,135.88,274.12,1,1,1
656,20,133.20,368.02,57.89,160.32,1,1,1
656,28,255.43,370.19,41.78,116.99,1,1,1
656,29,100.84,380.50,24.51,62.40,1,1,1
656,30,26.46,376.88,34.54,104.18,1,1,1
656,31,54.87,390.53,31.20,91.36,1,1,1
656,32,1690.43,207.65,228.57,869.35,1,1,1
656,41,0.50,387.50,25.50,83.00,1,1,1
657,10,548.31,332.20,172.88,347.46,1,1,1
657,11,297.46,360.17,111.02,258.47,1,1,1
657,14,747.99,357.05,35.57,79.19,1,1,1
657,17,28.34,382.89,85.03,156.15,1,1,1
657,19,152.71,362.02,134.88,275.97,1,1,1
657,20,131.55,367.38,56.68,162.03,1,1,1
657,28,253.44,370.04,41.70,118.22,1,1,1
657,29,99.16,380.22,22.01,61.84,1,1,1
657,30,22.84,378.55,35.38,100.28,1,1,1
657,31,51.53,385.24,22.01,78.55,1,1,1
657,32,1692.67,211.89,225.33,867.11,1,1,1
657,41,0.59,388.24,20.00,84.12,1,1,1
658,10,545.74,331.78,173.64,345.74,1,1,1
658,11,294.92,361.02,112.71,260.17,1,1,1
658,14,744.92,354.55,38.50,91.98,1,1,1
658,17,24.89,382.67,80.00,155.56,1,1,1
658,19,152.48,365.96,133.33,273.05,1,1,1
658,20,131.56,365.33,62.22,163.56,1,1,1
658,28,252.03,369.37,42.07,117.71,1,1,1
658,29,96.70,379.44,24.11,64.21,1,1,1
658,30,28.93,378.17,24.87,92.89,1,1,1
658,31,51.27,387.82,24.62,82.99,1,1,1
658,32,1691.13,213.86,227.87,862.14,1,1,1
658,41,0.40,387.45,19.43,83.00,1,1,1
659,10,544.96,333.33,170.54,346.51,1,1,1
659,11,292.59,361.11,114.81,260.19,1,1,1
659,14,722.44,348.29,57.56,99.02,1,1,1
659,17,24.03,378.97,78.11,158.80,1,1,1
659,19,149.20,365.24,132.62,275.40,1,1,1
659,20,127.04,365.24,65.24,164.38,1,1,1
659,28,250.74,369.32,42.48,119.47,1,1,1
659,29,93.28,378.23,22.58,62.37,1,1,1
659,30,16.40,378.76,32.53,93.55,1,1,1
659,31,48.12,385.75,27.42,86.83,1,1,1
659,32,1688.47,225.29,230.53,851.71,1,1,1
659,41,0.00,386.81,16.48,81.32,1,1,1
660,10,545.39,331.21,165.96,348.23,1,1,1
660,11,288.14,362.71,112.71,261.02,1,1,1
660,14,730.26,351.66,49.82,94.10,1,1,1
660,17,22.22,379.56,76.89,156.89,1,1,1
660,19,143.23,365.16,136.77,273.55,1,1,1
660,20,128.00,364.00,61.33,165.78,1,1,1
660,28,248.00,368.44,42.22,120.00,1,1,1
660,29,90.60,378.19,23.83,62.08,1,1,1
660,30,15.77,377.52,30.87,93.29,1,1,1
660,31,45.97,385.91,27.85,84.56,1,1,1
660,32,1691.06,233.00,226.94,846.00,1,1,1
660,41,0.00,391.16,17.01,77.55,1,1,1
661,10,543.97,333.33,165.25,346.81,1,1,1
661,11,288.65,362.41,114.89,262.41,1,1,1
661,14,724.60,344.39,54.01,105.35,1,1,1
661,17,21.86,380.97,75.30,155.87,1,1,1
661,19,143.41,366.67,137.21,272.87,1,1,1
661,20,124.70,364.37,59.51,167.61,1,1,1
661,28,246.48,369.42,32.42,119.57,1,1,1
661,29,89.69,378.55,23.68,61.00,1,1,1
661,30,13.65,377.44,34.26,101.39,1,1,1
661,31,44.85,385.52,27.86,93.87,1,1,1
661,32,1692.62,229.88,225.38,849.12,1,1,1
661,36,3.09,392.27,15.98,42.27,1,1,1
661,41,0.00,389.69,14.95,81.44,1,1,1
662,10,542.37,335.59,165.25,345.76,1,1,1
662,11,284.75,364.41,120.34,261.86,1,1,1
662,14,731.00,351.66,47.23,96.68,1,1,1
662,17,19.84,380.57,74.49,159.92,1,1,1
662,19,143.87,369.68,134.19,272.26,1,1,1
662,20,125.91,364.78,64.78,168.42,1,1,1
662,28,247.09,370.95,35.47,119.57,1,1,1
662,29,90.36,379.44,22.59,59.64,1,1,1
662,30,10.84,379.37,35.31,89.16,1,1,1
662,32,1690.14,233.71,228.86,844.29,1,1,1
662,36,3.09,393.81,17.01,40.21,1,1,1
662,41,0.52,390.72,11.34,77.84,1,1,1
663,10,542.64,341.09,164.34,336.43,1,1,1
663,11,282.20,364.41,116.95,261.86,1,1,1
663,14,726.22,349.33,48.44,105.78,1,1,1
663,17,19.40,383.08,74.63,159.70,1,1,1
663,19,137.29,369.49,138.14,275.42,1,1,1
663,20,125.37,366.17,69.15,172.14,1,1,1
663,28,245.73,372.35,35.15,121.16,1,1,1
663,29,87.57,382.49,24.58,60.45,1,1,1
663,30,9.60,383.05,39.27,101.13,1,1,1
663,32,1695.64,229.36,221.36,849.64,1,1,1
663,36,3.00,397.50,16.00,41.50,1,1,1
663,41,0.00,394.22,11.11,76.44,1,1,1
664,10,543.41,341.86,163.57,338.76,1,1,1
664,11,280.62,367.44,117.83,261.24,1,1,1
664,14,738.06,365.18,37.65,95.14,1,1,1
664,17,18.24,385.88,74.71,160.00,1,1,1
664,18,176.05,399.00,63.41,131.71,1,1,1
664,19,133.90,372.88,139.83,277.12,1,1,1
664,20,124.12,370.00,73.53,160.59,1,1,1
664,28,243.32,376.52,35.63,121.46,1,1,1
664,29,86.54,386.85,23.85,62.39,1,1,1
664,30,7.03,385.32,36.70,99.39,1,1,1
664,32,1704.16,221.37,214.84,853.63,1,1,1
664,41,0.00,394.04,9.27,82.78,1,1,1
665,10,545.78,349.00,163.41,339.02,1,1,1
665,11,282.41,371.30,116.67,262.96,1,1,1
665,17,19.25,391.98,71.66,157.22,1,1,1
665,18,179.71,406.32,65.85,131.71,1,1,1
665,19,137.21,375.97,131.01,279.07,1,1,1
665,20,125.67,374.87,79.68,163.10,1,1,1
665,28,243.54,380.07,36.90,121.40,1,1,1
665,29,87.06,391.37,25.38,56.60,1,1,1
665,30,10.15,390.36,32.23,95.43,1,1,1
665,32,1701.57,250.86,216.43,828.14,1,1,1
666,10,547.00,357.54,163.41,340.24,1,1,1
666,11,280.51,377.97,121.19,261.86,1,1,1
666,17,17.81,397.17,74.90,157.89,1,1,1
666,18,169.95,413.63,76.83,132.93,1,1,1
666,19,135.29,382.35,133.53,274.12,1,1,1
666,20,129.55,382.59,73.68,163.97,1,1,1
666,28,242.51,386.85,34.25,121.10,1,1,1
666,29,87.06,399.49,25.89,62.94,1,1,1
666,30,6.85,394.16,35.03,99.24,1,1,1
666,32,1705.86,233.71,212.14,845.29,1,1,1
667,5,131.15,405.10,34.15,86.59,1,1,1
667,10,548.22,363.63,160.98,340.24,1,1,1
667,11,277.97,381.36,126.27,265.25,1,1,1
667,17,18.18,407.49,70.05,156.68,1,1,1
667,18,179.71,425.83,65.85,129.27,1,1,1
667,19,133.05,388.14,125.42,274.58,1,1,1
667,20,131.02,388.24,61.50,166.84,1,1,1
667,28,238.46,392.71,33.20,122.67,1,1,1
667,29,84.71,404.89,22.94,52.60,1,1,1
667,30,6.73,401.53,28.44,96.02,1,1,1
667,32,1716.06,254.88,201.94,824.12,1,1,1
668,5,126.27,416.07,40.24,85.37,1,1,1
668,10,550.35,374.47,159.57,339.72,1,1,1
668,11,277.78,392.59,123.15,260.19,1,1,1
668,17,13.90,415.51,78.07,157.22,1,1,1
668,18,176.05,425.83,68.29,143.90,1,1,1
668,19,134.11,398.45,130.23,271.32,1,1,1
668,20,129.95,398.93,77.54,171.12,1,1,1
668,28,240.59,402.21,31.37,119.93,1,1,1
668,29,85.79,413.96,25.38,62.44,1,1,1
668,30,5.63,408.66,37.66,102.60,1,1,1
668,32,1730.81,269.41,188.19,808.59,1,1,1
669,5,132.37,419.73,35.37,93.90,1,1,1
669,10,556.76,379.49,152.44,340.24,1,1,1
669,11,279.07,395.35,126.36,262.02,1,1,1
669,17,16.47,418.24,71.18,157.65,1,1,1
669,18,183.37,429.49,62.20,141.46,1,1,1
669,19,131.01,400.78,110.08,275.97,1,1,1
669,20,130.59,402.35,68.24,168.24,1,1,1
669,28,237.65,405.67,34.82,121.86,1,1,1
669,29,89.14,417.27,24.23,54.87,1,1,1
669,30,8.36,412.81,28.97,82.45,1,1,1
669,32,1757.06,271.17,160.94,807.83,1,1,1
670,5,127.49,420.95,40.24,92.68,1,1,1
670,10,555.81,381.40,154.26,341.86,1,1,1
670,11,274.42,397.67,131.01,262.79,1,1,1
670,17,11.76,421.39,77.01,157.22,1,1,1
670,18,187.02,430.71,74.39,145.12,1,1,1
670,19,130.23,401.55,125.58,282.17,1,1,1
670,20,129.41,403.21,64.71,172.73,1,1,1
670,28,235.79,407.38,40.59,122.51,1,1,1
670,29,84.40,418.65,26.91,60.55,1,1,1
670,30,6.42,415.29,31.50,89.60,1,1,1
670,31,58.41,425.38,34.86,92.35,1,1,1
670,32,1749.25,278.24,168.75,800.76,1,1,1
671,5,128.37,425.53,36.17,78.01,1,1,1
671,10,555.93,387.29,154.24,344.07,1,1,1
671,11,273.64,401.55,130.23,265.12,1,1,1
671,17,10.12,425.91,80.16,155.87,1,1,1
671,18,194.22,432.00,66.22,144.44,1,1,1
671,19,128.24,406.47,124.12,280.59,1,1,1
671,20,128.34,406.88,70.85,170.04,1,1,1
671,28,233.03,411.31,44.65,121.71,1,1,1
671,29,84.03,421.64,26.26,61.55,1,1,1
671,30,1.05,417.86,36.97,93.91,1,1,1
671,31,53.99,428.15,35.71,86.76,1,1,1
671,32,1731.25,290.13,186.75,788.87,1,1,1
672,5,127.49,425.83,40.24,90.24,1,1,1
672,10,556.15,391.44,151.14,345.64,1,1,1
672,11,269.44,403.70,134.26,266.67,1,1,1
672,17,8.24,426.47,84.12,160.59,1,1,1
672,18,186.52,434.04,74.47,147.52,1,1,1
672,19,125.42,409.32,125.42,277.97,1,1,1
672,20,127.65,410.59,58.82,170.59,1,1,1
672,28,228.34,414.17,47.77,122.27,1,1,1
672,29,84.12,423.40,23.96,62.40,1,1,1
672,30,1.39,420.89,33.98,89.69,1,1,1
672,31,55.15,431.20,37.88,85.52,1,1,1
672,32,1723.76,301.76,194.24,777.24,1,1,1
673,5,127.49,428.27,40.24,92.68,1,1,1
673,10,556.74,394.33,150.35,342.55,1,1,1
673,11,269.03,406.45,130.97,267.10,1,1,1
673,17,5.35,428.88,78.07,159.36,1,1,1
673,18,186.83,435.12,77.07,145.85,1,1,1
673,19,125.53,409.93,121.28,283.69,1,1,1
673,20,127.81,410.16,67.38,170.59,1,1,1
673,28,228.34,417.81,49.39,120.65,1,1,1
673,29,83.57,423.96,25.07,62.95,1,1,1
673,30,4.18,422.56,32.31,101.95,1,1,1
673,31,51.53,432.59,44.01,86.07,1,1,1
673,32,1711.84,309.30,206.16,769.70,1,1,1
674,5,128.71,431.93,35.37,100.00,1,1,1
674,10,555.04,396.12,150.39,344.19,1,1,1
674,11,267.44,409.30,133.33,267.44,1,1,1
674,17,4.28,431.02,79.68,158.29,1,1,1
674,18,191.11,437.33,72.89,146.67,1,1,1
674,19,123.26,412.40,121.71,280.62,1,1,1
674,20,131.02,412.83,56.15,171.12,1,1,1
674,28,225.50,419.13,46.31,121.48,1,1,1
674,29,83.50,425.13,24.11,61.42,1,1,1
674,30,0.76,424.87,34.26,92.64,1,1,1
674,31,52.79,435.03,43.65,87.06,1,1,1
674,32,1697.00,318.00,220.00,761.00,1,1,1
675,5,126.27,431.93,43.90,100.00,1,1,1
675,10,553.49,397.67,150.39,342.64,1,1,1
675,11,268.64,410.17,133.05,268.64,1,1,1
675,17,3.21,431.02,79.14,156.68,1,1,1
675,18,191.98,437.43,73.80,145.99,1,1,1
675,19,122.03,416.10,125.42,281.36,1,1,1
675,20,128.88,410.70,66.31,172.19,1,1,1
675,28,223.25,419.93,48.34,122.51,1,1,1
675,29,83.25,425.63,24.37,59.64,1,1,1
675,30,0.00,425.89,36.29,99.24,1,1,1
675,31,49.75,437.06,36.55,89.34,1,1,1
675,32,1693.86,325.79,224.14,753.21,1,1,1
676,5,126.27,433.15,40.24,97.56,1,1,1
676,10,551.94,396.12,151.94,341.86,1,1,1
676,11,269.49,409.32,132.20,268.64,1,1,1
676,17,2.67,430.48,79.68,156.68,1,1,1
676,18,195.72,437.43,70.05,149.73,1,1,1
676,19,124.03,416.28,126.36,279.84,1,1,1
676,20,135.29,411.23,57.75,174.87,1,1,1
676,28,225.09,420.66,48.34,119.19,1,1,1
676,29,84.26,426.65,23.60,61.68,1,1,1
676,30,0.00,426.40,37.56,98.48,1,1,1
676,31,48.73,437.06,36.04,89.59,1,1,1
676,32,1691.00,332.00,227.00,747.00,1,1,1
677,5,128.71,435.59,41.46,85.37,1,1,1
677,10,551.35,395.95,150.00,345.95,1,1,1
677,11,267.38,409.93,136.88,272.34,1,1,1
677,17,1.78,430.22,82.22,158.22,1,1,1
677,18,198.71,438.06,69.03,152.26,1,1,1
677,19,120.34,418.64,134.75,278.81,1,1,1
677,20,137.33,412.00,60.89,178.22,1,1,1
677,28,224.00,420.89,53.33,120.44,1,1,1
677,29,86.54,427.22,22.32,62.69,1,1,1
677,30,0.00,425.69,39.45,109.17,1,1,1
677,31,49.85,438.23,38.23,86.54,1,1,1
677,32,1694.19,337.69,223.44,740.62,1,1,1
678,5,129.93,434.37,42.68,95.12,1,1,1
678,10,552.90,394.19,149.03,347.74,1,1,1
678,11,269.77,410.85,131.78,271.32,1,1,1
678,17,1.33,429.78,84.89,158.22,1,1,1
678,18,199.11,438.22,76.00,150.22,1,1,1
678,19,123.73,418.64,121.19,283.05,1,1,1
678,20,140.89,410.22,52.44,178.22,1,1,1
678,28,220.18,420.80,54.74,119.27,1,1,1
678,29,87.76,428.64,24.02,60.28,1,1,1
678,30,4.62,425.17,38.80,99.31,1,1,1
678,31,56.12,438.11,45.50,95.15,1,1,1
678,32,1703.18,340.82,214.82,738.18,1,1,1
679,5,133.59,434.37,42.68,97.56,1,1,1
679,10,551.79,391.07,150.00,347.62,1,1,1
679,11,272.88,411.02,131.36,272.03,1,1,1
679,17,1.78,428.44,85.78,161.78,1,1,1
679,18,204.12,437.65,76.47,151.18,1,1,1
679,19,124.52,419.35,123.87,281.29,1,1,1
679,20,142.67,411.11,58.67,176.89,1,1,1
679,28,225.78,421.33,53.33,118.67,1,1,1
679,29,88.99,429.97,24.77,59.94,1,1,1
679,30,5.81,426.61,36.39,99.39,1,1,1
679,31,60.86,441.59,43.12,84.40,1,1,1
679,32,1715.35,339.12,203.65,739.88,1,1,1
680,5,137.24,435.59,40.24,91.46,1,1,1
680,10,551.94,390.70,151.16,349.61,1,1,1
680,11,276.13,412.26,129.03,269.68,1,1,1
680,17,4.06,431.37,87.08,160.15,1,1,1
680,18,209.41,439.41,74.71,150.59,1,1,1
680,19,126.45,419.35,121.94,283.87,1,1,1
680,20,145.39,411.81,58.30,178.23,1,1,1
680,28,228.04,422.51,50.55,118.08,1,1,1
680,29,90.36,431.98,26.40,60.41,1,1,1
680,30,10.15,427.16,35.53,94.42,1,1,1
680,31,58.38,439.34,48.22,87.06,1,1,1
680,32,1732.40,348.78,186.60,730.22,1,1,1
681,5,140.50,437.75,33.75,83.75,1,1,1
681,10,551.77,389.36,151.06,350.35,1,1,1
681,11,278.24,412.94,126.47,269.41,1,1,1
681,17,4.43,432.84,92.25,160.15,1,1,1
681,18,211.18,440.59,77.06,152.94,1,1,1
681,19,124.03,417.83,127.13,288.37,1,1,1
681,20,147.97,413.28,57.20,180.07,1,1,1
681,28,229.52,424.35,41.33,113.28,1,1,1
681,29,91.37,433.76,27.41,60.91,1,1,1
681,30,10.91,428.17,35.03,91.62,1,1,1
681,31,63.71,441.12,45.69,87.56,1,1,1
681,32,1764.14,364.65,153.86,714.35,1,1,1
682,5,143.34,438.02,35.37,95.12,1,1,1
682,10,551.94,389.15,151.16,348.84,1,1,1
682,11,277.97,411.86,131.36,272.88,1,1,1
682,17,5.54,434.69,87.08,160.52,1,1,1
682,18,215.51,442.78,71.12,149.73,1,1,1
682,19,128.82,420.00,126.47,284.12,1,1,1
682,20,153.87,414.76,56.09,177.49,1,1,1
682,28,228.04,425.46,44.28,115.87,1,1,1
682,29,95.94,436.04,25.38,61.17,1,1,1
682,30,10.74,431.48,36.30,92.59,1,1,1
682,31,64.81,442.59,46.67,88.89,1,1,1
682,32,1786.22,350.33,131.78,728.67,1,1,1
682,41,0.47,440.47,8.37,73.49,1,1,1
683,5,145.78,438.02,32.93,89.02,1,1,1
683,10,551.69,388.98,155.93,352.54,1,1,1
683,11,282.95,412.40,125.58,272.87,1,1,1
683,17,8.89,436.00,83.56,156.89,1,1,1
683,18,219.79,445.45,64.71,149.20,1,1,1
683,19,131.91,421.99,129.08,285.82,1,1,1
683,20,156.44,413.78,52.00,180.89,1,1,1
683,28,229.78,425.33,45.78,125.78,1,1,1
683,29,98.78,437.61,26.30,57.80,1,1,1
683,30,15.70,431.18,35.57,101.62,1,1,1
683,31,66.74,441.57,48.50,89.15,1,1,1
683,32,1809.58,377.35,109.42,701.65,1,1,1
683,41,0.00,442.56,12.46,72.32,1,1,1
684,5,147.00,440.46,35.37,84.15,1,1,1
684,10,552.54,389.83,155.93,355.08,1,1,1
684,11,284.26,414.81,122.22,274.07,1,1,1
684,17,10.22,436.89,84.44,160.00,1,1,1
684,18,232.62,445.99,58.82,151.34,1,1,1
684,19,132.90,422.58,128.39,283.87,1,1,1
684,20,162.03,417.11,62.57,180.75,1,1,1
684,28,231.56,429.33,45.78,119.11,1,1,1
684,29,100.67,435.23,24.83,61.74,1,1,1
684,30,20.81,431.21,33.22,93.29,1,1,1
684,31,69.46,445.64,43.62,87.25,1,1,1
684,32,1837.61,253.11,81.39,825.89,1,1,1
684,41,0.47,446.51,13.02,78.14,1,1,1
685,5,148.22,442.90,40.24,85.37,1,1,1
685,10,553.49,391.47,155.04,355.81,1,1,1
685,11,286.82,416.28,123.26,273.64,1,1,1
685,17,10.32,442.58,85.16,158.06,1,1,1
685,18,228.68,448.06,59.69,151.94,1,1,1
685,19,136.13,420.00,123.23,285.81,1,1,1
685,28,232.90,429.68,46.45,121.29,1,1,1
685,29,103.67,441.28,23.24,55.05,1,1,1
685,30,23.55,434.56,32.42,82.87,1,1,1
685,31,66.06,443.12,48.32,91.74,1,1,1
685,32,1857.00,298.00,61.00,781.00,1,1,1
685,41,1.09,443.72,12.02,81.42,1,1,1
686,5,149.44,442.90,40.24,85.37,1,1,1
686,10,553.90,393.62,156.74,359.57,1,1,1
686,11,287.60,416.28,121.71,275.19,1,1,1
686,17,14.71,444.12,78.24,158.24,1,1,1
686,18,230.00,451.76,62.35,154.12,1,1,1
686,19,136.43,422.48,125.58,285.27,1,1,1
686,28,232.35,431.76,47.65,121.18,1,1,1
686,29,103.24,439.68,26.72,59.92,1,1,1
686,30,22.67,434.82,38.06,122.27,1,1,1
686,31,65.99,446.15,49.80,89.47,1,1,1
686,32,1885.21,299.94,33.79,779.06,1,1,1
686,41,0.62,447.83,16.15,81.37,1,1,1
687,5,150.66,444.12,36.59,89.02,1,1,1
687,10,550.39,395.35,163.57,361.24,1,1,1
687,11,290.74,418.52,117.59,274.07,1,1,1
687,17,14.97,445.45,78.61,158.82,1,1,1
687,18,229.68,449.03,65.16,158.71,1,1,1
687,19,137.04,425.93,125.00,279.63,1,1,1
687,28,234.76,432.62,46.52,133.69,1,1,1
687,29,107.38,441.33,23.99,57.93,1,1,1
687,30,20.30,438.75,42.80,99.63,1,1,1
687,31,66.42,448.71,46.86,86.35,1,1,1
687,41,0.00,446.39,18.04,84.02,1,1,1
688,5,151.88,444.12,39.02,104.88,1,1,1
688,10,551.06,398.58,163.83,360.28,1,1,1
688,11,289.81,420.37,121.30,276.85,1,1,1
688,17,17.06,444.71,80.59,159.41,1,1,1
688,18,231.76,452.35,65.29,153.53,1,1,1
688,19,138.98,425.42,127.12,283.90,1,1,1
688,28,233.69,434.76,48.13,125.13,1,1,1
688,29,108.39,439.26,25.50,63.76,1,1,1
688,30,24.16,439.60,38.59,92.62,1,1,1
688,31,69.13,446.64,46.64,89.26,1,1,1
688,41,0.57,446.55,20.69,85.06,1,1,1
689,5,155.54,446.56,39.02,90.24,1,1,1
689,10,551.94,400.78,168.22,362.02,1,1,1
689,11,295.76,421.19,116.95,271.19,1,1,1
689,17,17.83,444.96,78.29,158.14,1,1,1
689,18,231.76,454.12,72.35,152.94,1,1,1
689,19,142.64,424.81,124.03,286.82,1,1,1
689,28,238.06,435.63,44.13,115.38,1,1,1
689,29,110.70,440.67,23.85,62.69,1,1,1
689,30,27.22,439.45,36.70,103.36,1,1,1
689,31,71.56,447.40,46.48,92.35,1,1,1
689,41,0.00,447.09,20.80,87.46,1,1,1
690,5,157.98,446.56,39.02,95.12,1,1,1
690,10,551.94,401.55,169.77,365.89,1,1,1
690,11,298.31,420.34,115.25,275.42,1,1,1
690,17,19.41,444.12,83.53,157.06,1,1,1
690,18,243.53,453.53,65.88,154.12,1,1,1
690,19,145.76,425.42,122.03,288.14,1,1,1
690,28,240.49,435.22,39.68,113.77,1,1,1
690,29,113.63,440.18,23.33,61.20,1,1,1
690,30,28.64,440.18,39.49,97.23,1,1,1
690,31,76.67,447.81,43.88,92.61,1,1,1
690,41,0.00,444.76,22.86,87.30,1,1,1
691,5,161.62,447.47,35.35,85.86,1,1,1
691,10,556.03,402.13,168.79,363.83,1,1,1
691,11,300.00,424.58,117.80,272.88,1,1,1
691,17,24.12,443.53,77.06,158.82,1,1,1
691,18,245.33,452.44,65.33,157.78,1,1,1
691,19,150.00,424.58,122.88,286.44,1,1,1
691,28,245.26,436.09,38.53,122.32,1,1,1
691,29,116.51,439.76,24.77,61.16,1,1,1
691,30,32.42,439.45,40.98,100.92,1,1,1
691,31,79.20,447.71,42.81,90.83,1,1,1
691,35,3.06,447.40,22.02,80.73,1,1,1
691,41,0.61,448.62,25.99,85.93,1,1,1
692,5,162.85,449.00,36.59,91.46,1,1,1
692,10,559.32,405.93,168.64,362.71,1,1,1
692,11,300.00,424.58,117.80,272.03,1,1,1
692,17,25.46,442.80,77.86,158.67,1,1,1
692,18,246.52,451.87,71.12,158.29,1,1,1
692,19,152.94,424.12,121.76,287.65,1,1,1
692,20,190.41,425.46,66.42,184.87,1,1,1
692,28,244.57,436.26,35.57,101.85,1,1,1
692,29,119.54,439.50,23.74,61.34,1,1,1
692,30,34.66,440.34,39.92,91.81,1,1,1
692,31,84.87,446.43,38.87,93.28,1,1,1
692,35,5.15,446.13,26.29,82.47,1,1,1
692,41,0.26,445.10,30.15,86.86,1,1,1
693,5,166.51,447.78,35.37,89.02,1,1,1
693,10,558.89,405.56,172.22,362.22,1,1,1
693,11,301.69,423.73,117.80,274.58,1,1,1
693,17,27.80,442.93,80.49,159.02,1,1,1
693,18,248.18,450.20,70.04,159.92,1,1,1
693,19,155.56,425.93,125.93,286.11,1,1,1
693,20,200.00,423.90,60.98,185.37,1,1,1
693,28,245.40,435.93,39.83,102.51,1,1,1
693,29,120.89,439.00,25.91,62.12,1,1,1
693,30,36.21,440.11,35.38,92.76,1,1,1
693,31,85.79,447.91,38.16,88.30,1,1,1
693,35,5.57,444.57,27.58,86.35,1,1,1
693,36,27.21,446.29,20.14,71.02,1,1,1
693,41,0.71,446.29,32.16,84.81,1,1,1
694,5,165.29,446.56,36.59,95.12,1,1,1
694,10,565.29,409.98,169.51,357.32,1,1,1
694,11,303.70,423.15,113.89,274.07,1,1,1
694,17,29.76,441.95,78.05,159.02,1,1,1
694,18,256.68,451.34,58.29,157.22,1,1,1
694,19,156.59,425.58,118.60,288.37,1,1,1
694,20,205.37,421.46,60.00,187.32,1,1,1
694,28,248.75,434.26,40.11,116.16,1,1,1
694,29,123.71,439.20,24.67,64.44,1,1,1
694,30,40.07,439.09,33.55,95.44,1,1,1
694,31,85.67,447.56,40.07,86.64,1,1,1
694,35,10.10,441.04,30.62,89.58,1,1,1
694,36,30.29,447.23,15.96,68.08,1,1,1
694,41,0.00,443.97,33.55,86.64,1,1,1
695,5,167.73,445.34,37.80,92.68,1,1,1
695,10,567.73,407.54,168.29,362.20,1,1,1
695,11,298.31,420.34,120.34,275.42,1,1,1
695,17,29.89,441.70,78.60,158.67,1,1,1
695,18,257.75,449.20,64.17,159.89,1,1,1
695,19,162.71,427.12,110.17,284.75,1,1,1
695,20,201.48,421.03,63.10,188.19,1,1,1
695,28,250.00,434.01,38.83,114.72,1,1,1
695,29,125.91,438.43,23.13,62.61,1,1,1
695,30,37.08,438.76,32.78,94.02,1,1,1
695,31,88.17,446.96,39.83,89.57,1,1,1
695,35,12.20,441.15,29.90,84.21,1,1,1
695,36,30.40,445.79,17.95,66.30,1,1,1
695,41,0.73,443.22,33.70,87.91,1,1,1
696,5,167.73,444.12,36.59,85.37,1,1,1
696,10,571.39,405.10,169.51,365.85,1,1,1
696,11,300.00,422.88,121.19,272.88,1,1,1
696,17,32.47,440.22,74.91,159.41,1,1,1
696,18,262.57,448.66,69.52,156.68,1,1,1
696,19,163.53,425.29,112.94,288.82,1,1,1
696,20,206.64,418.45,61.62,186.72,1,1,1
696,28,252.92,433.15,36.49,120.33,1,1,1
696,29,127.25,439.49,24.94,60.28,1,1,1
696,30,39.72,437.64,35.33,87.76,1,1,1
696,31,90.53,446.65,39.49,89.61,1,1,1
696,35,10.84,441.57,32.53,79.52,1,1,1
696,41,0.90,441.57,37.05,88.86,1,1,1
697,5,170.17,440.46,35.37,91.46,1,1,1
697,10,573.83,399.00,167.07,371.95,1,1,1
697,11,303.39,422.88,116.10,275.42,1,1,1
697,17,33.78,440.44,75.11,157.78,1,1,1
697,18,268.00,448.44,68.00,158.22,1,1,1
697,19,166.95,423.73,115.25,288.14,1,1,1
697,20,210.22,417.33,64.00,189.78,1,1,1
697,28,256.88,431.19,35.47,121.10,1,1,1
697,29,130.04,437.39,23.32,60.71,1,1,1
697,30,42.23,435.71,34.45,88.87,1,1,1
697,31,91.81,444.75,39.50,89.08,1,1,1
697,35,15.13,435.29,28.99,83.82,1,1,1
697,41,0.00,443.03,39.04,84.06,1,1,1
698,5,173.83,440.46,35.37,97.56,1,1,1
698,10,579.93,400.22,162.20,365.85,1,1,1
698,11,307.63,421.19,116.10,277.97,1,1,1
698,17,36.02,440.23,76.63,157.47,1,1,1
698,18,271.18,447.65,58.82,158.82,1,1,1
698,19,169.68,423.87,116.13,290.97,1,1,1
698,20,212.26,416.86,65.13,189.27,1,1,1
698,28,257.09,431.03,38.70,126.82,1,1,1
698,29,131.58,439.00,24.64,59.09,1,1,1
698,30,43.78,435.65,35.41,98.33,1,1,1
698,31,95.22,444.74,38.52,89.00,1,1,1
698,35,20.00,439.55,28.64,78.64,1,1,1
698,40,0.52,441.75,12.11,87.37,1,1,1
698,41,1.03,440.98,40.46,87.11,1,1,1
699,5,173.83,440.46,42.68,90.24,1,1,1
699,10,581.15,396.56,165.85,369.51,1,1,1
699,11,305.93,422.03,116.10,277.12,1,1,1
699,17,38.06,442.91,74.49,157.89,1,1,1
699,18,277.65,450.59,67.65,157.65,1,1,1
699,19,167.80,424.58,116.95,288.14,1,1,1
699,20,204.86,417.00,80.57,191.09,1,1,1
699,28,253.44,431.17,42.51,125.91,1,1,1
699,29,133.43,438.72,24.51,60.72,1,1,1
699,30,47.08,437.33,33.15,105.29,1,1,1
699,31,96.94,446.80,38.16,85.79,1,1,1
699,35,24.52,440.65,26.13,73.55,1,1,1
699,40,0.00,446.45,13.23,78.39,1,1,1
699,41,0.65,444.19,39.68,81.61,1,1,1
700,5,175.05,441.68,35.37,85.37,1,1,1
700,10,584.80,399.00,165.85,368.29,1,1,1
700,11,306.78,419.49,118.64,279.66,1,1,1
700,17,38.38,441.70,77.86,157.93,1,1,1
700,18,278.54,450.24,61.46,161.95,1,1,1
700,19,172.90,423.23,115.48,290.32,1,1,1
700,20,216.59,417.56,67.80,194.15,1,1,1
700,28,255.35,429.89,42.44,118.82,1,1,1
700,29,134.01,440.61,22.84,57.61,1,1,1
700,30,45.43,435.53,34.52,98.48,1,1,1
700,31,100.25,445.18,36.04,86.80,1,1,1
700,35,24.29,438.70,24.86,71.75,1,1,1
700,40,0.85,447.74,11.58,76.84,1,1,1
700,41,0.28,443.50,40.11,83.33,1,1,1
701,5,178.71,441.68,35.37,100.00,1,1,1
701,10,589.68,400.22,165.85,368.29,1,1,1
701,11,306.78,421.19,116.10,278.81,1,1,1
701,17,40.49,442.91,74.49,157.09,1,1,1
701,18,278.54,450.24,60.49,160.49,1,1,1
701,19,172.26,426.45,119.35,289.03,1,1,1
701,20,216.60,417.81,72.47,206.48,1,1,1
701,28,255.06,430.36,39.68,131.58,1,1,1
701,29,135.65,439.55,23.40,60.45,1,1,1
701,30,51.53,436.49,28.13,91.64,1,1,1
701,31,96.55,444.06,42.15,87.36,1,1,1
701,35,25.41,437.30,29.10,77.05,1,1,1
701,39,90.69,442.51,26.32,80.57,1,1,1
701,40,0.00,447.95,9.42,77.87,1,1,1
701,41,0.41,443.44,40.57,82.79,1,1,1
702,5,178.71,441.68,35.37,100.00,1,1,1
702,10,592.12,401.44,163.41,359.76,1,1,1
702,11,292.37,419.49,132.20,278.81,1,1,1
702,17,39.56,441.78,74.22,158.22,1,1,1
702,18,280.59,451.18,60.00,161.76,1,1,1
702,19,171.61,426.45,118.06,288.39,1,1,1
702,20,224.00,420.44,69.78,200.00,1,1,1
702,28,259.56,431.56,41.33,134.22,1,1,1
702,29,136.09,440.67,24.46,60.24,1,1,1
702,30,50.15,436.09,32.42,95.11,1,1,1
702,31,102.45,444.04,36.70,86.54,1,1,1
702,35,26.79,440.77,26.79,71.73,1,1,1
702,39,93.05,441.71,25.67,80.21,1,1,1
702,40,0.00,448.21,13.69,79.17,1,1,1
702,41,0.30,442.56,41.96,86.01,1,1,1
703,5,177.49,442.90,37.80,93.90,1,1,1
703,10,594.56,402.66,164.63,356.10,1,1,1
703,11,299.15,423.73,122.88,274.58,1,1,1
703,17,40.00,442.44,78.05,158.54,1,1,1
703,18,288.93,452.40,67.53,160.89,1,1,1
703,19,170.21,425.53,117.73,288.65,1,1,1
703,20,224.88,420.98,68.29,199.51,1,1,1
703,28,263.56,431.98,40.89,136.44,1,1,1
703,29,137.64,439.95,23.56,62.12,1,1,1
703,30,49.88,436.95,30.72,93.30,1,1,1
703,31,102.08,445.27,37.18,87.30,1,1,1
703,35,28.36,440.06,27.78,85.96,1,1,1
703,39,96.79,442.25,19.25,78.61,1,1,1
703,40,0.29,445.03,16.67,82.46,1,1,1
703,41,0.88,442.69,41.52,85.96,1,1,1
704,5,177.49,444.12,39.02,96.34,1,1,1
704,10,597.00,405.10,164.63,359.76,1,1,1
704,11,286.44,420.34,135.59,279.66,1,1,1
704,17,38.87,442.11,79.76,158.30,1,1,1
704,18,289.30,452.40,59.78,163.10,1,1,1
704,19,172.03,426.27,111.02,285.59,1,1,1
704,20,231.58,422.27,59.11,203.24,1,1,1
704,28,261.07,432.21,43.62,137.25,1,1,1
704,29,138.07,438.32,22.34,62.94,1,1,1
704,30,47.72,437.31,34.77,98.22,1,1,1
704,31,103.30,444.16,37.82,91.37,1,1,1
704,35,29.70,440.00,27.27,86.06,1,1,1
704,39,93.58,441.71,24.06,80.21,1,1,1
704,40,0.58,447.25,14.78,81.16,1,1,1
704,41,3.77,443.19,37.97,87.25,1,1,1
705,5,177.49,444.12,39.02,104.88,1,1,1
705,10,598.22,403.88,163.41,360.98,1,1,1
705,11,284.75,422.03,139.83,280.51,1,1,1
705,17,38.06,440.08,78.95,158.70,1,1,1
705,18,291.71,451.22,56.59,164.88,1,1,1
705,19,171.61,425.16,113.55,291.61,1,1,1
705,20,227.94,421.86,67.21,205.26,1,1,1
705,28,259.92,432.39,44.13,126.72,1,1,1
705,29,138.24,438.66,22.69,64.08,1,1,1
705,30,47.69,438.03,34.87,93.70,1,1,1
705,31,103.36,444.33,38.45,92.02,1,1,1
705,35,26.56,434.96,28.18,91.87,1,1,1
705,39,95.88,439.41,21.18,81.76,1,1,1
705,40,0.27,447.43,15.45,80.76,1,1,1
705,41,2.17,442.01,40.65,88.62,1,1,1
706,5,177.49,441.68,39.02,108.54,1,1,1
706,10,600.66,399.00,163.41,369.51,1,1,1
706,11,287.23,421.28,137.34,279.57,1,1,1
706,17,37.97,440.64,79.68,157.75,1,1,1
706,18,279.68,453.48,87.17,159.36,1,1,1
706,19,169.49,425.42,119.49,287.29,1,1,1
706,20,231.55,422.99,65.24,202.14,1,1,1
706,28,260.15,432.47,43.91,124.35,1,1,1
706,29,138.71,437.10,23.39,65.59,1,1,1
706,30,51.08,437.63,33.33,100.27,1,1,1
706,31,105.11,444.35,38.17,93.01,1,1,1
706,35,28.44,437.61,28.90,94.95,1,1,1
706,39,95.12,440.00,21.46,79.51,1,1,1
706,40,0.46,447.71,14.22,78.44,1,1,1
706,41,1.38,443.58,39.91,87.61,1,1,1
707,10,603.10,396.56,159.76,369.51,1,1,1
707,11,290.74,421.30,130.56,280.56,1,1,1
707,17,36.44,440.89,81.78,159.56,1,1,1
707,18,297.33,453.48,62.03,161.50,1,1,1
707,19,171.19,425.42,112.71,292.37,1,1,1
707,20,226.67,421.78,70.67,203.11,1,1,1
707,28,260.40,431.88,43.62,127.18,1,1,1
707,29,139.95,435.57,21.71,67.67,1,1,1
707,30,51.50,438.11,34.87,97.00,1,1,1
707,31,100.46,445.27,44.34,91.92,1,1,1
707,35,28.18,438.11,28.87,89.84,1,1,1
707,39,97.17,440.89,23.08,80.16,1,1,1
707,40,0.00,445.27,15.01,82.91,1,1,1
707,41,0.46,441.80,41.80,91.22,1,1,1
708,10,607.98,403.88,154.88,363.41,1,1,1
708,11,286.11,420.37,134.26,281.48,1,1,1
708,17,36.03,440.49,82.59,161.54,1,1,1
708,19,170.05,423.53,112.83,292.51,1,1,1
708,20,232.39,421.46,68.42,206.48,1,1,1
708,28,264.07,433.15,34.26,116.16,1,1,1
708,29,140.34,435.08,22.69,62.61,1,1,1
708,30,49.58,440.55,41.81,91.60,1,1,1
708,31,102.10,443.91,42.86,92.86,1,1,1
708,35,27.90,439.13,28.62,85.51,1,1,1
708,39,88.26,440.49,22.67,82.59,1,1,1
708,40,0.00,446.74,16.67,79.35,1,1,1
708,41,1.09,445.65,41.30,82.97,1,1,1
709,10,614.07,397.78,150.00,370.73,1,1,1
709,11,290.70,419.38,127.13,282.95,1,1,1
709,17,36.87,441.90,80.45,158.66,1,1,1
709,19,168.82,422.94,114.71,296.47,1,1,1
709,20,232.39,420.24,73.28,208.10,1,1,1
709,28,265.25,431.78,35.59,138.14,1,1,1
709,29,140.66,437.14,23.08,62.20,1,1,1
709,30,54.68,439.33,31.84,95.51,1,1,1
709,31,101.87,446.82,44.57,88.39,1,1,1
709,35,29.21,438.58,29.96,93.26,1,1,1
709,39,90.37,442.25,26.20,80.21,1,1,1
709,40,0.00,442.70,21.35,83.90,1,1,1
709,41,1.87,442.32,42.32,86.14,1,1,1
710,10,616.51,399.00,146.34,368.29,1,1,1
710,11,286.11,421.30,130.56,278.70,1,1,1
710,17,38.50,441.71,80.75,158.82,1,1,1
710,19,167.80,422.88,114.41,298.31,1,1,1
710,20,234.22,418.18,72.19,208.56,1,1,1
710,28,262.41,431.20,43.23,144.74,1,1,1
710,29,142.22,436.77,22.57,62.26,1,1,1
710,30,59.14,439.53,29.24,91.03,1,1,1
710,31,103.65,447.18,45.51,87.04,1,1,1
710,35,29.90,441.86,33.22,88.04,1,1,1
710,39,98.78,445.57,22.02,80.73,1,1,1
710,40,0.00,445.51,19.93,79.40,1,1,1
710,41,2.33,441.53,43.19,89.70,1,1,1
711,10,620.17,396.56,146.34,371.95,1,1,1
711,11,288.14,421.19,132.20,283.05,1,1,1
711,17,38.82,440.00,81.76,159.41,1,1,1
711,19,167.80,422.88,121.19,292.37,1,1,1
711,20,237.06,417.06,68.82,210.59,1,1,1
711,28,261.13,432.39,41.70,114.57,1,1,1
711,29,143.79,438.43,21.80,60.42,1,1,1
711,30,57.37,439.21,46.32,92.11,1,1,1
711,31,107.11,446.32,43.16,88.16,1,1,1
711,35,31.84,440.22,34.64,93.30,1,1,1
711,39,96.10,444.88,31.22,88.78,1,1,1
711,40,1.12,448.04,21.23,76.54,1,1,1
711,41,3.32,443.54,41.70,86.72,1,1,1
712,10,621.39,399.00,147.56,367.07,1,1,1
712,11,287.04,421.30,132.41,283.33,1,1,1
712,17,40.94,440.60,82.55,158.05,1,1,1
712,19,166.47,422.94,120.00,294.12,1,1,1
712,20,239.60,416.44,70.47,211.07,1,1,1
712,29,146.42,439.26,22.40,60.51,1,1,1
712,30,61.40,439.04,32.46,92.54,1,1,1
712,31,107.89,446.93,49.12,87.72,1,1,1
712,35,31.23,440.15,31.97,88.10,1,1,1
712,39,95.04,445.04,30.15,79.77,1,1,1
712,40,0.00,448.70,21.56,76.58,1,1,1
712,41,6.32,444.61,40.89,84.01,1,1,1
713,10,627.49,396.56,143.90,375.61,1,1,1
713,11,291.67,422.22,131.48,280.56,1,1,1
713,17,44.39,443.41,80.49,156.59,1,1,1
713,19,170.21,424.11,117.73,295.04,1,1,1
713,20,243.41,414.15,62.93,212.68,1,1,1
713,29,149.24,439.09,21.32,61.93,1,1,1
713,30,59.31,439.39,34.20,95.24,1,1,1
713,31,112.55,445.45,45.45,89.18,1,1,1
713,35,38.17,440.46,27.10,84.35,1,1,1
713,39,98.38,443.32,25.10,74.90,1,1,1
713,40,0.00,448.85,30.15,77.10,1,1,1
713,41,8.02,446.18,40.46,84.73,1,1,1
714,10,627.49,396.56,147.56,365.85,1,1,1
714,11,290.68,419.49,132.20,283.05,1,1,1
714,17,48.39,442.58,81.29,157.42,1,1,1
714,19,169.03,424.52,123.87,294.84,1,1,1
714,20,245.78,413.33,69.33,215.11,1,1,1
714,29,152.60,439.45,22.02,59.02,1,1,1
714,30,69.59,439.18,37.43,92.98,1,1,1
714,31,114.04,446.20,47.37,89.47,1,1,1
714,35,41.20,438.95,26.59,85.77,1,1,1
714,39,101.56,443.36,27.73,72.27,1,1,1
714,40,0.75,450.19,32.21,76.78,1,1,1
714,41,10.86,444.57,39.33,87.27,1,1,1
715,10,634.80,390.46,139.02,373.17,1,1,1
715,11,292.37,421.19,133.90,280.51,1,1,1
715,17,56.47,444.71,69.41,160.00,1,1,1
715,19,168.64,426.27,116.95,294.07,1,1,1
715,20,250.00,412.94,80.00,217.06,1,1,1
715,29,161.54,439.27,20.24,51.82,1,1,1
715,30,69.86,440.19,29.19,92.34,1,1,1
715,31,118.18,451.20,39.71,81.34,1,1,1
715,35,53.31,446.32,21.69,70.96,1,1,1
715,39,100.98,445.37,23.90,80.98,1,1,1
715,40,13.97,445.96,34.93,76.10,1,1,1
716,10,643.34,395.34,135.37,371.95,1,1,1
716,11,303.88,421.71,131.01,282.95,1,1,1
716,17,60.59,442.35,74.12,158.24,1,1,1
716,19,176.27,425.42,122.03,294.07,1,1,1
716,20,254.71,413.53,75.29,214.71,1,1,1
716,29,164.62,439.55,18.38,54.60,1,1,1
716,30,78.55,438.16,28.41,93.87,1,1,1
716,31,124.51,444.01,36.49,91.36,1,1,1
716,35,56.36,442.42,26.06,78.79,1,1,1
716,39,109.41,441.76,24.12,79.41,1,1,1
716,40,13.64,446.67,26.97,75.15,1,1,1
716,41,20.30,444.24,37.88,80.61,1,1,1
717,10,643.34,395.34,139.02,374.39,1,1,1
717,11,307.41,421.30,131.48,282.41,1,1,1
717,17,67.61,438.87,70.85,158.70,1,1,1
717,19,177.42,425.16,121.94,297.42,1,1,1
717,20,259.11,412.96,88.26,215.38,1,1,1
717,29,171.43,441.11,19.24,47.52,1,1,1
717,30,84.84,439.71,28.16,94.58,1,1,1
717,31,125.27,445.13,37.18,88.81,1,1,1
717,35,64.68,443.28,23.88,70.65,1,1,1
717,40,20.40,442.79,32.34,81.59,1,1,1
717,41,20.40,446.77,42.79,81.59,1,1,1
718,10,648.22,394.12,141.46,373.17,1,1,1
718,11,311.02,420.34,132.20,289.83,1,1,1
718,17,70.59,441.71,72.19,156.15,1,1,1
718,19,183.90,425.42,125.42,295.76,1,1,1
718,20,268.45,414.44,83.42,215.51,1,1,1
718,29,177.16,439.85,18.78,55.84,1,1,1
718,30,91.12,441.12,28.68,90.10,1,1,1
718,31,131.47,445.69,47.46,90.10,1,1,1
718,35,68.42,442.91,25.91,71.66,1,1,1
718,40,23.08,446.15,34.82,78.14,1,1,1
718,41,32.39,444.13,37.25,80.57,1,1,1
718,45,0.00,476.92,10.12,33.20,1,1,1
719,10,659.20,399.00,139.02,365.85,1,1,1
719,11,320.16,420.16,126.36,290.70,1,1,1
719,17,76.77,442.58,73.55,156.13,1,1,1
719,19,187.29,427.97,128.81,296.61,1,1,1
719,20,278.06,412.90,65.81,217.42,1,1,1
719,29,182.89,436.58,18.79,60.07,1,1,1
719,31,142.62,446.31,43.96,88.59,1,1,1
719,35,73.53,444.12,26.10,69.49,1,1,1
719,40,29.41,443.75,37.13,84.93,1,1,1
719,41,37.87,443.75,34.93,85.66,1,1,1
719,45,2.21,472.79,20.59,46.32,1,1,1
720,10,664.07,389.24,139.02,373.17,1,1,1
720,11,326.27,418.64,126.27,285.59,1,1,1
720,17,85.57,439.93,69.13,154.36,1,1,1
720,18,344.71,445.88,90.00,185.88,1,1,1
720,19,190.70,427.13,131.78,294.57,1,1,1
720,20,285.91,415.10,78.86,217.79,1,1,1
720,29,190.30,437.64,19.63,56.35,1,1,1
720,31,148.04,442.26,42.96,92.61,1,1,1
720,35,77.26,441.37,28.22,67.40,1,1,1
720,40,30.96,445.48,35.34,78.90,1,1,1
720,41,42.74,441.37,38.90,88.22,1,1,1
720,45,10.96,473.15,18.08,29.59,1,1,1
721,10,670.17,390.46,141.46,373.17,1,1,1
721,11,334.75,416.95,121.19,284.75,1,1,1
721,17,91.98,439.04,75.40,158.29,1,1,1
721,18,350.35,446.81,92.91,184.40,1,1,1
721,19,197.67,424.81,132.56,289.92,1,1,1
721,20,299.47,415.51,80.75,217.65,1,1,1
721,29,197.25,435.47,19.88,54.43,1,1,1
721,30,108.97,437.20,40.37,95.78,1,1,1
721,31,156.57,441.28,40.98,91.74,1,1,1
721,35,86.48,438.03,27.04,72.11,1,1,1
721,40,40.00,446.76,32.96,79.72,1,1,1
721,41,49.86,443.38,36.90,85.92,1,1,1
721,45,15.58,473.38,20.78,31.82,1,1,1
722,10,678.71,389.24,140.24,371.95,1,1,1
722,11,344.19,417.83,120.16,281.40,1,1,1
722,17,100.74,437.64,69.37,157.93,1,1,1
722,18,364.12,451.18,85.88,182.94,1,1,1
722,19,204.24,425.42,127.97,294.07,1,1,1
722,20,307.01,416.24,68.63,217.34,1,1,1
722,29,205.08,435.33,19.63,60.05,1,1,1
722,30,121.02,437.41,34.18,91.45,1,1,1
722,31,165.13,440.18,38.57,91.92,1,1,1
722,35,94.46,430.92,29.00,80.81,1,1,1
722,40,48.61,445.20,33.48,79.53,1,1,1
722,41,55.01,443.07,42.00,83.80,1,1,1
722,45,21.32,472.71,18.12,36.89,1,1,1
723,10,688.46,391.68,140.24,373.17,1,1,1
723,11,344.07,416.95,122.88,282.20,1,1,1
723,17,109.76,437.56,74.15,157.07,1,1,1
723,18,376.13,448.39,83.87,189.03,1,1,1
723,19,212.71,422.88,127.12,293.22,1,1,1
723,20,318.54,415.61,66.34,219.02,1,1,1
723,28,322.82,429.87,38.93,114.09,1,1,1
723,29,214.09,433.26,19.86,63.05,1,1,1
723,30,127.22,435.76,37.34,95.57,1,1,1
723,31,175.52,439.49,38.57,91.92,1,1,1
723,35,100.55,429.23,31.15,84.15,1,1,1
723,40,60.93,445.63,27.05,77.05,1,1,1
723,41,67.76,443.44,38.52,85.52,1,1,1
723,45,27.60,470.77,21.31,41.53,1,1,1
724,10,697.00,389.24,139.02,373.17,1,1,1
724,11,358.47,417.80,117.80,281.36,1,1,1
724,17,118.72,436.90,65.24,156.15,1,1,1
724,18,383.87,445.16,86.45,190.97,1,1,1
724,19,218.64,422.03,128.81,290.68,1,1,1
724,20,327.81,414.44,72.73,220.32,1,1,1
724,28,330.28,429.66,41.90,123.55,1,1,1
724,29,224.08,433.22,18.45,60.28,1,1,1
724,30,138.04,434.58,34.87,96.25,1,1,1
724,31,182.85,439.37,39.13,91.30,1,1,1
724,35,111.11,429.94,29.63,85.19,1,1,1
724,40,71.60,443.52,28.09,80.25,1,1,1
724,41,76.54,442.59,39.81,81.17,1,1,1
724,45,37.00,470.40,19.45,40.38,1,1,1
725,10,703.10,386.80,143.90,375.61,1,1,1
725,11,364.41,415.25,118.64,281.36,1,1,1
725,17,128.74,435.22,69.64,153.85,1,1,1
725,18,396.10,444.39,83.41,180.49,1,1,1
725,19,226.27,419.49,127.12,295.76,1,1,1
725,20,334.22,412.83,81.28,222.46,1,1,1
725,28,332.79,427.53,50.61,131.17,1,1,1
725,29,230.61,432.52,19.65,61.04,1,1,1
725,30,144.50,434.69,37.08,96.65,1,1,1
725,31,189.95,438.28,40.43,92.82,1,1,1
725,35,120.36,429.12,27.84,84.02,1,1,1
725,40,78.78,443.17,29.14,78.42,1,1,1
725,41,83.09,440.29,39.57,85.61,1,1,1
725,42,64.17,440.11,20.32,69.52,1,1,1
725,45,45.27,469.14,20.50,41.22,1,1,1
725,56,0.00,456.95,8.61,96.03,1,1,1
726,10,711.63,389.24,136.59,373.17,1,1,1
726,11,369.44,412.04,120.37,284.26,1,1,1
726,17,137.65,435.29,70.00,150.00,1,1,1
726,18,411.34,441.30,76.92,181.38,1,1,1
726,19,230.51,416.10,127.97,294.07,1,1,1
726,20,342.35,411.76,85.29,214.71,1,1,1
726,28,340.94,424.83,55.70,131.88,1,1,1
726,29,239.76,431.80,18.65,57.49,1,1,1
726,30,152.60,432.42,33.03,91.74,1,1,1
726,31,198.17,438.23,37.92,91.74,1,1,1
726,35,128.13,432.72,25.69,72.17,1,1,1
726,40,88.07,441.59,30.58,77.06,1,1,1
726,41,92.05,439.45,38.23,84.10,1,1,1
726,42,69.80,441.49,24.91,66.15,1,1,1
726,45,54.53,468.31,19.34,38.68,1,1,1
726,56,0.00,454.00,17.89,96.41,1,1,1
727,10,722.61,383.15,134.15,379.27,1,1,1
727,11,375.97,413.18,115.50,276.74,1,1,1
727,17,144.92,432.62,69.52,158.29,1,1,1
727,18,416.59,439.02,79.02,180.00,1,1,1
727,19,233.33,413.18,132.56,296.90,1,1,1
727,20,350.80,408.02,80.21,222.99,1,1,1
727,28,352.40,425.09,45.39,115.50,1,1,1
727,29,245.70,430.59,19.69,57.74,1,1,1
727,30,161.24,430.29,32.25,93.16,1,1,1
727,31,205.16,435.56,37.67,92.16,1,1,1
727,35,135.27,429.79,27.05,71.58,1,1,1
727,40,93.84,440.07,26.71,78.08,1,1,1
727,42,74.67,435.91,26.56,67.77,1,1,1
727,45,62.53,467.22,15.70,37.74,1,1,1
727,56,1.23,442.17,23.38,109.09,1,1,1
728,10,726.27,383.15,136.59,376.83,1,1,1
728,11,379.84,411.63,117.05,280.62,1,1,1
728,17,151.35,431.98,70.72,155.86,1,1,1
728,18,422.67,436.84,82.19,178.54,1,1,1
728,19,241.94,412.90,125.81,290.32,1,1,1
728,20,358.10,406.42,72.78,222.94,1,1,1
728,28,359.13,423.22,32.20,93.81,1,1,1
728,29,251.39,428.78,20.04,58.42,1,1,1
728,30,167.45,428.74,28.74,91.79,1,1,1
728,31,211.44,435.78,36.95,90.03,1,1,1
728,35,141.90,429.58,28.52,72.89,1,1,1
728,40,101.41,437.68,27.82,80.99,1,1,1
728,41,105.28,435.92,38.38,83.45,1,1,1
728,42,84.24,437.97,24.32,65.78,1,1,1
728,45,67.35,465.75,15.07,37.67,1,1,1
728,56,2.67,441.18,28.34,104.81,1,1,1
729,10,737.24,384.37,130.49,374.39,1,1,1
729,11,384.75,409.32,117.80,283.05,1,1,1
729,17,155.61,429.41,73.26,155.61,1,1,1
729,18,429.78,437.33,82.67,181.33,1,1,1
729,19,244.92,409.63,125.13,295.19,1,1,1
729,20,363.10,405.35,75.40,222.46,1,1,1
729,28,368.45,420.32,45.99,89.84,1,1,1
729,29,256.27,427.86,20.61,55.43,1,1,1
729,30,171.96,428.57,29.10,88.89,1,1,1
729,31,217.46,432.80,33.86,91.01,1,1,1
729,35,147.27,425.39,28.12,71.48,1,1,1
729,40,106.64,435.94,29.30,80.47,1,1,1
729,41,109.77,433.59,40.23,83.20,1,1,1
729,42,88.46,432.13,26.52,70.30,1,1,1
729,43,0.00,449.22,12.50,96.88,1,1,1
729,45,73.03,463.61,15.27,39.19,1,1,1
729,56,6.48,439.68,29.96,104.86,1,1,1
730,10,743.34,383.15,126.83,373.17,1,1,1
730,11,386.44,409.32,121.19,283.05,1,1,1
730,17,160.00,429.68,74.84,157.42,1,1,1
730,18,444.89,436.44,75.11,181.78,1,1,1
730,19,250.85,411.86,124.58,294.92,1,1,1
730,20,370.97,402.58,80.65,226.45,1,1,1
730,28,370.81,419.46,31.21,101.68,1,1,1
730,29,262.94,426.65,18.53,54.57,1,1,1
730,30,177.67,426.10,26.42,90.57,1,1,1
730,31,221.38,433.02,33.02,89.62,1,1,1
730,35,153.99,426.99,26.69,72.09,1,1,1
730,40,111.04,434.97,31.90,79.75,1,1,1
730,41,115.64,431.29,37.42,85.89,1,1,1
730,42,90.31,432.85,26.80,68.75,1,1,1
730,43,0.00,447.24,16.56,93.25,1,1,1
730,45,73.11,463.08,13.94,39.36,1,1,1
730,56,12.37,438.14,28.87,106.19,1,1,1
731,10,747.00,381.93,124.39,371.95,1,1,1
731,11,389.81,412.04,117.59,277.78,1,1,1
731,17,164.03,433.81,64.03,150.36,1,1,1
731,18,443.90,435.61,82.44,180.49,1,1,1
731,19,253.90,410.64,124.82,295.04,1,1,1
731,20,378.72,398.58,70.21,227.66,1,1,1
731,28,369.65,418.91,52.74,118.41,1,1,1
731,29,265.84,426.71,18.32,45.65,1,1,1
731,30,187.65,429.41,34.71,96.47,1,1,1
731,31,225.88,434.12,36.47,90.59,1,1,1
731,35,158.72,424.77,27.52,74.31,1,1,1
731,41,112.39,434.40,43.58,78.44,1,1,1
731,42,90.45,433.52,26.33,63.80,1,1,1
731,43,0.46,445.87,22.94,101.38,1,1,1
731,45,75.18,464.20,12.65,32.22,1,1,1
731,56,11.43,435.71,32.86,108.57,1,1,1
732,10,751.88,380.71,124.39,379.27,1,1,1
732,11,389.83,413.56,123.73,276.27,1,1,1
732,17,166.47,428.24,72.35,152.35,1,1,1
732,18,447.06,434.71,84.12,181.18,1,1,1
732,19,251.94,407.75,125.58,297.67,1,1,1
732,20,377.06,396.47,76.47,228.24,1,1,1
732,28,371.11,418.67,53.78,150.22,1,1,1
732,29,269.05,426.79,19.17,56.58,1,1,1
732,30,186.06,427.27,34.55,90.30,1,1,1
732,31,230.91,430.91,31.52,86.67,1,1,1
732,35,161.08,419.46,28.11,75.14,1,1,1
732,41,116.33,432.24,39.18,77.14,1,1,1
732,42,99.35,430.40,21.46,64.90,1,1,1
732,43,0.00,442.86,27.35,102.45,1,1,1
732,45,73.91,458.06,18.16,39.90,1,1,1
732,56,14.43,435.57,29.38,109.79,1,1,1
733,10,755.54,381.93,125.61,374.39,1,1,1
733,11,391.47,408.53,120.16,276.74,1,1,1
733,17,167.06,422.94,77.06,155.88,1,1,1
733,18,453.33,432.89,81.78,188.89,1,1,1
733,19,255.81,409.30,124.81,294.57,1,1,1
733,20,382.35,395.29,91.18,231.76,1,1,1
733,28,375.71,416.19,41.30,117.81,1,1,1
733,29,270.59,422.69,18.91,49.79,1,1,1
733,30,184.81,419.63,31.54,84.81,1,1,1
733,31,231.54,428.50,36.45,88.55,1,1,1
733,35,162.44,415.92,25.12,76.12,1,1,1
733,41,119.90,427.61,38.56,82.59,1,1,1
733,42,101.95,426.97,24.77,70.19,1,1,1
733,43,0.00,439.05,21.89,103.23,1,1,1
733,45,76.22,456.74,16.29,38.76,1,1,1
733,56,14.98,433.60,33.20,104.86,1,1,1
734,10,760.41,380.71,119.51,379.27,1,1,1
734,11,389.36,405.67,124.11,286.52,1,1,1
734,17,170.00,420.59,74.12,155.88,1,1,1
734,18,455.47,432.79,87.85,191.90,1,1,1
734,19,260.17,408.47,116.95,295.76,1,1,1
734,20,382.35,395.88,83.53,230.59,1,1,1
734,28,376.92,415.79,37.65,93.93,1,1,1
734,29,271.13,419.86,19.63,52.42,1,1,1
734,30,184.81,419.08,31.80,93.64,1,1,1
734,31,236.04,425.80,31.45,89.40,1,1,1
734,35,164.89,417.18,26.34,74.43,1,1,1
734,41,120.99,423.66,38.93,85.88,1,1,1
734,42,103.99,422.69,24.49,73.87,1,1,1
734,43,0.76,437.02,24.81,105.34,1,1,1
734,45,75.10,456.13,19.76,39.13,1,1,1
734,56,16.77,432.26,33.55,107.10,1,1,1
735,10,760.41,381.93,120.73,374.39,1,1,1
735,11,388.14,405.08,125.42,285.59,1,1,1
735,17,172.90,419.35,73.55,155.48,1,1,1
735,18,456.00,430.67,91.11,193.33,1,1,1
735,19,259.32,406.78,120.34,298.31,1,1,1
735,20,391.61,394.19,94.84,230.97,1,1,1
735,28,380.00,418.54,29.76,91.22,1,1,1
735,29,275.63,418.27,19.04,51.52,1,1,1
735,30,190.82,418.36,26.57,87.92,1,1,1
735,31,238.16,426.09,30.43,86.96,1,1,1
735,35,167.52,412.54,22.51,76.85,1,1,1
735,41,124.12,423.47,37.62,83.60,1,1,1
735,42,105.84,422.38,26.14,69.93,1,1,1
735,43,0.00,435.69,25.08,103.86,1,1,1
735,45,77.72,443.10,18.64,48.18,1,1,1
735,56,19.03,429.55,32.39,106.48,1,1,1
736,10,762.85,379.49,120.73,368.29,1,1,1
736,11,387.04,402.78,128.70,283.33,1,1,1
736,17,173.80,417.65,76.47,156.68,1,1,1
736,18,461.13,429.96,92.71,194.33,1,1,1
736,19,262.79,406.98,118.60,296.90,1,1,1
736,20,394.65,393.58,88.24,232.62,1,1,1
736,28,384.49,413.90,37.97,100.00,1,1,1
736,29,277.06,416.21,19.57,56.27,1,1,1
736,30,186.24,417.74,33.33,93.58,1,1,1
736,31,240.06,423.24,33.03,87.16,1,1,1
736,35,170.90,414.55,24.25,73.88,1,1,1
736,41,126.49,421.64,34.33,85.07,1,1,1
736,42,107.75,420.09,26.83,72.81,1,1,1
736,43,0.00,433.58,30.24,103.73,1,1,1
736,45,80.42,446.39,17.48,45.69,1,1,1
736,56,12.63,429.49,41.46,106.10,1,1,1
737,10,765.29,370.95,124.39,378.05,1,1,1
737,11,383.90,400.00,132.20,283.05,1,1,1
737,17,176.10,416.10,75.61,157.07,1,1,1
737,18,471.11,427.56,85.33,195.11,1,1,1
737,19,262.58,404.52,119.35,298.06,1,1,1
737,20,408.29,393.17,68.78,235.61,1,1,1
737,29,278.52,412.75,20.47,61.74,1,1,1
737,30,190.27,414.77,32.21,92.28,1,1,1
737,31,240.94,420.47,35.23,87.92,1,1,1
737,35,171.43,412.41,26.69,76.32,1,1,1
737,41,128.57,421.80,34.59,83.46,1,1,1
737,42,111.44,420.15,25.02,69.32,1,1,1
737,43,0.00,432.71,31.95,103.01,1,1,1
737,45,84.44,451.36,17.51,39.88,1,1,1
737,56,23.20,427.20,34.40,106.40,1,1,1
738,10,770.17,372.17,124.39,374.39,1,1,1
738,11,388.65,398.58,131.21,282.27,1,1,1
738,17,181.46,414.15,74.15,155.12,1,1,1
738,18,476.38,425.46,84.13,194.46,1,1,1
738,19,267.06,405.29,116.47,295.29,1,1,1
738,20,413.66,391.22,65.37,232.68,1,1,1
738,29,283.37,410.39,20.32,60.74,1,1,1
738,30,198.61,411.55,35.57,96.07,1,1,1
738,31,245.03,418.71,35.10,87.30,1,1,1
738,35,175.45,410.00,29.70,74.24,1,1,1
738,41,132.73,420.30,33.33,81.52,1,1,1
738,42,118.10,421.18,20.14,68.06,1,1,1
738,43,0.61,430.61,34.24,104.24,1,1,1
738,45,87.32,448.44,19.33,40.75,1,1,1
738,56,28.49,427.05,35.37,106.10,1,1,1
739,10,775.05,368.51,124.39,369.51,1,1,1
739,11,389.83,397.46,129.66,284.75,1,1,1
739,17,187.32,415.12,70.73,155.61,1,1,1
739,18,482.93,422.44,87.32,197.07,1,1,1
739,19,271.63,400.71,117.02,294.33,1,1,1
739,20,414.15,390.24,73.17,231.22,1,1,1
739,29,288.32,408.88,20.56,67.51,1,1,1
739,30,202.20,411.32,31.13,92.45,1,1,1
739,31,252.83,416.98,34.59,91.51,1,1,1
739,35,181.22,408.98,29.39,73.47,1,1,1
739,41,137.14,418.37,33.06,78.37,1,1,1
739,42,120.46,423.27,21.44,64.75,1,1,1
739,43,0.82,429.80,44.08,107.35,1,1,1
739,45,93.02,445.03,18.82,42.92,1,1,1
739,56,30.93,427.05,35.37,104.88,1,1,1
740,10,784.80,368.51,118.29,370.73,1,1,1
740,11,392.37,394.07,135.59,287.29,1,1,1
740,17,197.65,415.29,68.24,151.18,1,1,1
740,18,493.53,421.76,85.88,197.65,1,1,1
740,19,283.90,400.00,110.17,294.07,1,1,1
740,20,432.35,391.18,67.65,221.76,1,1,1
740,29,296.98,410.74,19.46,66.78,1,1,1
740,30,208.05,410.74,38.59,88.93,1,1,1
740,31,258.72,415.10,33.22,88.26,1,1,1
740,35,191.18,411.76,24.63,70.59,1,1,1
740,41,144.24,417.13,34.27,81.62,1,1,1
740,42,129.91,417.61,25.40,65.54,1,1,1
740,43,3.74,427.41,47.98,102.18,1,1,1
740,45,96.48,448.36,17.37,37.09,1,1,1
740,56,37.02,420.95,35.37,108.54,1,1,1
741,10,794.56,363.63,119.51,378.05,1,1,1
741,11,402.78,392.59,136.11,287.04,1,1,1
741,17,210.70,414.44,68.98,153.48,1,1,1
741,18,504.28,419.25,85.56,198.40,1,1,1
741,19,288.14,399.15,112.71,294.07,1,1,1
741,20,434.84,388.39,92.26,237.42,1,1,1
741,29,308.91,410.58,19.50,58.77,1,1,1
741,30,222.56,411.70,31.75,90.53,1,1,1
741,31,271.59,413.65,33.43,91.64,1,1,1
741,35,205.28,415.25,25.22,66.57,1,1,1
741,41,154.84,416.42,34.60,82.99,1,1,1
741,42,140.88,420.43,25.41,59.05,1,1,1
741,43,15.25,427.57,49.27,104.11,1,1,1
741,45,111.88,443.88,14.26,28.70,1,1,1
741,56,48.19,419.01,38.55,109.64,1,1,1
742,10,809.20,362.41,119.51,373.17,1,1,1
742,11,415.25,389.83,127.97,289.83,1,1,1
742,17,228.29,411.71,67.32,155.12,1,1,1
742,18,520.49,418.05,85.37,199.51,1,1,1
742,19,300.78,396.12,113.18,294.57,1,1,1
742,20,456.59,389.76,85.85,230.24,1,1,1
742,29,325.84,410.74,14.77,47.65,1,1,1
742,30,237.92,408.72,29.87,94.30,1,1,1
742,31,287.92,414.43,33.56,88.93,1,1,1
742,35,219.54,412.64,25.29,66.67,1,1,1
742,41,170.54,417.86,36.31,80.36,1,1,1
742,42,158.51,421.43,20.30,59.93,1,1,1
742,43,34.23,426.49,45.83,102.98,1,1,1
742,45,128.47,445.88,17.18,37.65,1,1,1
742,56,72.47,419.43,30.36,107.29,1,1,1
743,10,825.05,364.85,119.51,373.17,1,1,1
743,11,433.05,390.68,136.44,284.75,1,1,1
743,17,249.73,410.70,59.89,152.94,1,1,1
743,18,538.82,416.47,87.06,201.76,1,1,1
743,19,317.05,393.80,114.73,297.67,1,1,1
743,20,480.75,386.63,82.35,234.22,1,1,1
743,29,342.07,410.70,17.34,54.98,1,1,1
743,30,252.40,409.23,38.01,92.25,1,1,1
743,31,304.43,414.39,37.64,88.93,1,1,1
743,35,242.05,410.23,23.86,68.18,1,1,1
743,41,191.15,416.81,37.76,81.42,1,1,1
743,42,177.03,422.20,18.53,59.72,1,1,1
743,43,53.98,425.37,48.38,102.65,1,1,1
743,45,150.57,444.89,17.61,36.55,1,1,1
743,56,95.19,420.32,27.81,106.95,1,1,1
744,10,848.22,362.41,119.51,374.39,1,1,1
744,11,451.69,388.98,146.61,290.68,1,1,1
744,17,272.35,409.41,57.65,153.53,1,1,1
744,18,565.88,415.88,83.53,205.29,1,1,1
744,19,343.41,391.47,107.75,296.90,1,1,1
744,20,500.00,384.71,80.59,233.53,1,1,1
744,29,367.13,412.26,16.43,49.58,1,1,1
744,30,275.77,409.47,37.88,89.97,1,1,1
744,31,324.79,415.04,38.44,82.45,1,1,1
744,35,267.20,411.64,20.11,59.79,1,1,1
744,41,213.65,415.26,36.95,81.53,1,1,1
744,42,204.67,420.88,20.16,61.04,1,1,1
744,43,79.92,424.10,48.59,98.39,1,1,1
744,45,175.45,442.12,16.36,40.00,1,1,1
744,56,118.54,418.54,29.76,108.29,1,1,1
745,10,871.39,357.54,119.51,380.49,1,1,1
745,11,470.34,389.83,156.78,288.98,1,1,1
745,17,300.49,409.27,55.61,152.68,1,1,1
745,18,591.44,417.11,80.75,202.67,1,1,1
745,19,366.67,391.47,117.05,296.12,1,1,1
745,20,522.93,384.88,72.68,237.07,1,1,1
745,30,290.24,405.85,40.49,95.12,1,1,1
745,31,348.29,414.63,41.95,85.37,1,1,1
745,41,241.30,416.38,36.52,76.79,1,1,1
745,42,235.54,414.92,22.22,71.89,1,1,1
745,43,110.92,424.23,46.76,99.66,1,1,1
745,45,203.42,445.03,15.22,32.92,1,1,1
745,56,148.58,418.62,27.13,107.29,1,1,1
746,10,893.34,362.41,124.39,374.39,1,1,1
746,11,499.15,388.14,152.54,288.98,1,1,1
746,17,329.41,407.06,53.53,155.29,1,1,1
746,18,618.24,415.29,82.94,203.53,1,1,1
746,19,394.44,390.74,108.33,298.15,1,1,1
746,20,542.94,382.35,78.24,239.41,1,1,1
746,30,339.56,407.11,37.33,88.00,1,1,1
746,31,376.89,407.56,30.67,87.11,1,1,1
746,41,267.56,412.44,38.22,81.78,1,1,1
746,43,137.78,424.00,42.67,101.33,1,1,1
746,45,231.54,441.61,19.80,37.92,1,1,1
746,56,176.89,418.22,31.56,104.44,1,1,1
747,10,927.49,363.63,113.41,373.17,1,1,1
747,11,522.88,387.29,151.69,288.14,1,1,1
747,17,360.00,415.48,46.45,142.58,1,1,1
747,18,648.24,417.65,85.29,202.94,1,1,1
747,19,424.07,392.59,98.15,293.52,1,1,1
747,20,568.39,380.65,87.10,245.81,1,1,1
747,30,364.00,410.22,39.56,98.67,1,1,1
747,31,405.78,412.44,31.56,94.22,1,1,1
747,41,296.41,414.80,35.87,73.54,1,1,1
747,43,172.65,423.32,41.26,100.00,1,1,1
747,45,262.79,443.95,16.05,33.95,1,1,1
747,56,205.35,419.25,31.02,105.35,1,1,1
748,10,939.68,367.29,136.59,373.17,1,1,1
748,11,546.51,392.25,136.43,286.82,1,1,1
748,17,392.20,408.29,54.15,148.29,1,1,1
748,18,672.06,418.62,85.43,205.26,1,1,1
748,19,451.69,395.76,109.32,290.68,1,1,1
748,20,605.85,382.44,73.17,246.83,1,1,1
748,29,479.67,410.86,13.93,56.27,1,1,1
748,30,396.94,407.80,34.54,87.47,1,1,1
748,31,448.19,415.88,25.07,79.11,1,1,1
748,35,390.27,410.74,16.11,65.44,1,1,1
748,41,329.44,415.48,35.53,77.41,1,1,1
748,43,208.12,423.60,47.21,99.49,1,1,1
748,45,293.53,445.18,18.99,34.96,1,1,1
748,56,246.34,418.05,26.83,104.39,1,1,1
749,10,956.76,361.20,136.59,380.49,1,1,1
749,11,563.56,392.37,133.05,285.59,1,1,1
749,17,407.14,407.86,61.43,148.57,1,1,1
749,18,686.22,419.56,88.00,206.22,1,1,1
749,19,466.45,396.13,112.90,291.61,1,1,1
749,20,625.85,381.95,65.37,247.32,1,1,1
749,29,493.26,410.11,13.76,39.33,1,1,1
749,30,419.69,405.79,27.41,86.49,1,1,1
749,31,459.07,413.51,36.29,85.71,1,1,1
749,35,398.78,408.23,22.26,71.04,1,1,1
749,36,396.34,415.55,21.34,63.41,1,1,1
749,41,346.67,416.00,35.62,76.76,1,1,1
749,42,340.89,411.05,24.00,68.51,1,1,1
749,43,227.05,423.43,38.86,102.10,1,1,1
749,45,313.25,441.32,21.45,40.06,1,1,1
749,56,262.35,419.43,26.72,102.83,1,1,1
750,10,979.41,368.82,135.88,374.08,1,1,1
750,11,588.98,393.22,128.81,287.29,1,1,1
750,17,430.36,408.50,61.94,151.01,1,1,1
750,18,709.27,420.00,89.76,207.32,1,1,1
750,19,491.53,399.15,105.93,290.68,1,1,1
750,20,647.37,381.78,73.28,249.80,1,1,1
750,29,518.70,409.03,12.18,39.50,1,1,1
750,30,442.77,407.07,27.65,77.49,1,1,1
750,31,482.64,414.15,36.33,80.71,1,1,1
750,35,422.11,406.80,23.81,68.71,1,1,1
750,36,421.77,418.03,20.07,57.14,1,1,1
750,41,369.66,415.17,36.22,77.40,1,1,1
750,42,367.12,413.10,23.71,65.19,1,1,1
750,43,252.63,424.46,41.80,101.86,1,1,1
750,45,335.88,441.19,22.08,40.98,1,1,1
750,56,286.35,418.94,28.13,103.34,1,1,1
751,10,999.22,366.67,138.02,382.33,1,1,1
751,11,610.08,393.80,127.13,286.05,1,1,1
751,17,453.17,411.22,60.98,146.83,1,1,1
751,19,513.55,400.65,104.52,288.39,1,1,1
751,20,667.80,381.46,74.63,251.22,1,1,1
751,28,629.96,398.79,38.46,120.65,1,1,1
751,29,539.28,407.80,15.88,55.43,1,1,1
751,30,461.84,408.08,29.81,80.50,1,1,1
751,31,504.74,414.76,30.08,86.91,1,1,1
751,35,444.80,408.60,20.07,68.82,1,1,1
751,36,441.94,417.20,14.70,60.57,1,1,1
751,40,396.48,418.43,34.69,69.65,1,1,1
751,41,390.51,413.55,36.86,77.51,1,1,1
751,43,274.53,423.85,41.73,101.08,1,1,1
751,45,363.39,443.15,16.36,39.06,1,1,1
751,56,309.79,419.88,26.61,101.83,1,1,1
752,10,1018.71,370.32,136.83,377.46,1,1,1
752,11,625.00,395.37,127.78,284.26,1,1,1
752,17,475.88,410.59,54.71,144.12,1,1,1
752,18,754.61,420.30,89.67,210.33,1,1,1
752,19,530.00,400.59,114.71,290.59,1,1,1
752,20,685.29,381.18,79.41,250.00,1,1,1
752,28,648.99,402.83,37.65,102.43,1,1,1
752,29,556.82,408.91,16.16,57.66,1,1,1
752,30,483.01,406.69,28.41,81.89,1,1,1
752,31,524.23,413.09,30.08,84.40,1,1,1
752,35,464.88,404.46,22.32,74.40,1,1,1
752,36,460.42,413.39,19.35,64.29,1,1,1
752,40,417.47,416.13,32.53,72.04,1,1,1
752,41,411.56,412.90,35.22,80.38,1,1,1
752,43,295.43,425.00,40.59,98.39,1,1,1
752,45,381.45,443.01,19.89,38.98,1,1,1
752,56,325.85,419.51,31.22,101.46,1,1,1
753,10,1036.13,371.61,137.70,378.61,1,1,1
753,11,644.44,393.52,124.07,291.67,1,1,1
753,17,492.20,410.24,54.63,143.90,1,1,1
753,18,772.89,419.56,89.33,212.44,1,1,1
753,19,549.15,398.31,113.56,295.76,1,1,1
753,20,705.37,380.49,75.61,250.73,1,1,1
753,28,664.77,404.03,34.56,103.02,1,1,1
753,29,574.13,408.55,15.01,50.58,1,1,1
753,30,503.46,406.24,27.02,80.37,1,1,1
753,31,542.73,413.39,24.02,82.68,1,1,1
753,35,484.57,405.47,20.26,71.06,1,1,1
753,36,479.74,418.33,17.36,57.88,1,1,1
753,40,440.94,418.13,28.65,70.18,1,1,1
753,41,428.36,414.04,36.55,78.95,1,1,1
753,43,315.79,425.15,40.06,100.00,1,1,1
753,45,400.80,443.89,19.04,35.07,1,1,1
753,56,344.30,419.13,30.87,101.34,1,1,1
754,10,1055.32,368.79,135.58,374.11,1,1,1
754,11,660.61,392.93,123.23,284.85,1,1,1
754,17,506.95,408.56,56.68,144.39,1,1,1
754,18,789.33,418.22,89.78,211.56,1,1,1
754,19,564.41,399.15,112.71,292.37,1,1,1
754,20,721.39,380.75,77.01,250.80,1,1,1
754,28,680.44,400.00,32.47,102.21,1,1,1
754,29,592.02,407.98,12.39,44.12,1,1,1
754,30,518.49,406.51,27.94,76.05,1,1,1
754,31,557.98,411.13,28.15,80.46,1,1,1
754,35,501.83,409.17,20.49,63.61,1,1,1
754,36,496.94,415.29,16.51,57.49,1,1,1
754,40,454.74,413.15,30.28,74.92,1,1,1
754,41,444.34,411.93,35.78,78.59,1,1,1
754,43,332.11,423.55,41.59,99.08,1,1,1
754,45,418.78,442.96,18.43,35.13,1,1,1
754,56,367.02,417.65,25.00,101.47,1,1,1
755,10,1072.90,362.58,133.85,370.57,1,1,1
755,11,674.19,390.32,123.23,287.74,1,1,1
755,17,521.08,407.57,57.30,147.03,1,1,1
755,18,805.67,416.60,87.45,213.77,1,1,1
755,19,575.56,396.67,114.44,291.11,1,1,1
755,20,738.24,380.00,77.36,251.19,1,1,1
755,28,687.76,402.04,40.00,124.90,1,1,1
755,29,607.14,406.47,11.16,33.26,1,1,1
755,30,530.13,404.02,28.57,78.79,1,1,1
755,31,566.74,408.93,32.14,82.37,1,1,1
755,35,514.73,407.59,18.75,66.29,1,1,1
755,36,509.60,416.74,17.86,57.37,1,1,1
755,40,466.52,412.72,31.92,72.99,1,1,1
755,41,457.14,407.59,36.61,80.36,1,1,1
755,43,345.76,421.65,38.84,101.34,1,1,1
755,45,431.09,441.68,20.84,35.80,1,1,1
755,56,380.20,416.75,25.89,101.78,1,1,1
756,10,1084.26,354.63,133.47,379.74,1,1,1
756,11,684.75,387.29,120.34,288.14,1,1,1
756,17,533.53,409.41,62.35,140.00,1,1,1
756,18,820.00,414.71,88.24,215.29,1,1,1
756,19,588.65,396.45,112.06,286.52,1,1,1
756,20,747.52,381.56,85.11,253.19,1,1,1
756,28,701.62,395.14,44.53,125.91,1,1,1
756,29,614.53,404.71,14.14,43.98,1,1,1
756,30,543.21,402.96,25.68,70.62,1,1,1
756,31,578.52,409.88,29.63,78.02,1,1,1
756,35,525.63,407.89,19.72,62.25,1,1,1
756,36,521.41,415.21,14.65,55.21,1,1,1
756,40,480.85,408.73,30.99,78.31,1,1,1
756,41,470.42,407.89,35.77,81.69,1,1,1
756,43,358.59,418.87,39.72,99.72,1,1,1
756,45,447.77,441.61,16.56,34.82,1,1,1
756,56,391.76,417.06,27.06,100.00,1,1,1
757,10,1096.15,350.55,134.85,380.46,1,1,1
757,11,695.35,386.05,121.71,286.82,1,1,1
757,17,545.37,408.29,57.07,147.32,1,1,1
757,18,831.71,409.27,87.32,219.02,1,1,1
757,19,594.92,387.29,116.95,288.98,1,1,1
757,20,765.88,377.06,82.35,258.24,1,1,1
757,28,716.10,390.24,43.90,136.59,1,1,1
757,29,626.79,405.77,12.24,41.80,1,1,1
757,30,551.73,401.85,28.64,76.44,1,1,1
757,31,594.00,405.54,28.64,82.68,1,1,1
757,35,539.57,406.78,18.43,62.06,1,1,1
757,36,531.44,413.82,18.43,54.74,1,1,1
757,40,493.77,406.78,28.73,77.24,1,1,1
757,41,479.67,408.40,36.04,79.40,1,1,1
757,43,369.11,417.62,38.48,100.54,1,1,1
757,45,459.90,439.59,16.75,34.52,1,1,1
757,56,403.46,415.16,26.33,100.53,1,1,1
758,10,1098.45,348.06,140.31,382.17,1,1,1
758,11,703.39,379.66,119.84,287.44,1,1,1
758,17,552.77,403.69,56.46,145.39,1,1,1
758,18,841.18,408.02,89.84,217.65,1,1,1
758,19,604.04,386.87,114.14,288.89,1,1,1
758,20,767.06,375.88,89.41,255.88,1,1,1
758,30,559.54,400.00,29.19,75.72,1,1,1
758,31,593.64,403.47,33.53,89.60,1,1,1
758,35,543.34,402.79,19.81,65.33,1,1,1
758,36,539.32,411.46,17.03,56.35,1,1,1
758,40,501.24,406.50,28.79,73.37,1,1,1
758,41,486.38,405.88,36.84,80.50,1,1,1
758,43,375.85,416.10,39.32,96.90,1,1,1
758,45,464.32,433.92,20.04,37.61,1,1,1
758,56,405.59,411.19,29.72,101.40,1,1,1
759,10,1104.65,341.86,139.53,385.27,1,1,1
759,11,704.24,376.27,123.73,285.59,1,1,1
759,17,559.11,400.40,53.44,145.75,1,1,1
759,18,848.44,405.78,88.00,218.22,1,1,1
759,19,605.29,382.35,112.94,288.82,1,1,1
759,20,771.18,372.35,88.82,258.82,1,1,1
759,30,565.01,395.92,25.07,76.97,1,1,1
759,31,605.25,400.87,30.90,85.13,1,1,1
759,35,545.19,397.38,24.49,68.80,1,1,1
759,36,543.15,407.58,16.91,59.18,1,1,1
759,40,502.62,407.00,31.78,71.14,1,1,1
759,41,490.09,402.04,35.86,79.01,1,1,1
759,43,379.88,412.83,39.07,99.13,1,1,1
759,45,470.23,434.44,18.95,33.08,1,1,1
759,56,412.92,408.49,27.31,101.11,1,1,1
760,10,1107.75,334.88,140.31,392.25,1,1,1
760,11,704.65,372.87,127.13,286.05,1,1,1
760,17,561.78,398.22,51.56,145.33,1,1,1
760,18,853.87,404.06,90.77,218.45,1,1,1
760,19,608.24,377.06,112.94,291.76,1,1,1
760,20,782.35,368.24,84.12,263.53,1,1,1
760,30,567.41,392.20,26.74,86.07,1,1,1
760,31,606.69,398.33,31.48,84.40,1,1,1
760,35,551.53,394.99,20.33,67.13,1,1,1
760,36,547.18,405.47,17.27,55.15,1,1,1
760,40,508.31,402.54,28.87,70.67,1,1,1
760,41,492.38,398.38,39.49,81.76,1,1,1
760,43,381.99,408.78,42.96,98.38,1,1,1
760,45,476.91,432.10,14.32,33.49,1,1,1
760,56,415.51,403.74,26.74,102.67,1,1,1
761,10,1110.17,337.29,138.98,387.29,1,1,1
761,11,709.32,366.95,127.97,291.53,1,1,1
761,17,565.85,393.17,50.24,126.34,1,1,1
761,18,861.50,401.07,90.37,222.99,1,1,1
761,19,609.32,372.03,113.56,294.07,1,1,1
761,20,776.47,363.53,91.18,265.29,1,1,1
761,30,569.49,391.53,24.07,69.49,1,1,1
761,35,552.88,396.95,17.97,58.31,1,1,1
761,36,549.85,401.63,13.22,53.22,1,1,1
761,40,507.80,396.27,30.85,75.93,1,1,1
761,41,492.88,393.56,39.32,80.68,1,1,1
761,43,378.31,404.75,41.69,103.73,1,1,1
761,45,472.89,432.99,16.62,26.60,1,1,1
761,56,411.22,401.95,30.24,102.44,1,1,1
762,10,1110.17,333.05,142.37,394.92,1,1,1
762,11,700.00,367.80,133.05,288.14,1,1,1
762,17,562.44,389.76,54.63,142.93,1,1,1
762,18,863.23,400.65,89.68,220.65,1,1,1
762,19,606.06,368.69,109.09,295.96,1,1,1
762,20,777.30,362.41,95.74,265.25,1,1,1
762,30,570.47,388.26,20.81,64.43,1,1,1
762,35,551.34,390.94,17.11,60.74,1,1,1
762,36,545.30,401.34,12.42,50.34,1,1,1
762,40,508.64,396.10,24.51,72.70,1,1,1
762,41,490.53,391.64,39.55,80.22,1,1,1
762,43,380.22,402.79,42.06,100.00,1,1,1
762,45,472.42,425.63,17.55,29.81,1,1,1
762,56,410.24,400.98,32.20,101.46,1,1,1
763,10,1113.18,331.78,141.86,391.47,1,1,1
763,11,705.43,365.89,128.68,286.82,1,1,1
763,17,559.56,386.67,52.44,143.56,1,1,1
763,18,862.94,397.06,91.18,224.12,1,1,1
763,19,600.00,366.10,113.56,295.76,1,1,1
763,20,789.03,358.06,84.52,266.45,1,1,1
763,30,567.16,383.58,21.64,70.52,1,1,1
763,35,545.90,392.16,17.91,60.82,1,1,1
763,36,538.43,400.37,16.79,52.24,1,1,1
763,40,504.48,395.15,28.36,70.90,1,1,1
763,41,486.94,390.67,39.18,75.75,1,1,1
763,43,374.25,400.00,41.04,98.88,1,1,1
763,45,475.49,427.89,14.65,26.48,1,1,1
763,56,407.06,392.94,30.00,105.29,1,1,1
764,10,1108.47,334.75,147.46,390.68,1,1,1
764,11,707.63,362.71,116.95,291.53,1,1,1
764,17,554.63,383.90,52.20,142.93,1,1,1
764,18,864.88,396.10,87.80,224.88,1,1,1
764,19,596.45,365.96,113.48,297.16,1,1,1
764,20,773.66,355.61,98.05,268.78,1,1,1
764,30,558.38,383.25,25.13,72.84,1,1,1
764,35,541.33,388.53,19.47,61.60,1,1,1
764,36,533.07,394.40,17.87,55.47,1,1,1
764,40,501.60,390.13,24.00,63.47,1,1,1
764,41,481.07,384.80,36.80,69.07,1,1,1
764,43,370.93,397.07,37.33,102.67,1,1,1
764,45,462.93,423.20,16.27,31.20,1,1,1
764,56,390.00,391.76,38.82,105.29,1,1,1
765,5,659.35,389.03,24.52,65.81,1,1,1
765,10,1106.20,334.88,144.19,390.70,1,1,1
765,11,695.35,364.34,117.05,290.70,1,1,1
765,17,546.50,382.30,59.67,147.33,1,1,1
765,18,855.72,395.57,92.99,229.15,1,1,1
765,19,586.11,366.67,108.33,297.22,1,1,1
765,20,779.04,355.09,87.43,271.86,1,1,1
765,30,552.57,382.38,23.85,65.85,1,1,1
765,31,586.99,387.26,26.02,77.51,1,1,1
765,35,538.48,385.37,17.89,63.69,1,1,1
765,36,527.37,389.70,18.16,60.16,1,1,1
765,40,492.68,385.37,27.64,75.61,1,1,1
765,41,473.44,384.82,39.02,80.76,1,1,1
765,43,362.60,397.02,39.02,100.54,1,1,1
765,45,460.74,419.84,15.54,34.36,1,1,1
765,56,394.12,390.91,28.34,104.81,1,1,1
766,5,655.54,385.59,25.61,73.17,1,1,1
766,10,1103.10,335.66,144.19,391.47,1,1,1
766,11,686.44,366.10,122.03,291.53,1,1,1
766,17,539.33,382.58,55.62,146.63,1,1,1
766,18,852.00,394.22,95.11,232.44,1,1,1
766,19,580.14,370.21,113.48,295.74,1,1,1
766,20,773.80,354.55,90.91,272.73,1,1,1
766,30,541.97,377.55,28.65,80.66,1,1,1
766,31,584.85,387.77,27.19,76.64,1,1,1
766,35,531.58,383.30,17.62,64.76,1,1,1
766,36,523.34,391.08,15.33,56.75,1,1,1
766,40,486.96,385.13,27.00,75.29,1,1,1
766,41,464.07,385.35,38.90,76.66,1,1,1
766,43,353.78,395.42,42.33,100.92,1,1,1
766,45,456.44,419.06,16.70,32.85,1,1,1
766,56,387.85,389.88,29.15,104.86,1,1,1
767,5,640.90,385.59,34.15,90.24,1,1,1
767,10,1097.67,337.98,144.19,389.92,1,1,1
767,11,678.70,368.52,121.30,290.74,1,1,1
767,17,531.71,382.44,57.56,146.34,1,1,1
767,18,847.06,394.65,95.72,233.69,1,1,1
767,19,574.84,369.68,107.74,296.13,1,1,1
767,20,769.27,352.68,93.17,277.56,1,1,1
767,30,534.03,379.16,28.68,84.70,1,1,1
767,31,577.82,387.19,25.81,83.17,1,1,1
767,35,522.82,383.00,20.81,64.65,1,1,1
767,36,513.87,388.81,21.03,59.06,1,1,1
767,40,477.18,385.23,27.52,77.85,1,1,1
767,41,456.38,386.13,35.12,79.19,1,1,1
767,43,345.19,396.20,40.27,103.36,1,1,1
767,45,446.46,414.65,15.66,37.37,1,1,1
767,56,374.87,390.37,32.09,105.35,1,1,1
768,5,632.37,388.02,30.49,82.93,1,1,1
768,10,1089.83,340.68,144.92,391.53,1,1,1
768,11,672.03,369.49,118.64,288.98,1,1,1
768,17,521.93,381.82,60.43,146.52,1,1,1
768,18,838.24,395.88,100.00,234.12,1,1,1
768,19,556.68,372.73,116.58,293.05,1,1,1
768,20,757.75,351.87,94.12,279.68,1,1,1
768,30,524.67,378.78,26.00,77.82,1,1,1
768,31,564.24,386.62,27.15,82.03,1,1,1
768,35,511.86,383.89,18.79,63.98,1,1,1
768,36,501.57,389.26,18.12,59.28,1,1,1
768,40,469.35,390.16,26.85,73.15,1,1,1
768,41,445.86,384.12,34.23,81.88,1,1,1
768,43,332.89,396.64,42.73,101.57,1,1,1
768,45,436.87,416.33,14.48,35.35,1,1,1
768,56,368.83,392.31,29.15,102.02,1,1,1
769,5,617.73,384.37,31.71,92.68,1,1,1
769,10,1083.72,341.86,138.76,388.37,1,1,1
769,11,658.47,371.19,122.03,291.53,1,1,1
769,17,512.35,382.35,60.59,150.00,1,1,1
769,18,831.61,394.19,100.65,236.13,1,1,1
769,19,548.15,373.15,115.74,292.59,1,1,1
769,20,751.18,351.76,95.29,279.41,1,1,1
769,30,514.71,378.36,27.10,78.15,1,1,1
769,31,552.73,386.13,22.27,72.06,1,1,1
769,35,500.00,382.81,19.61,63.68,1,1,1
769,36,488.62,387.89,19.37,56.90,1,1,1
769,40,457.38,387.65,27.12,74.58,1,1,1
769,41,432.93,384.99,36.56,80.39,1,1,1
769,43,319.82,395.85,41.94,100.92,1,1,1
769,45,425.26,415.79,16.84,30.79,1,1,1
769,56,353.78,389.33,29.78,106.22,1,1,1
770,5,603.10,388.02,34.15,90.24,1,1,1
770,10,1072.73,342.42,142.42,387.88,1,1,1
770,11,642.35,368.24,125.88,294.12,1,1,1
770,17,498.79,381.78,57.49,148.58,1,1,1
770,18,818.72,392.51,104.28,239.04,1,1,1
770,19,537.42,372.26,109.68,298.06,1,1,1
770,20,736.90,350.27,97.33,285.56,1,1,1
770,30,502.75,378.51,27.27,69.97,1,1,1
770,31,540.77,385.95,23.42,64.46,1,1,1
770,35,486.23,380.72,19.83,63.91,1,1,1
770,36,476.31,388.43,17.08,55.65,1,1,1
770,40,442.98,387.33,28.37,73.00,1,1,1
770,41,419.01,382.92,35.81,82.64,1,1,1
770,43,305.23,395.32,46.28,104.68,1,1,1
770,45,411.85,415.70,14.60,34.44,1,1,1
770,56,338.24,388.82,32.35,106.47,1,1,1
771,5,587.24,381.93,39.02,86.59,1,1,1
771,10,1058.91,339.53,142.64,391.47,1,1,1
771,11,627.10,367.74,121.94,293.55,1,1,1
771,17,484.39,380.98,58.54,152.20,1,1,1
771,18,806.38,390.78,106.38,241.84,1,1,1
771,19,516.95,371.19,118.64,299.15,1,1,1
771,20,723.23,347.74,96.13,294.19,1,1,1
771,28,656.10,374.15,35.12,111.71,1,1,1
771,30,486.96,377.64,26.09,71.74,1,1,1
771,31,524.53,383.23,20.81,66.15,1,1,1
771,35,472.27,380.00,16.36,56.82,1,1,1
771,36,460.00,389.09,19.09,58.18,1,1,1
771,40,430.00,386.36,25.91,73.18,1,1,1
771,41,402.27,382.27,37.27,81.36,1,1,1
771,43,290.23,394.36,42.48,104.14,1,1,1
771,45,395.33,416.15,12.65,30.54,1,1,1
771,56,323.48,389.88,31.17,105.67,1,1,1
772,5,572.61,384.37,36.59,89.02,1,1,1
772,10,1048.84,340.31,142.64,389.92,1,1,1
772,11,605.93,366.10,128.81,300.00,1,1,1
772,13,1226.45,402.58,38.06,158.71,1,1,1
772,17,468.24,381.18,51.18,149.41,1,1,1
772,18,791.18,389.41,108.24,242.35,1,1,1
772,19,501.94,371.61,112.90,299.35,1,1,1
772,20,712.94,348.24,97.06,295.88,1,1,1
772,28,640.00,374.12,37.65,119.41,1,1,1
772,30,474.01,378.29,24.46,76.45,1,1,1
772,31,512.84,383.79,20.18,79.20,1,1,1
772,35,456.27,378.90,19.88,66.06,1,1,1
772,36,442.51,386.24,20.80,61.77,1,1,1
772,40,414.07,385.02,25.38,76.76,1,1,1
772,41,388.07,381.35,34.56,81.96,1,1,1
772,43,271.87,395.11,43.43,103.06,1,1,1
772,45,379.19,413.45,20.05,38.32,1,1,1
772,56,300.00,388.44,37.78,107.11,1,1,1
773,5,557.98,383.15,36.59,90.24,1,1,1
773,10,1034.88,337.98,141.09,391.47,1,1,1
773,11,590.68,366.95,128.81,291.53,1,1,1
773,13,1212.94,408.82,41.18,151.18,1,1,1
773,17,451.71,381.46,59.02,146.83,1,1,1
773,18,779.41,390.00,106.47,244.12,1,1,1
773,19,483.72,369.77,110.08,299.22,1,1,1
773,20,699.51,348.78,97.56,299.02,1,1,1
773,28,622.93,375.12,38.05,107.32,1,1,1
773,30,457.56,378.60,23.62,71.96,1,1,1
773,31,496.68,384.50,22.88,67.16,1,1,1
773,35,439.11,380.44,21.77,63.84,1,1,1
773,36,426.20,385.61,21.77,63.84,1,1,1
773,40,397.79,384.50,25.46,78.60,1,1,1
773,41,370.48,381.18,35.42,86.35,1,1,1
773,43,253.55,392.64,41.62,108.38,1,1,1
773,45,361.91,416.70,20.35,36.35,1,1,1
773,56,287.65,388.82,31.76,109.41,1,1,1
774,5,544.56,383.15,32.93,89.02,1,1,1
774,10,1021.76,334.71,141.80,369.17,1,1,1
774,11,567.44,365.12,137.85,291.35,1,1,1
774,13,1197.65,408.24,35.88,144.12,1,1,1
774,17,431.76,381.76,65.29,148.24,1,1,1
774,18,766.31,390.37,106.95,245.45,1,1,1
774,19,466.10,366.95,110.17,294.92,1,1,1
774,20,681.18,349.41,102.94,300.59,1,1,1
774,28,607.49,374.33,36.90,114.44,1,1,1
774,30,438.53,379.51,24.46,69.42,1,1,1
774,31,477.06,384.40,26.91,82.57,1,1,1
774,35,421.10,379.82,22.32,65.75,1,1,1
774,36,407.03,385.93,23.85,62.08,1,1,1
774,40,376.65,386.55,27.92,75.89,1,1,1
774,41,350.76,382.99,34.01,80.71,1,1,1
774,43,232.74,395.43,45.43,105.58,1,1,1
774,45,349.35,421.60,17.80,32.20,1,1,1
774,56,265.78,390.91,32.09,106.42,1,1,1
775,5,525.05,386.80,32.93,79.27,1,1,1
775,10,1005.43,330.23,143.41,381.40,1,1,1
775,11,547.22,362.04,139.81,294.44,1,1,1
775,13,1179.51,406.83,37.07,142.93,1,1,1
775,14,1050.92,371.59,18.82,76.75,1,1,1
775,17,414.22,380.89,64.89,152.00,1,1,1
775,18,750.46,390.74,106.48,247.69,1,1,1
775,19,443.41,368.99,116.28,296.12,1,1,1
775,20,667.06,351.18,100.00,301.76,1,1,1
775,28,587.11,376.44,38.67,111.56,1,1,1
775,30,416.82,378.59,28.13,86.24,1,1,1
775,31,458.41,384.10,27.52,90.52,1,1,1
775,35,402.90,380.97,24.19,68.06,1,1,1
775,36,388.71,387.42,20.65,62.26,1,1,1
775,40,356.31,387.38,26.94,77.67,1,1,1
775,41,327.91,383.74,40.05,83.98,1,1,1
775,43,211.17,395.39,45.39,105.58,1,1,1
775,45,326.87,418.10,18.46,35.83,1,1,1
775,56,248.34,390.77,31.73,108.12,1,1,1
776,5,505.54,386.80,34.15,89.02,1,1,1
776,10,987.60,327.91,144.19,382.17,1,1,1
776,11,526.36,362.02,142.64,296.90,1,1,1
776,13,1162.94,408.24,40.59,142.35,1,1,1
776,14,1031.00,371.59,22.51,85.24,1,1,1
776,17,395.56,380.44,53.78,151.56,1,1,1
776,18,736.10,391.22,104.39,254.63,1,1,1
776,19,424.52,366.45,114.19,301.29,1,1,1
776,20,648.00,350.67,103.56,304.00,1,1,1
776,28,571.48,376.17,35.57,112.75,1,1,1
776,30,396.31,381.54,33.22,86.91,1,1,1
776,35,386.85,382.63,20.19,66.20,1,1,1
776,36,368.54,389.20,20.66,62.91,1,1,1
776,40,336.36,385.03,27.27,80.21,1,1,1
776,41,306.95,385.03,40.64,82.89,1,1,1
776,43,188.83,397.09,43.93,106.07,1,1,1
776,45,308.26,421.78,20.53,33.29,1,1,1
776,56,223.53,391.44,33.16,109.63,1,1,1
777,5,484.80,386.80,34.15,86.59,1,1,1
777,10,968.79,324.11,150.35,389.36,1,1,1
777,11,506.78,364.41,138.98,294.92,1,1,1
777,13,1142.94,404.12,42.35,147.65,1,1,1
777,14,1017.00,371.26,26.32,93.93,1,1,1
777,17,374.84,381.29,56.77,153.55,1,1,1
777,18,719.35,393.55,105.81,257.42,1,1,1
777,19,401.69,371.19,122.88,299.15,1,1,1
777,20,630.32,352.26,110.32,308.39,1,1,1
777,28,550.22,376.89,35.11,103.11,1,1,1
777,30,378.67,381.78,28.00,77.78,1,1,1
777,35,363.05,381.77,24.63,70.94,1,1,1
777,36,346.80,390.15,23.65,65.02,1,1,1
777,40,315.45,388.48,27.25,77.25,1,1,1
777,41,286.63,385.03,37.43,81.82,1,1,1
777,43,166.01,398.88,44.94,105.06,1,1,1
777,45,285.67,428.08,30.68,33.14,1,1,1
777,56,203.21,391.98,32.62,110.16,1,1,1
778,5,460.41,389.24,35.37,86.59,1,1,1
778,10,950.94,325.47,150.00,389.62,1,1,1
778,11,487.94,363.83,139.72,302.13,1,1,1
778,13,1125.83,404.80,40.22,145.02,1,1,1
778,14,992.20,370.75,21.17,81.89,1,1,1
778,17,351.56,383.11,59.56,153.33,1,1,1
778,18,698.93,397.33,107.49,259.89,1,1,1
778,19,377.52,368.99,119.38,303.88,1,1,1
778,20,613.53,354.71,105.29,308.24,1,1,1
778,28,531.50,378.59,32.11,102.14,1,1,1
778,30,356.88,382.57,28.44,90.83,1,1,1
778,35,340.44,384.93,26.84,72.79,1,1,1
778,36,323.53,392.65,23.90,65.44,1,1,1
778,40,291.94,389.72,29.17,82.78,1,1,1
778,41,260.00,389.17,41.11,85.56,1,1,1
778,43,141.39,401.67,46.67,106.94,1,1,1
778,45,268.01,431.28,25.39,29.27,1,1,1
778,56,177.21,394.42,33.49,111.63,1,1,1
779,5,443.34,390.46,36.59,86.59,1,1,1
779,10,936.43,324.81,150.39,394.57,1,1,1
779,11,464.41,363.56,143.22,305.93,1,1,1
779,13,1110.22,403.56,43.56,148.44,1,1,1
779,14,975.23,370.95,22.02,88.07,1,1,1
779,17,332.20,384.39,63.90,155.12,1,1,1
779,18,687.06,400.00,103.53,260.59,1,1,1
779,19,356.57,369.70,122.22,305.05,1,1,1
779,20,597.42,354.19,103.87,311.61,1,1,1
779,28,518.05,378.05,28.78,116.10,1,1,1
779,30,336.59,382.44,28.29,91.22,1,1,1
779,35,321.08,385.41,27.03,71.35,1,1,1
779,36,305.95,393.51,23.24,65.41,1,1,1
779,40,272.75,392.42,28.65,80.34,1,1,1
779,41,239.61,389.61,40.17,85.11,1,1,1
779,43,120.22,400.28,45.51,109.83,1,1,1
779,45,251.48,428.23,21.03,30.44,1,1,1
779,56,158.24,394.12,32.94,112.94,1,1,1
780,5,422.61,391.68,34.15,86.59,1,1,1
780,10,922.48,327.91,150.39,393.02,1,1,1
780,11,448.31,367.80,140.68,305.08,1,1,1
780,13,1092.68,404.88,47.80,146.83,1,1,1
780,14,959.06,372.15,24.16,84.90,1,1,1
780,17,311.26,386.75,60.26,154.97,1,1,1
780,18,666.45,401.94,109.03,262.58,1,1,1
780,19,334.11,371.32,130.23,311.63,1,1,1
780,20,580.62,353.49,103.10,320.93,1,1,1
780,28,490.45,380.45,37.27,110.91,1,1,1
780,30,317.73,385.45,27.73,92.73,1,1,1
780,35,300.51,389.80,22.45,69.90,1,1,1
780,36,285.20,394.39,21.94,65.82,1,1,1
780,40,252.51,395.37,26.64,78.76,1,1,1
780,41,218.15,392.28,39.38,84.17,1,1,1
780,43,95.04,403.21,50.73,111.37,1,1,1
780,45,229.45,434.18,20.91,28.91,1,1,1
780,56,134.76,396.79,33.16,112.83,1,1,1
781,5,398.22,396.56,37.80,82.93,1,1,1
781,10,902.33,331.78,152.71,395.35,1,1,1
781,11,427.74,370.97,138.06,304.52,1,1,1
781,13,1074.84,404.52,49.03,149.03,1,1,1
781,14,943.11,372.89,23.56,89.33,1,1,1
781,17,290.00,391.18,60.00,152.35,1,1,1
781,18,647.10,403.23,114.19,265.16,1,1,1
781,19,315.74,371.30,117.59,315.74,1,1,1
781,20,560.00,355.29,111.76,321.18,1,1,1
781,28,470.45,381.38,38.87,127.13,1,1,1
781,30,293.85,386.59,31.84,98.32,1,1,1
781,35,279.90,390.95,22.61,70.35,1,1,1
781,36,263.32,396.98,22.11,64.82,1,1,1
781,40,229.17,395.83,29.51,77.43,1,1,1
781,41,194.79,394.44,38.54,83.33,1,1,1
781,43,68.40,404.51,50.00,111.11,1,1,1
781,45,203.95,433.79,23.91,29.64,1,1,1
781,56,110.67,400.00,31.56,112.44,1,1,1
782,5,382.37,394.12,34.15,85.37,1,1,1
782,10,884.50,334.11,152.71,394.57,1,1,1
782,11,407.06,372.94,136.47,307.65,1,1,1
782,13,1056.83,404.06,47.97,154.24,1,1,1
782,14,924.79,374.09,29.53,105.85,1,1,1
782,17,267.38,391.49,60.28,157.45,1,1,1
782,18,633.90,405.08,111.86,266.95,1,1,1
782,19,293.22,373.73,120.34,319.49,1,1,1
782,20,542.37,354.24,116.95,324.58,1,1,1
782,28,457.33,382.22,31.56,107.11,1,1,1
782,30,273.33,388.44,34.22,97.33,1,1,1
782,35,256.13,389.59,24.54,74.35,1,1,1
782,36,241.26,395.91,21.93,68.03,1,1,1
782,40,207.06,393.31,29.37,85.13,1,1,1
782,41,173.61,394.05,37.92,85.50,1,1,1
782,43,46.10,406.32,50.19,109.29,1,1,1
782,45,181.40,434.88,24.10,31.71,1,1,1
782,56,88.89,397.33,31.11,116.00,1,1,1
783,5,359.20,396.56,34.15,91.46,1,1,1
783,10,868.22,338.76,149.61,393.80,1,1,1
783,11,382.95,375.97,144.19,311.63,1,1,1
783,13,1040.59,405.29,47.06,149.41,1,1,1
783,14,909.72,372.87,25.51,95.95,1,1,1
783,17,247.06,395.29,58.82,154.12,1,1,1
783,18,613.95,405.43,116.28,271.32,1,1,1
783,19,268.64,377.12,129.66,315.25,1,1,1
783,20,522.88,353.39,113.56,329.66,1,1,1
783,28,439.68,385.02,31.17,103.64,1,1,1
783,30,253.04,389.47,27.94,78.54,1,1,1
783,35,233.97,393.30,28.71,73.21,1,1,1
783,36,220.10,400.00,22.01,66.99,1,1,1
783,40,181.52,395.38,30.36,79.87,1,1,1
783,41,149.50,394.72,39.60,84.82,1,1,1
783,43,23.10,408.58,51.49,112.54,1,1,1
783,56,61.02,397.46,36.44,118.64,1,1,1
784,5,334.80,396.56,40.24,96.34,1,1,1
784,10,854.26,341.86,145.74,394.57,1,1,1
784,11,365.12,378.29,140.31,308.53,1,1,1
784,13,1024.12,404.12,45.29,148.24,1,1,1
784,14,892.62,373.49,23.15,89.93,1,1,1
784,17,224.39,395.61,63.90,157.07,1,1,1
784,18,600.59,407.65,115.88,272.35,1,1,1
784,19,249.15,383.05,129.66,319.49,1,1,1
784,20,510.97,354.19,107.10,334.19,1,1,1
784,28,417.56,385.37,31.71,118.05,1,1,1
784,30,231.19,390.21,29.05,79.51,1,1,1
784,35,207.38,390.57,34.02,77.46,1,1,1
784,36,196.72,400.41,22.13,66.39,1,1,1
784,40,160.37,397.52,28.79,80.19,1,1,1
784,41,125.08,397.21,42.41,85.76,1,1,1
784,43,0.62,408.05,50.46,113.62,1,1,1
784,56,41.29,401.94,32.90,118.06,1,1,1
785,5,316.51,397.78,37.80,92.68,1,1,1
785,10,841.09,343.41,135.66,393.80,1,1,1
785,11,345.37,380.56,142.59,312.04,1,1,1
785,13,1005.67,406.48,46.15,138.87,1,1,1
785,14,875.77,375.77,22.56,91.09,1,1,1
785,17,204.88,396.59,53.17,158.05,1,1,1
785,18,583.72,406.98,120.16,276.74,1,1,1
785,19,228.89,385.56,130.00,315.56,1,1,1
785,20,493.22,355.93,112.71,335.59,1,1,1
785,28,396.98,386.24,33.89,108.72,1,1,1
785,30,210.07,389.93,27.52,84.56,1,1,1
785,35,188.71,392.74,27.42,72.58,1,1,1
785,36,171.37,399.60,28.23,65.73,1,1,1
785,40,138.41,400.00,31.10,79.88,1,1,1
785,41,103.05,398.17,39.63,84.76,1,1,1
785,43,0.00,409.45,24.70,110.98,1,1,1
785,56,16.29,405.10,35.37,115.85,1,1,1
786,5,298.22,396.56,36.59,93.90,1,1,1
786,10,829.46,348.06,127.91,386.82,1,1,1
786,11,326.95,381.56,139.72,309.93,1,1,1
786,13,988.29,405.37,47.80,142.93,1,1,1
786,14,856.85,373.35,24.11,90.10,1,1,1
786,17,184.39,395.61,62.44,159.02,1,1,1
786,18,568.39,405.81,120.65,279.35,1,1,1
786,19,207.74,384.52,134.84,321.94,1,1,1
786,20,476.59,354.63,112.20,338.05,1,1,1
786,28,378.05,386.34,33.66,115.61,1,1,1
786,30,186.34,389.76,32.68,86.34,1,1,1
786,35,168.16,393.72,26.91,72.65,1,1,1
786,36,152.02,400.00,22.87,66.37,1,1,1
786,40,118.59,398.88,28.25,81.04,1,1,1
786,41,79.55,397.03,42.75,86.62,1,1,1
786,56,0.00,406.00,31.50,116.75,1,1,1
787,5,280.62,396.12,35.66,81.40,1,1,1
787,10,814.84,349.03,127.74,389.03,1,1,1
787,11,308.47,379.66,139.83,315.25,1,1,1
787,12,852.23,374.49,23.89,76.52,1,1,1
787,13,973.68,405.26,45.75,136.44,1,1,1
787,14,841.87,374.38,19.69,76.48,1,1,1
787,17,162.79,394.57,64.34,160.47,1,1,1
787,18,557.65,405.29,118.82,281.76,1,1,1
787,19,184.85,384.85,132.32,322.22,1,1,1
787,20,462.79,351.94,110.08,342.64,1,1,1
787,28,358.67,385.61,33.95,109.96,1,1,1
787,30,168.63,389.30,29.52,78.23,1,1,1
787,35,147.15,389.64,30.05,76.17,1,1,1
787,36,129.53,398.96,26.94,69.95,1,1,1
787,40,97.41,399.48,27.98,80.83,1,1,1
787,41,58.03,394.82,42.49,89.64,1,1,1
787,56,0.91,417.27,7.27,106.36,1,1,1
788,5,260.41,396.56,35.37,84.15,1,1,1
788,10,807.80,349.65,122.70,390.07,1,1,1
788,11,291.53,377.12,139.83,319.49,1,1,1
788,12,836.24,381.21,24.16,71.81,1,1,1
788,13,958.05,403.69,46.31,135.23,1,1,1
788,14,826.26,381.09,28.15,71.85,1,1,1
788,17,145.88,392.94,62.94,160.59,1,1,1
788,18,545.45,403.74,117.11,284.49,1,1,1
788,19,164.34,382.17,145.74,324.81,1,1,1
788,20,444.12,351.76,118.24,344.71,1,1,1
788,30,151.18,388.82,30.59,80.59,1,1,1
788,35,129.12,392.31,28.57,76.37,1,1,1
788,36,110.99,399.45,25.27,69.78,1,1,1
788,40,75.50,399.50,30.00,81.50,1,1,1
788,41,39.00,395.00,42.00,89.50,1,1,1
789,5,242.12,395.34,36.59,87.80,1,1,1
789,10,800.85,350.85,119.49,384.75,1,1,1
789,11,277.97,374.58,138.98,326.27,1,1,1
789,12,822.88,381.92,22.51,83.03,1,1,1
789,13,945.39,401.85,47.60,140.96,1,1,1
789,14,812.81,382.17,22.84,83.01,1,1,1
789,17,125.58,390.70,68.22,157.36,1,1,1
789,18,532.90,401.94,120.00,289.68,1,1,1
789,19,147.46,378.81,146.61,332.20,1,1,1
789,20,432.56,349.61,119.38,346.51,1,1,1
789,30,132.56,389.92,30.23,74.42,1,1,1
789,35,108.43,390.45,31.46,75.28,1,1,1
789,36,92.13,397.19,24.72,68.54,1,1,1
789,40,52.34,397.45,35.32,81.28,1,1,1
789,41,19.15,393.19,40.85,90.64,1,1,1
790,5,227.49,394.12,36.59,86.59,1,1,1
790,10,790.07,349.65,119.86,387.23,1,1,1
790,11,258.91,371.32,141.09,325.58,1,1,1
790,12,810.70,380.81,17.71,71.96,1,1,1
790,13,933.95,400.74,47.60,141.70,1,1,1
790,14,800.32,380.70,20.89,71.99,1,1,1
790,17,106.20,389.15,73.64,164.34,1,1,1
790,18,522.70,402.13,118.44,289.36,1,1,1
790,19,137.37,376.77,141.41,333.33,1,1,1
790,20,417.02,346.81,121.28,352.48,1,1,1
790,30,112.30,387.70,31.55,80.75,1,1,1
790,35,90.67,391.11,28.44,75.11,1,1,1
790,36,73.78,396.00,24.89,69.33,1,1,1
790,40,38.59,394.30,29.87,81.54,1,1,1
790,41,1.33,394.22,40.44,88.00,1,1,1
791,5,215.29,392.90,32.93,81.71,1,1,1
791,10,776.74,346.51,127.13,388.37,1,1,1
791,11,245.76,369.49,138.98,318.64,1,1,1
791,12,795.20,384.13,18.82,64.58,1,1,1
791,13,921.77,398.15,46.49,140.96,1,1,1
791,14,787.07,384.06,15.24,64.67,1,1,1
791,17,90.32,387.74,67.74,161.29,1,1,1
791,18,511.23,401.07,121.93,289.84,1,1,1
791,19,115.25,371.19,150.85,337.29,1,1,1
791,20,408.47,346.61,120.34,353.39,1,1,1
791,30,96.13,385.81,31.61,87.10,1,1,1
791,35,74.22,384.00,27.11,83.56,1,1,1
791,36,56.44,393.33,23.56,72.44,1,1,1
791,40,20.89,395.11,30.67,81.78,1,1,1
791,41,0.89,392.00,24.00,89.78,1,1,1
792,5,192.12,391.68,40.24,80.49,1,1,1
792,10,767.06,346.47,128.24,381.18,1,1,1
792,11,233.90,366.10,139.83,318.64,1,1,1
792,12,782.59,372.06,18.62,67.21,1,1,1
792,13,912.15,397.17,43.72,136.84,1,1,1
792,14,775.84,372.48,17.65,66.81,1,1,1
792,17,74.12,384.71,66.47,144.12,1,1,1
792,18,502.67,400.00,125.13,290.37,1,1,1
792,19,103.39,369.49,149.15,331.36,1,1,1
792,20,395.76,343.22,126.27,362.71,1,1,1
792,30,81.18,384.12,32.94,93.53,1,1,1
792,35,58.96,390.09,26.89,72.64,1,1,1
792,36,40.57,393.40,25.00,72.64,1,1,1
792,40,3.77,391.51,33.96,85.38,1,1,1
792,41,0.00,393.87,12.26,70.28,1,1,1
793,5,176.27,391.68,37.80,90.24,1,1,1
793,10,751.94,342.64,136.43,378.29,1,1,1
793,11,215.25,364.41,142.37,318.64,1,1,1
793,12,768.05,372.93,23.68,80.08,1,1,1
793,13,897.95,395.89,47.26,141.10,1,1,1
793,14,762.18,372.65,22.01,80.34,1,1,1
793,17,56.15,383.96,78.61,164.71,1,1,1
793,18,489.41,400.00,130.59,292.94,1,1,1
793,19,89.90,366.67,150.51,333.33,1,1,1
793,20,382.95,342.64,129.46,365.12,1,1,1
793,30,61.50,382.89,29.95,81.82,1,1,1
793,35,40.11,386.10,28.88,81.28,1,1,1
793,36,22.46,393.58,25.67,69.52,1,1,1
793,40,0.74,396.30,20.00,79.26,1,1,1
794,5,161.63,392.90,39.02,79.27,1,1,1
794,10,741.86,342.64,138.76,375.97,1,1,1
794,11,203.03,362.63,140.40,323.23,1,1,1
794,12,756.00,375.11,20.44,76.89,1,1,1
794,13,886.22,394.22,51.11,142.22,1,1,1
794,14,750.25,374.62,19.04,77.41,1,1,1
794,17,40.00,381.76,74.71,162.35,1,1,1
794,18,482.95,400.78,131.01,300.78,1,1,1
794,19,69.49,364.41,155.93,333.90,1,1,1
794,20,374.71,343.53,128.82,368.82,1,1,1
794,30,45.19,382.96,31.85,79.26,1,1,1
794,35,25.93,385.19,27.41,75.56,1,1,1
794,36,2.96,391.11,30.37,69.63,1,1,1
795,5,156.76,388.02,28.05,91.46,1,1,1
795,10,729.63,339.81,148.15,381.48,1,1,1
795,11,190.68,361.02,138.98,325.42,1,1,1
795,12,744.13,374.09,22.67,78.54,1,1,1
795,13,876.92,393.12,42.51,143.32,1,1,1
795,14,738.24,374.16,21.64,78.78,1,1,1
795,17,20.65,383.87,76.13,163.87,1,1,1
795,18,474.58,400.00,131.36,302.54,1,1,1
795,19,57.41,363.89,155.56,335.19,1,1,1
795,20,364.52,341.29,125.81,374.84,1,1,1
795,24,954.84,367.10,33.55,134.84,1,1,1
795,30,29.38,382.50,35.00,90.62,1,1,1
795,35,8.29,385.85,30.73,78.54,1,1,1
795,36,0.49,385.85,18.05,73.17,1,1,1
796,5,133.59,388.02,32.93,92.68,1,1,1
796,10,708.47,340.68,158.47,379.66,1,1,1
796,11,177.78,360.19,145.37,325.00,1,1,1
796,12,730.67,366.22,29.33,92.44,1,1,1
796,13,866.40,393.52,47.77,143.72,1,1,1
796,14,726.14,366.24,22.34,92.13,1,1,1
796,17,15.12,382.93,71.22,164.88,1,1,1
796,18,466.95,400.85,136.44,309.32,1,1,1
796,19,44.34,361.20,153.66,340.24,1,1,1
796,20,353.49,339.53,134.88,379.84,1,1,1
796,24,940.49,366.34,46.83,124.88,1,1,1
796,30,14.15,379.51,28.78,78.54,1,1,1
797,5,123.83,388.02,31.71,98.78,1,1,1
797,10,700.66,341.68,167.07,386.59,1,1,1
797,11,167.59,359.26,140.74,328.70,1,1,1
797,12,721.78,372.44,24.73,90.73,1,1,1
797,13,855.11,392.00,48.89,132.00,1,1,1
797,14,719.77,372.48,25.19,88.37,1,1,1
797,17,0.53,381.28,65.78,167.91,1,1,1
797,18,463.57,400.78,134.88,313.18,1,1,1
797,19,37.37,361.62,151.52,336.36,1,1,1
797,20,346.51,341.09,131.01,380.62,1,1,1
797,24,936.90,365.78,35.83,121.39,1,1,1
797,30,2.14,378.07,33.16,90.37,1,1,1
798,5,114.07,388.02,34.15,96.34,1,1,1
798,10,690.90,342.90,168.29,386.59,1,1,1
798,11,155.32,360.99,140.43,331.21,1,1,1
798,12,712.89,369.78,25.99,77.41,1,1,1
798,13,850.42,392.48,41.50,137.60,1,1,1
798,14,708.99,370.11,20.22,77.30,1,1,1
798,17,0.00,383.52,64.84,165.93,1,1,1
798,18,462.71,400.85,133.05,316.10,1,1,1
798,19,16.74,362.53,159.21,342.11,1,1,1
798,20,340.50,340.50,133.88,387.60,1,1,1
798,24,928.41,365.91,44.89,147.16,1,1,1
798,30,0.00,376.82,22.75,88.84,1,1,1
799,5,106.76,388.02,29.27,98.78,1,1,1
799,10,685.11,345.39,169.50,384.40,1,1,1
799,11,139.83,364.41,153.39,327.97,1,1,1
799,12,705.26,375.30,26.61,83.13,1,1,1
799,13,842.51,392.31,44.94,132.39,1,1,1
799,14,701.15,374.83,27.02,83.37,1,1,1
799,17,0.89,384.82,50.00,163.39,1,1,1
799,18,463.72,401.77,133.63,320.35,1,1,1
799,19,15.07,364.85,150.00,336.59,1,1,1
799,20,332.15,342.90,140.24,390.24,1,1,1
799,24,918.71,375.48,43.87,120.65,1,1,1
